index,text,iso-639-3,original-corpus
0,"[...] Sé jou-tala, ou sé di nou ka tonbé bien ba, an manniè tjoupoutet. Lot jou an ti-fi koki zié an tibolonm, atjelman sé an boug ki asazinen madanm li avan I pann kò’y. Madanm la té lé chanjé lavi, i té bizwen yonn dé bo. Boug-la pa konprann i pa pran sa, i bay dé bal.
Ildèvè ki fini sòti lot péyi, tou abazoudi. Misié fini rantré pou dapré’y pasé an ti laritret trankil lecha, épi i ka tann tou sa. I jik mandé mwen es sé pa dan an péyi lotbò éti boug ka fè sa yo anvi épi fanm i té ké yé. Man di misié :
- Sé bien <...> ou yé !
Sé pa <...> la ou té kité a ni pasé trantan. An tan-tala té ni plis respé menm si boug té ka pran koutla-yo tou. Jòdijou Fanm pa ka rété pran kou ankò, sa fini ! Kou pa soup !
Misié di-mwen :
- Man ka viré pati, man té konprann ki sé la man té yé a ki té cho, mé isiya ankò pi danjéré !
Man pa té tro sav sa pou té réponn, man di’y konsa :
- Ga sa, si ou pa dakò épi vakabonajri-tala, sanmdi bonmaten désann douvan Lakatédral!
Zot sav ni boug ki pa djè enmen palé pou ayen, tann sa yonn di :
- Sé pa dot ki lo gaz lafimen sé avion « la patrouille de France » la ki simen an kochoni anlè tet-nou. An plis di sa, lafimen an té blé blan rouj, sa sé mové sin !
Vréman, vréman, ni boug ki enmen palé pou ayen !
Man tann anlot di :
- Pou tout lo bordel-tala sispann, fo nou alé an swasannkatoz la lamenn !
I poko té fini di sa, anlot koupé pawol li ek i di :
- Mé wi, sé pas zot lé chanjé ki fè tousa ka rivé nou !
Palapenn man di zot, sé té an swasanntrèzis ki vréyé fion-tala !
Antouléka, Niko la, i ka gadé jan isi débat kon dé mal krab dan an menm tou. I pa konnet kréyol mé i asiré ki « dé mal krab pa pou rété dan an menm tou ». Asirépapétet le 17 ek le 24 janvié lanné prochenn, nou ké sav ki manniè krab-la ka dékalé a. Sé la nou ké sav asou ki sa nou ka tonbé oben chwézi : 73 oben 74 !
Bel poveb kréyol 74
« Si ou lé ni rézon douvan lakras, fok ou benyen tou lé jou »",gcf,fineweb2
1,"[...]
An non pèp fransé-a,
Gouvèlman fransé-a ka konssidéré ki lestravay sé an koutba kont dignité moun. Ika konsidéré ki, lè ou ka détwi tout posibilité moun té pou ni di gouvèné kòy limenm, ou ka dè dé bagay disparèt. Sé dé bagay-tala pa dòtki, baz natirel limanité menm sa ou ni dwa ni, épi sa yo andwa ba’w.
I ka konsidéré ki, yo ka anvyolé manman-chous Larépiblik, kivédi Liberté, Ègalité, Fratènitè.
I ka konsidéré ki, si yonn dé dispozisyon pa té ka vini lamenm déyè règ konduit poklamasyon abolisyon-an, an brigandaj san manman té ké mèt adan sé koloni-an.
Gouvèlman fransé mété dékré-tala doubout :
Priméy pwen
Lestravay kay aboli, nèt, adan tout koloni, tout mòso tè ki ta Lafrans, dé mwaapré laplikasyon lwa-tala adoptéé. Adan yo shak-la, di jou lapalikasyon dékré-a koumansé fè shimen’y, adan koloni, tout kalté chatiman éti moun
ka ba moun kou, tout kalité lavan éti moun ka vann moun, sa pa pou fèt pyès ankò ; sa entèdi.
Dézyèm pwen
Tafè oblijé moun Sénégal angajé kòy pandan antan, ki i lé, ki i da lé sa bout.
Twazyèm pwen
Sé sé gouvènè-a obencé kaomisè jénéral Larépiblik-la, ki ké ni pou asiré libèté pèp Matinik, pèp Gwadloup épi pèp lilet lantou’y, pèp Lagiyan, pèp Sénégal, pèp tout dòt bò lakòt west lafrik éti Lafrans établi dòy, pèp mayòt, pèp lilet ki lantou’y èk pèp Laljèri.
Katyèm pwen
Sa ki té esklav épi ki sé ni kondanasyon ki ka mété nonm pli ba ki nonm, oben ki sé ni penn korèksyonèl pou dé bagay an nonm lib pa té ké ni tousa lapenn pou fè, lalwa ka éfasé sé kondanasyon-tala. Tout dépòté ki té ka sibi mizi gouvèlman té pwan kont yo, té rantré kay yo.
Sentyèm pwen
Lasanblé National ké réglé chak pa déonmajman kolon sé ni pou touché.
Sizyèm pwen
Sé koloni nou an ki pa ni esklav ankò, épi tè nou ni Lézend, ké ni délégasyon yo Lasanblé Nasyonal.
Sétyèm pwen
Tèg jénéral la ki ka di « dépi ou pozé pyé an Frans si ou esklav, ou lib » ka aplithé kòy adan koloni fransé menm mannyè ki asou lézòt tè Larépiblik fransé ni.
Yuityèm pwen
Pou jòdi kon pou dèmen, menm andidan an péyi étranjé, an fransé pa ni pou ni esklav, i pa ni pou genyen
esklav, i pa ni pou vann esklav. I pa ni non pli pou mté kòy an pyès mannyè, ni mannyè dirèk, ni endirèk non dan pyès kalté modèltrafik konsa. Tout moun ki ké permèt kòy dérespèkèté sé dispozisyon-tala kay pèd tout dwa kriyé yo fransé ankò. Si, magré sa, an fransé sé ni wè épi sé entèsisyon-tala, an moma éti laplikasyon dékré-a sòti, léta ka ba’y twa zan pou mété kòy an naks. Sa ki sé vini ni esklav létranjé, swa sé an léritaj, swa yo sé ba yo’y, swa mariyaj yo sé fè yo ni yo, anba menm penn-an, yo ké ni pou rann esklav-la lib, oben, rifizé léritaj-tala adam menm délé-a, di jou yo apwann yo ké mèt esklav.
Névyèm pwen
Minis Lamarin, Minis Lékolini, Minis Ladjès, yo chak, an travail yo ki ta yo, yo ni pou fè dékré-tala fè chimen’y pou i réyalisé pou bon.
Dékré-tala fèt Pari dan konsèy gouvèlman li 27 avril 1848.
Moun-tala fèt Pari dan konsèy govèlman pwovizwa-a.
Victor Schoelcher [...].",gcf,fineweb2
2,"Man pé palé di Jean Bernabé an manniè ki lib davwè, okontrè di sa anlo moun ka kwè, sé pa li ki wouvè chimen létid lang kréyol la ba mwen. Moun-lan ki fè sa-a sé misié Guy Hazaël-Massieux, an langis gwadloupéyen estwòdinè, ki té ka fè an montray anlè kréyol atè linivèsité Aix-en-Provence éti man té étidian okoumansman sé lanné 1970 la. Man té koumansé matjé yonn-dé teks an kréyol, yonn-dé poem, ki man té ké pibliyé titak pli ta anlè tit Jou baré (1979) men ki man té ka difizé an manniè ronéotipé. Man montré G. Hazaël-Massieux sa ek i ba mwen anpil ankonfowtasion abo i pa té djè dakò épi kalté grafi-a man té ka sèvi nan lépok-tala. Epi an kanmarad guiyànè, ki té ka fè létid penti, José Legrand, man désidé difizé tou yonn-dé teks kréyol kon ta Gilbert Gratiant oben Marie-Thérèse Lung-Fou davwè man té ka touvé ki yo té two red pou trapé. Man ka chonjé man té ékri an gran-nonm Guiyàn, misié Lony, pou té mandé’y voyé ba mwen dènié ekzanplè Atipa, primié woman an kréyol ki Alfred Parépou té mété déwò an 1885 ek ki té disparet bon disparet. Jik la-Bibliyotek Nasional Pari, ou pa té pé jwenn li : fich liv-la té la men liv-la li-menm té pwan lavol. Jou-a man risivwè patjé rikoumandé-a ki té ni an ekzanplè orijinal Atipa-a adan’y lan, man kouri pòté’y La-Fak ba G. Hazaël-Massieux ek nou tou lé dé-a, nou rété estébékwé douvan sé paj liv-tala ki tout moun té ka chaché a, paj ki té vini jòn, ki té pres fennen, men éti ou té ka érisi li sé let-la toujou. Lamenm, man ronéotipé sé dé primié dékatman -an pou voyé yo ba kréyolis man té tann palé di yo ek sé kon sa man voyé an ekzanplè ba Jean Bernabé ki té ka ansénié adan « Sant Inivèsitè Fouyol », atè <...>.
Sé kon sa nou antriprann koresponn épi kourilet (pis an tan-tala, faks épi kouriel pòkò té lanmod), nou koumansé konnet kò-nou ek aprésié kò-nou. Tout tan man rété Aix-en-Provence, man ékri Bernabé ek Bernabé ékri mwen san ki janmen nou té kontré, san ki man té konnet koulè fidji’y ni koulè lavwa’y davwè jounal, radio ek télé pòkò té ka palé di nou. Dayè, i pibliyé an poem ta mwen (épi désen José Legrand) adan primié limowo rèvi Espace Créole. Telman nou pa té konnet kò-nou bien, Bernabé fè an lérè : i matjé ki man té étidian…Montpellier. Konmva man té ka fè étid Sians Politik ek anglé, man pa té konnet an tjou-patat adan zafè langistik ek sé misié Guy Hazaël-Massieux primié, adan montray-li ki man suiv 3 lanné yonn dèyè lot, ki espitjé mwen sa sa yé an « fonem », sa sa yé « la double articulation » oben ankò sa sa lé di « diglosi ». Lè man fè tan rantré <...>, pa koté 1976, man vini ka ansénié anglé adan an lékol sigondè ek man pa sav poutji men man pa pwan kontak lamenm épi Jean Bernabé. Man té endépandantis kou-koupé ek man koumansé milité adan Grif An Tè, primié jounal anni ki an kréyol ki paret atè lé Zantiy. Nou fè 52 limowo ant 1978 ek 1982. Kanmarad-mwen sé té dé militan kréyolis kon Serge Harpin, Marie-Denise Léotin, Georges-Henri Léotin oben Franck Zaïre, sé pa té dé langis pies toubannman. Sé kanmarad-tala pa té ni pies liennay épi moun ki té ka travay asou kréyol anlè kanpis Chelchè a menm si yo té ka rikonnet ki Bernabé ek sé kanmarad-li a té ka fè an travay ki sérié. Lè ou gadé, nou té ka touvé ki sé moun-tala té tibwen two fèmen adan lasians, ki yo pa té ka mennen travay-yo sifizanman andidan pep-la. Ba nou, sé pep-la ki té met-a-manyok lang kréyol-la ek sé bò’y, falé nou té alé pou té rivé trapé bon grenn kréyol-la. Sa vré ki larel-lidé nou té titak maois nan lépok-tala davwa nou té ka di fok pa « ba pep-la lapawol » men fok « sé pep-la ki pwan lapawol ». Ek sé anni ki adan lang-li, lang natif-natal li, fok i té fè’y, pa adan ta kolonizatè fwansé a. Man pa kwè man mété pié plis ki kat oben 5 fwa anlè kanpis Chelchè a ant 1979 ek 1982. Man pa kwè man palé plis ki sa épi Jean Bernabé ki man té ka jwenn délè adan dé konsit Débat ; asou kréyol. Liennay-nou té obidjoul men nou pa té ni pies pwojé woulé ansanm. Nou té ka konsivwè ki travay-la i té ka fè a adan linivèsité-a ek tala man té ka fè atravè Grif An Tè a té konplémantè men ki nou pa té bizwen maché bwaré a tout fos. -tala 
Sa ki konyen lespri-mwen plis lè man fè tan jwenn épi Jean Bernabé, sé modesti nonm-lan. Pou an boug ki té agréjé gramè ek doktè an langistik, an boug ki té jenn pasé sé lézot koleg-li a, man té ka touvé ki i pa té ka fè konparézon, i pa té ka fè ganm. Okoumansman, man jis pwan atitid-tala pou an atitid timid. I pa janmen chaché mété Grif An Tè anba lopsion’y abo i pa té dakò anlè larel-lidé nou ek i jis fè pwop jounal kréyol-li, Kabouya. Nou menm, nou adopté sistenm grafi a i té pwopozé a menm si nou té sav nou té ké ni bon difikilté pou vann jounal-nou an davwè, an tan-tala, moun pòkò té abitié épi grafi fonétik la. Kidonk sé lè Grif An Tè mò, lè lanné 1983 pwan ki, an mizi an mizi, man koumansé rapwoché kò-mwen di GEREC, krey-wouchach anlè kréyol Bernabé té kréyé a dépi lè Fakilté dé Let la té <...>. Man vini konnet Robert Fontes, Donald Colat-Jolivière ek Danick Zandronis ki sé dé Gwadloupéyen, Jean-Luc Bonniol ek Robert Damoiseau ki sé dé fwansé, ek, titak pli ta, Clairis-Gautier, Yona Jérome ek Marie-José Saint-Louis ki sé dé Matinitjez. Man té koumansé ka milité adan défans laliwonday <...> adan an krey-moun yo ka kriyé ASSAUPAMAR éti met-a-manyok li té Garcin Malsa, ki mè endépandantis Sentàn jòdi jou. Kivédi man té an militan politik toujou ek man té ka wè goumen an favè lang kréyol la kon an mòso adan gran goumen jénéral la nou té ka mennen an pou érisi kaskod épi lopsionnay fwansé a. Adan menm balan-an, man kontinié piblié liv an kréyol kontel Jik dèyè do Bondié (1981), Bitako-a (1985) oben Kod Yanm (1986) alè pwa kò-mwen, san mandé pèsonn pies kalté model pal. Pou montré a ki pwen, Bernabé épi mwen nou pòkò té konplis, i matjé an kritik anlè Jik dèyè do Bondié adan limowo 2 Espace Créole ki té asé red ek ki fè mwen titak lapenn. I té ka touvé ki lang kréyol-mwen an té lou ek ki man pa té ka rivé raché kréyol-la adan migan oralité a i té ka benyen adan’y lan. Lè man ka viré li kritik-tala pliziè lanné apré, man blijé konstaté ki Bernabé té ni rézon : kritik-li a té jis. Ek sa ka ba mwen lokazion révélé an dézienm kalité lakay langis matinitjé-a, an kalité ki anlo moun pa konnet oben ka rifizé konnet : Bernabé sé an boug ki pli red épi moun i konnet, épi moun i ka aprésié ki épi moun ki pa kanmarad-li. Ek redté-tala, sé pa an manniè pou’y montré ki i pli grangrek oben pli antèlijan ki pèsonn mé okontrè pou blijé moun-lan katjilé anlè kréyol an manniè ki siantifik. Twop moun nan lépok-tala, mwen primié douvan, té ka migannen twop larel-lidé épi wouchach anlè kréyol. Jean Bernabé sé an boug ki ni an ekzijans siantifik ki wo toubannman men si i pa janmen chaché séré ki, dèyè zafè kréyol la, pa ni anni ki lasians, ni an goumen idéolojik tou. Sa i té ka di sé ki fok mennen djoubak siantifik la dabò ek gadé-wè sé laspé idéyolojik la apré ek man blijé rikonnet atjèman ki i té ni rézon.Sé pa koté 1984 man antré adan krey-wouchach GEREC la ek man vini -montray adan Fakilté dé Let Chelchè a toupannan man té ka kontinié ansénié anglé adan lisé-mwen. Ek sé an fwa man antré adan’y ki man pwan konsians di an lot kalité Bernabé : fos travay-li ek lespri vizionnè’y. Si ni an moun ki fenyan, sé pa Jean Bernabé ! Okontrè di anlo inivèsité ki ka kontanté kò-yo di viv anlè an tez éti yo pasé lè yo té ni 25 an oben 30 anlè tet-yo ek ki tout lèrestan kariè-yo ka jakoté sé menm bagay-la, i té ka kontinié woulé red adan larel-wouchach li ek sé konsa i mété doubout 4 rèvi :
_ ESPACE CREOLE : an rèvi langistik pou étidié lang ek kilti kréyol la.
_ MOFWAZ : an rèvi pédagojik pou difizé bò sé enstititè-a ek sé pwofésè lékol sigondè a finaldikont sé wouchach GEREC-la.
_ TEXTES-ETUDES ET DOCUMENTS : an rèvi litérati pou katjilé anlè litérati antiyez la.
_ KABOUYA : an rèvi ki té matjé enki an kréyol pou vréyé douvan an kréyol nef, an kréyol matjé.
Mennen tou sa pres li yonn, pa té rédi chez bò tab ba Bernabé men nonm-lan té ni an lénerji ki té ka ba tout moun lafos alantou’y ek adan dis primié lanné lekzistans GEREC, nou pé di ki krey-wouchach la kraché-difé. Sé poutji, lè jounal fwansé Le Point fè an artik, an 1985, asou sé 20 jenn inivèsitè fwansé-a ki té pli briyan an, ki té ni plis divini douvan yo, enben sel inivèsitè antiyé yo ritienn sé té Jean Bernabé. Men man pòkò djè palé asou lespri vizionnè nonm-lan ek 25 lanné apré, lespri-tala ka konyen lespri-mwen plis ankò. Poutji ? Sé davwè Jean Bernabé toujou pansé ki divini a lang ek kilti kréyol la ka pasé atravè lékol-la, ki aprézan, konmva transmision nennenn lan pa ka djè fet ankò, fok sé lékol ki viré pwan sèbi-a osnon lang-lan ké disparet net-é-pwop. Sé poutji an lanné 1982, i mété doubout Linivèsité livènay kréyol anlè kanpis Chèlchè éti i sanblé met-lékol matinitjé, gwadloupéyen ek guiyanè pou ba yo an fòmasion asou langistik, litérati, antwopoloji ek listwè kréyol. Sé la dé Guiyanè kon Christiane Taubira, Emmanuella Rattier, Aline Chanol oben dé Matinitjé kon Nicole Rémion ek Marcel Lebielle trapé yonn-dé zouti ki pèmet yo ay pli douvan adan katjilasion yo. Apré étap-tala, Jean Bernabé désidé kréyé an diplom linivèsité an kréyol éti non’y sé D.U.L.C.C (Diplôme universitaires de Langues et Cultures Créoles) ki vini apré D.U.L.C.R. (Diplôme universitaire de langues et cultures régionales). Laplipa adan primié jénérasion étidian D.U.L.C.R, sé té moun ki té fè « Linivèsité livènay kréyol » kivédi dé moun ki té za ka fè lékol ; délè dé moun ki té ja ni an lisans, an métriz oben an CAPES adan an lot matiè. Sa ki té pli fèo épi diplom-tala, sé ki non selman i té ka woulé anlè sé 3 kanpis Linivèsité lé Zantiy ek la Guiyàn men Sent-Lisi ek Dominik tou. Sé primié diplom toutwonlatè Linivèsité lé Zantiy ek la Guiyàn mété doubout ek diplom-tala diré 5 lanné ek fòmé apochan 30 moun adan sé dé zil anglo-kréyolopal la. Sa ka montré ki Jean Bernabé pa té ka konsivwè kréyol-la adan an larel lonbrikè men okontrè adan an larel ki wouvè asou tout sé péyi kréyolopal la Karayib la. Ba’y, fok nou té rivé bwaré an mizi an mizi sé diféran kréyol-la pou rivé konstwi an gran lang kréyol matjé ki nou té ké sèvi dépi Ayiti pou rivé jik an Guiyàn. Mété étidian pliziè péyi kréyolopal ka travay anlè sé menm sijé-a té an prèmié balan adan direksion-tala. Apré « Linivèsité Livènay kréyol », apré « D.U.L.C.R. », Jean Bernabé désidé vansé pli douvan ankò lè zot wè sé lanné 90-la pwan : i goumen pou trapé an lisans ek an métriz kréyol. Goumen-tala té red davwè té ni anlo moun, adan linivèsité lé Zantiy ek la Guiyàn, ki pa té ka wè nésésité mété kalté diplom-tala doubout. Dé sèten adan yo té ka di ki sé étidian-an pa té ké ni pies débouché ; dot té ka di olié kréyé an diplom ba kréyol, poutji pa mété montray kréyol adan lisans Let Modèn. Bernabé pa ladjé mòdan douvan sé alvèsè-tala ek i érisi fè pwojé’y la wè jou.
Raphaël CONFIANT",gcf,fineweb2
3,"Counter Strike Source yo ka kriyéy osi CSS.
Sé on FPS (First Person Shout). Sé on swit a Counter Strike ki li mèm sé on mod a Half Life
Ou ni on ékip a téwowis' é on ékip a kont' téwowis' ka goumé avè zarm.
Fo ou rivé fè misyon la.
Swa ou téwowis é fo ou anpéché lot ékip la sové sé oatj la, ou swa fo ou ay pozé on bomb on koté prési.
Swa ou kont' téwowis' é fo ou ay sové otaj, ou swa fo ou anpéché sé téwowis' la pozé bomb a yo, é si yo rivé pozéy fo ou dézamorséy avan i pété.
Sé on jé Multijouè, ou pé jwéy anlè on serveur lokal(LAN), mè moun ka jwé sa onlo si internet.
Ni onlo kalité zarm adan, ni revolvè, snaypè, mitrayèt', grènad avéglant', etc ...Ni onlo Map diféran osi adan !
Jé la sa fun !!!
Ou ka pran on bon pyé adan !
Zôt pé jwinn' nou si tracker la : KMKPC anlè tracker la.
Si zôt bizwin info é konsèy jwinn' nou si forum an nou, adan sijé la sa : CSS anlè forum an nou
Gadé vidéo la zôt ké konprann' ki jé sa yé ... pou sa ki pa konèt ...Mèt video la an HD !!!",gcf,fineweb2
4,"Moun ki konnèt tibwen listwa a péyi Ayiti, yo pitèt gadé nyouz lannuit pasé épi yo rété ka sonjé, tankou mwen menm an mwen sonjé pannan on ti moman tan : “On trannmandtè ? Epi kisa apré ? Sé modi pòò Ayiti modi, wi !”
Men, alòs trannmandtè sé brann lanati ; fèbasité total-radikal douvan trannmandtè, sa se moun tousèl ki anrèskonsab. Lèwgadé listwa a fèbasité a Ayiti douvan tout déga natirèl – dépi dlo-monté, lafen ka fè byò si moun épi maladi jis trannmandtè sanmanman lasa – sé on listwa ki pa fèt avantyè, sé on listwa ki konpliké men chouk a listwa lasa klè kon klè ka vwè.
Sé sé èsklav la yo té pran Lafrik-Ginen ki fè péyi Ayiti an lanné 1804. Alòs lèsklavaj téka fè florès atè Etazini épi tout Lakarayib, sé èsklav la pété chenn, jété tout kolon fransé déwò pou yo kréyé on répiblik ki ta yo. Sé padavwa yo lansé onsèl wélélé pou libèté a yo, moun Ayiti rousouvwè pinisyon dèyè pinisyon dépi sa. On pinisyon ki manjé lajan a péyi la toupannan onnèksétéra lanné lè – an lanné 1825 – sé Fransé la mandé Ayisyen gangné èvè lò on lendépandans yo té ja obtyenn èvè san. On pinisyon lè Mériken mètè Ayiti anba okipasyon militè dépi 1915 jis 1934. On pinisyon èvè on mové administrasyon natif-natal gouvèlman Etazini wousoulé épi sipòté. (Dépi yonndé tan, apré yo té koumansé ba li balan sé administrasyon mériken la pran lòpsyon dékalé démokrasi-konstitisyon Ayiti la.)
Sé konsa nou rivé an sityasyon konyéla la : sé pasé dis mil (10 000) òwganizasyon ki la ka pòté mannèv ki dapré yo pou pèwmèt rédé moun Ayiti, men Ayiti sé yonn a péyi pi andalo asi latè toujou. On mòso a lajan sé òwganizasyon rédé-moun lasa ka sèvi èvè y la sé on lajan ki sòti dyèktéman an pòch a gouvèlman Etazini, on gouvèlman ki apiyé pou onpilo adan mannèv ki pòté viré anfendéfen an pòch mériken – pou on pa pi gwo pasé sa ki fèt pou dòt péyi gwo lizinaj.
Solidarité ka koulé asou Ayiti.
Mé a pa tout pwoblèm la. Adan kèsyon a solidarité oliwonlatè, i ka sanm sa onchay mannèv – ki an tan pasé, ki jòdijou – té pou ankayé nèt dépi koumansman a yo. Tini tout sé pwojé la ki ka sanm sa yo pa fèt pou sèvi ba moun Ayiti ki anmizè men pou pwofité ba moun ki ka jéré sé pwojé lasa. Pi fò pasé sa, onpliralité òwganizasyon ka sanm sa yo pri adan on lapépasité – désèrten jis adan on lavépasité – mèt doubout on lyannaj ansanm ki èvè dòt òwganizasyon, ki – sa ki pi pòtalan – èvè èstrikti piblik a sosyété la yo pou sèvi la.
Eskiz yo abityé bay - on gouvèlman kon ta Ayiti flòkò épi li pri adan wousoulman – pa ka kyenbé. Okontrè, sé on rézon anplis pou travay èvè gouvèlman la. Bik final a tout sèkou ba péyi Ayiti téké pou fòwtifiyé ki enstitisyon, ki èstrikti, ki lakonésans Ayiti.
Simenn lasa, lis a biten Ayiti bouzwen – biten kontèl djòb, nannan épi woubwazman – lonjé bip! piplis ankò. Sé prensipalman anvil-kapital la èvè oliwon a li, la tini plis moun ka rété an péyi la, la dékalté òwganizasyon kon Kwa-Wouj épi Nasyon Alyansé tini biwo a yo trannmandtè la déchèpiyé. Onlo koté – kontèl lopital prensipal la – ki téké pé sèvi pou pòté sèkou ba moun andélala, yo menm yo andélala.
Kanmenmsa, tini désèrten òwganizasyon ki la ka ba moun pal ki pal pou tanbonvré atè péyi Ayiti. Ja tini yonn – omwens – trannmandtè la pa kité anzèb. Zanmi lasanté, Partners in Health an lang anglé, sé pi gwo èstrikti ka bay swen nan sèksyon a péyi Ayiti (Mwen menm, mwen adan krèy pou déplwayman òwganizasyon lasa). Zanmi lasanté, anlyannaj èvè Ministè lasanté Ayiti, ka jéré dis (10) lopital oben klinik ki yotout olwen Pòtoprens épi ki yotout annéta. Apré bidim dékalborasyon la ki rivé la, Zanmi lasanté sé pitèt pi gwo èstrikti lasanté ki vayan toujou an tout péyi la.
Abonnè, li sé osi on vré modèl lendépandans – on modèl èvè on zing Mériken ki angajé adan mouvman a touléjou épi èvè moun Ayiti ki mèt a mannyòk. Sé pitèt dékalté brennman konsa ki néta trasé on chimen pou Ayiti nèfté pwomès a révolisyon Sendomeng la ansanm i la ka woulévé.
Fabien Marius-Hatchi sé makè a blog Lidejis, li sé on zanmi a Tlaxcala, lyannaj lantou latè tradiktè pou pliralité lang. Tradiksyon lasa pé pibliyé nenpòt dòt koté dépi sé tout artik la ki pibliyé é dépi yo ka fè konnèt non a makè la, non a moun la ki touné artik la adan ondòt lang, non a moun la ki kontrolé jan artik la touné épi non a sitwèb la ki pibliyé li dabò.",gcf,fineweb2
5,"Mas An Nou, sé Mas a neg <...>, sé Mas a moun tout koté, sé Mas a pep la. Mas An Nou, sé on Mas popilè, on Mas ka rasanblé nonm é fanm ki ni on bon lespri é ki vlé poté on kontribisyon o nivo a kilti a péyi la.
Mas An Nou, sé on mouvman a neg ki enmé tradisyon a péyi la, é ki vlé montré on lot son, on lot vibrasyon, on lot anbyans. Mas An Nou, sé osi on mouvman a mas a po, adan larel a Mas a Sen Jan.",gcf,fineweb2
6,"Messié, Dam, sé MetoBôkay ka palé ba zôt!
Dé mo kat pawol pou di, mwen kontan wè zôt.
Mové tan, sé lè i ni siklon, zoraj, la pli ki pa ka fini, twop chalè, twop van, twop frédi, twop sab.. (Pa tout an sèl kou...)
MétéoBôkay sé lé ni an palé bôkay, lokal, épi kréyol-la chak lè.. Mè tout moun pa sa li kreyol, ta mwen yan pa djè fô, é ni dé lè, i méyè en fwansé, pass kreyol-la pa ni an lo mo siantifik, fok mété an lo mo kreyol youn dèyè lôt, pou di an sèl mo siantifik fwansé, sa ka fè'w pèd tan...
Alô MétéoBôkay, ka palé ba'w an lè Twitè (isiya too, ou la ka li mwen...) épi ti tak fwansé, ti tak anglé, ti tak kreyol, konsa, ki manniè i yé, zôt pé komprann... ti tak.
MétéoBokay pa rèd pou li (sof jodi-a si zôt pa sa li kreyol...) Man pa biswen izé an lo mo kompliké pou di zôt kon sa : 'Siklon va vini an do'w, finmin kô'w kay ou'
Mé sa ka rivé ke man ka voyé zôt li an bagay, pli détayé an lè Internet. Ki y an anglé, ki y an fwansé, ni an lo chif matjé, an lo mo siantifik.. Mèmm si ni koulè pou i pli fasil, ni moun ki ka lité pou komprann, pass yo lé sav pa yo memm...
Mé si ou sèlmen lé sav si ou an danjé, ki ou komprann, ki ou pa komprann sa ki matjé kon fos van, fos lanmè, chimin, sa pa an pwoblem.
Dépi ou ka suiv sa sé ofisiel la ka di, ou pé sav li a tan, sové kô'w, sové zafè'w, alô i bon.
Sa té MétéoBokay pou sa ki sa li kreyol, mèmm lè i mal matjé... Ou ja sav...",gcf,fineweb2
7,"Dèpi lendi, an monté ba zòt on blòg ww otila an pé fè plis biten èvè-y kon pa èkzanp voyé vidéo, mizik asi-y. Non a-y 'Gwakafwika Révolisyon'. Aprédavwa an sibi pwoblèm èvè sé mésyé, plis ki janmen nou an tan a Révolisyon!
[...]
Kanmarad, asi CCN moun pé woupwan bokantaj a pawòl-maké! Mèt a mannyòk-la (webmaster) fè on bèl travay!
15 òktòb 1987, gouvèlman fwansé ka fè kyouyé mèt a mannyòk a révolisyon a péyi Bikina Faso, Thomas Sankara.
An ké woupwan an gwadloupéyen on pawòl a Thomas Sankara fwansé fè kyouyé on jou 15 òktòb 1987 an péyi Bikina Faso : 'Nèg mawon ki pé pa menné on révolisyon ankò pa mérité yo lévé yo di gad. Fò pa yo atann si pal a ansyen mèt a-yo pou sa. Sé lévé gawoulé pou yo pé sav woufè kò a-yo é libéré-yo!'.
Sa fwè é sè Gwadloup, sé konba a LKP, konba an-nou, konba a pèp Gwadloup!
[...]
Lò a <...> dwèt rété an péyi a-yo!
Kriz mondyal vin pété, lò-la asi marché mondyal-la monté anflèch! Lò-la monté a 200% an apenn 10 lanné. Moun maléré ki bizwen lajan oblijé ay vann lò yo tini pou yo sòti-yo dafè. Mé pwoblèm-la si on moun bizwen vann lò a-y, i pé ké rékipéré valè a lò-la menm mé valè a pwa a lò-la. Kivédi yo ké achté-y an men a-y asi valè a pwa a-y. On èkzanp, on bijou a 18 kara a 10 gram ki ni on valè a 360 éwo, si on moun ka vann li ba on awtizan, sa ké kouté-y éwo. Rézilta, pisimyé on moun vann ba on moun ki pa ka woulé an larèl a lò-la. Malérèzman, konm moun-la bizwen gannyé lajan pas zafè a-yo mélé, yo pa kay aka awtizan gwadloupéyen-la, yo kay aka sé miltinasyonal-la ki tini mwayen bay plis lajan. Rézilta menm bijou a 10 gram-la ké kouté aka sé miltinasyonal-lasa éwo. Alò pisimyé moun-la ay aka sé mésyé. Mé sa moun pa sav la, lò-la sé miltinasyonal-la ka achté an men a gwadloupéyen pa ka rété an péyi-la. Lò-la yo ka menné-y an péyi éwopéyen, yo ka fonn lò-la pou yo fè dòt bijou oben ankò yo ka mété sé lengo-la adan kòf a-yo. Lè on moun ka vann lò-la ba sé miltinsayonal-la, lò-la pa ka rété <...> mé si menm moun-lasa ka vann li ba on awtizan <...>, lò-la ka rété an péyi-la. E an pa sav si zò sav, lò-la ka sèvi sékirité adan on péyi si an ka pa ka.
Si zò bizwen santi on losyon ki tini on lòdè 'nozé a bonda', ay jété on zyé asi <lien-video-jean-paul-guerlain-derape>. On vidéo zò pé vwè osi aka 'Bondamanjak'.
[...]
Yè asi plaj 'Datcha' an komin Gozyé, on pwason mòdé rèd osèryé on boug pannan i té ka bengné an lanmè-la. Yo di sété ké on gwo pwason ki fè sa. Yo di sé travay a on békin. On gwo pwason ki ka fè pétèt 1, 70 a 1,80 m! Bomaten-la asi RTB, on maren-péchè di békin-lasa tini on laj é i tini pwoblèm pou touvé manjé osèryé. Alò sé pousa i ka touvé-y owa plaj-lasa pou'y pé sav manjé sa moun ka lagé an lanmè-la. Moun ka di osi, fò pa moun bengné èvè lò a-yo asi yo davwa tousa ka kléré ka fè pwason kon békin vini owa moun. Kifè alè moun oblijé mobilizé osèryé pou yo pé sav trapé békin-lasa. Chonjé pa tini lontan sé on pwason kon sa ki té blésé osèryé on ti-gason an pyé a-y.
Békin-la pé tini on longè ki pé rivé jous a 3 mèt! On pwason ki tini dan osèryé!
[...]
Pou plis kamo asi Koup Digicel Karayib-la, ay asi Boul an Karayib-la.
M'Bitako kay ba pèp <...> on rèprézantasyon, non a-y 'On ti-longan lanmou'
andidan oditoryòm-la <...>. Sa ka fèt jòdi sanmdi a Huitèd'swè. Vini vwè sa!
Annou manjé sa péyi an-nou ka fè, kon sa
nou ké mwens malad!
Bomaten-la asi RTB, Jéra adan jounal a-y té ka bay sa yo té ka di adan sanblé a LKP owa lapòs <...> yè swa. On sanblé ola Alex Bandou a LiPG (Linyon Péyizan <...>) té ka di nou ankò, ankò é ankò on fwa fò nou manjé sa péyi an-nou ka pwodui.
Poukisa? Sé padavwa lè'w ka manjé sa ka sòti a kaz a-w, santé a-w oblijé vin méyè. Ki jan nou pé konpwann, on pakèt moun an péyi-la ka mò èvè maladi kon kansè, AVC, dyabèt, kisisi, kisila?
Chonjé osi jou pétròl ké vin ra, ka nou ké fè? Davwa pri a transpò ké vin chè alò pri a machandiz ké oblijé wosé. Moun ki pa ni onlo lajan, ki jan yo ké pé fè? Mwenmenm an-mwen, pisimyé an péyé on pwodui pli chè mé ki sòti an péyi <...>!
[...]
Mèt Sarah Aristid, on fanm doubout! On avoka ka défann an péyi an-nou travayè é sé fwè-la an Karayib-la ki ka pwan bon gaz anba gyouk a léta kolonyal fwansé. On fanm doubout ki komansé dèpi kèk tan mélé zafè a sé pwofitan-la an péyi <...>. On fanm yo ka éséyé fè-y tonbé mé nou ja konnèt an péyi kolonizé, yo ja éséyé fè onlo moun tonbé mé sa yo pa sav la, tini sòlda <...> ki pé ké jen lésé kolonyalis fè madanm-lasa tonbé!
Mi an midi-la, jounalis fwansé dèyè Lachin padavwa péyi-lasa pa ka rèspèté démokrasi. Ah bon? E zòt alò? Zòt fwansé, zò ka rèspèté-y démokrasi-la? Dèpi on moun tini on lidé politik, on lidé pou fè péyi a-y sòti an kabouya yo mété-y la, zò vlé fè-y arété palé ankò!
Fò nou palé é maké kréyòl touléjou é toupatou an péyi-la!
Kanmarad, pa ni lontan nou menné PSE adan dènyé kaz a-y? Pa ni lontan toutmoun isi té ka kriyé woulo ba Patrick ki défann lang é kilti <...>? Dé simenn apré, ka'y ka pasé? On pakèt fachis ka kriyé anmwé davwa kanmarad Eli Domota voyé on démo-maké ba minis fwansé a lajistis ola i ka di fò NOU <...>, NOU ki an péyi an-nou, nou palé lang a péyi-la toupatou! Aka 'domactu' pou pa nonmé-y (davwa fò nou toujou jété on zyé aka lèlmi), yo mèt on sijé 'Parler créole au tribunal?'. Imajiné-zòt kanmarad, 114 répons asi sijé-lasa! 114 répons an di zòt, on rèkò! Aaaah, fout Eli ka fè yo chyé!
[...]
Aprémidi-la, Lapwent, an ay adan paviyon-la owa Laplas Laviktwa ola on militan an-nou té ka rann omaj ba on dòt gwan militan a péyi-la Soni Ripè (Sonny Rupaire). Sé awtis Joël Nankin èvè tablo a-y ki té ka fè nou chonjé tout travay misyé Ripè fè ba péyi a-y. Joël Nankin ka sèvi koulè é osi délè enki èvè nwè é blan. Soni Ripè té fè pawòl-fonnkè asi kyouyézon (massacre) a Mé 67. Sé èvè tablo an nwè é blan, Joël Nankin ka rakonté nou sa ki té pasé Lapwent jou 26,27,28 Mé 1967.
Moun ki an péyi-la, ka pasé an péyi-la, rann-zòt Lapwent owa Laplas Laviktwa pou zò pé sav vwayajé adan listwa èvè tablo a Joël Nankin.
[...]",gcf,fineweb2
8,"« Bobòn fwa… Twa fwa bel kont ! »
Rann sèvis ka bay mal do.
Té ni yon fwa yon pov nonm ki fè léprev-la. Sé té yon bien bon nonm : li té mayé. Zot tout konpwann déjà fanm-li pa té vo gran choy : i té mové kon gal set-an.
Bon chien pa ka janmen tonbé asou bon zo.
Poulos, pov nonm-la té bien maléré. Tou lé jou fanm-la té ka fòjé kéchoy pou rann mari-li fou. Nonm-la té lé soukré kò’y okòmansman ; mé i wè sé pa té lapenn pa té ni mwayen chanjé sa ; sé té lavé lanmen épi suiyé to atè.
Anfen, yon bon jou, soley té ka kité lorizon ; tout bet déjà ka dòmi ; lannuit té ka tonbé. Fanm-la té di mari-li :
— Mwen ka mò pou manjé zibié.
— a sé zè si, machè ? Mé ou pa ka sonjé ! Poul menm déjà kouché. Mwen ni labitid bat bwa ; janmen mwen pa ké touvé ayen.
— Mwen lé, mwen di’w, mwen lé manjé zwézo.
Mari-li réponn ankò :
— Ebien machè, yonn sé jou-la, ou ké mandé mwen lalin an koubouyon, soleil an frikasé, épi mwen ké fòsé bay ou yo alò ?
Fanm-la pa réponn, i fésé pié’y atè ; i trapé yon manch pilon, yon gwo bwa-lélé.
Pov boug-la té sav sa sa té lé di : i mété distans tousuit, i pwan lè laj épi fizi’y.
Rivé dan koté balizié i té ka fè yon tibwen nwè déjà, i gadé toupatou. Sa i té ka fè pou ritouné a kaz-li ? Fanm-la té ké bat li pou si.
I maché, i maché, i maché dan fon gran bwa. Anfen, i wè, asou yon bwanch zab, yon bel zwézo ki té ka pozé. Tout plim-li té koulè lézot fwa ou té ké jiré yo té ka kléré.
Nonm-la pa té kapon pies : i bien gadé bet-la ki té ka balansé kò-li pa si, pa la ; i tann zwézo-a chanté. I té ka chanté tou dousman :
« Dédé konnan, dédé a lépé. 
Dédé konnan, lésé mwen dòmi. »
Nonm-la wè bien sa té pa yon bet Bondié té fè ; i té gwo kon yon timanmay. Mé tank i té ni pè fanm-li, i lévé fizi’y toudmenm. Alos, zwézo-la chanté pli fò, épi vit :
« Vizé bien, vizé bien... yon glan, yon glan !
Mwen foukolé... yon glan ;
Mwen tranblé pié... yon glan ;
Mwen tini diablokwè... yon glan ! »
Nonm-la fou li ba kanmenm ; mété li dan sak-li ; épi kon i té pé, i mété zel dan pié pou li kouri lanmézon. Rivé li rivé, li montré bel zwézo-la : tout moun té bien kontan. Diné té ja paré ; té ni asou tab yon migan chou, kek volan fri, yon bon babacha ki té ka fè vini dlo adan bouch anfen, anfen... tout sot bon bagay.
Fanm-la mété tou sa dan gad-li pou dimen ; i té lé manjé anni zibié-a. Mafwè, i té asé gwo pou nouri tout fanmi-la.
Yo fè bon lasos pikant asou’y épi kek kouskouch alantou’y. Sé moun-la manjé jouk tan té ka rété anni zo épi yo alé kouché.
Mé vini wè pli bel la !
An bon mitan sonmey-yo, vant tout moun koumansé bouyi ; sé té toufé toubannman. Dan chak bouden, yo tann yon vwè té ka chanté :
« Vomi mwen, vomi mwen... yon glan !
Mwen foukolé... mwen glan
Mwen tranlé pié... yon glan !
Mwen tini diablokwè... mwen glan »
Pa bonnè, yo tout fini pa vomi tout zibié-a. Pas san sa, yo té ké santi lanmò té ké vini ; Yo tann chanté alos :
« Sanblé mwen, sanblé mwen yon glan
Mwen foukolé... yon glan
Mwen tranblé pié... yon glan
Mwen tini diablokwè... yon glan »
Papa, manman, tout yich-la té blijé ranmasé tou sa yo té ka rann. Pandan tan-a, zibié-a ka chanté toujou :
« Kolé mwen, kolé mwen…yon glan
mwen foukolé…yon glan
mwen tranblé pié…yon glan
mwen tini diablokwè, yon glan »
Sé pov moun-la fini pa jwenn tout mòso-a ansa,nm ; yo rifè zibié-a kon yo té pé. Li-menm, bet-la, té ka ranjé zel-li, janm-li ; li té présé pas jou té ké ouvè. I ka kriyé yo :
« Mété plim, mété plim... yon glan
Mwen foukolé... yon glan
Mwen tranblé pié... yon glan
Mwen tini diablokwè... yon glan »
Ki travay sa, mondié-sengnè ! Fanmi-la té ka swé. Plim-la té ka volé adan tout kaz-la, épi déwò, épi toupatou, jouk asou mòn. Yo brilé douz tjes bouji lannuit-la : tout moun té ka mò afos yo kouri ! Yo té ka chaché toujou, anmizi, pou vini kolé asou kò zwézo-a... Tout tan-a i té ka chanté, kon i té ka chanté dan bwa, tou dousman pou i wè si’y té ni kont plim-li :
« Dédé konnan, dédé a lépé
Dédé konnan, lésé mwen dòmi ! »
Li santi té ka manké’y dot plim. Alos, i présé yo, i chanté pli vit ; zié’y kléré ; jou té ka ouvè.
« Sé pa tout, sé pa touyt... yon glan
Mwen foukolé... yon glan
Mwen tranblé pié... yon glan
Mwen tini diablokwè... yon glan ! »
Sé moun-la té prêt pou mò. Pouytan, yo touvé lafos anba zié zibié-a ki té ka fè lamaniétiz asou yo. Sa fè, yo chaché épi touvé jouk dènié plim-li.
Kan zwézo-la té bien soukré kò’y épi i té wè tout plim-li té la, i chanté présé pou yo :
« Pòté mwen, pòté mwen... yon glan
Mwen foukolé... yon glan
Mwen tranblé pié... yon glan
Mwen tini diablokwè... yon glan »
Yo bien péyé goumandiz-la. Zwézo té présé yo. I té dwé rivé adan bwa avan jou ouvè ; osi, i fè sé moun-la tjwé kò-yo ; i fòsé yo pou mété li asou menm branch zab-la yo té touvé la. Kan li rivé, douvan-jou, i chanté pou yo pandan i té ka touné pas si, pa la :
« Dédé konnan, dédé a lépé
Dédé konnan, lésé mwen dòmi »
Fanmi-la pa mandé li lèrestan ; yo pati si vit, jou pa pwan yo dan bwa. Dépi sa, madanm-la kité misié tibwen lavi pas i si tala sé di’y :
« Tout pawol pa bon pou di ; tout manjé pa bon pou manjé. Sonjé, machè, kon di kont-la :
Kabrit bwè, mouton sou. »",gcf,fineweb2
9,"[...]
Pa rapôt a travay oben pou dé rézon pli pèwsonèl, ou désidé fè tèks a vou jwenn plis moun.
Pou pwofésyonèl, tradiksyon ka pèrmèt janbé bayè é miltipliyé posibilité a vou pas i ka wouvè dé mawché ki avan sa té fèmé, é i ka èspozé travay a-vou ba dé moun ki pé jwenn pratik a-w. Tradiksyon sé osi on sign ka di ou wouvè, otan pou konmès ki pou politik jénéral a lantoupriz-la.
Pèwsonèlman, tini enpé rézon pou itilizé tradisyon: fè moun dékouvè travay é pasyon a-vou pli lwen ki fwontyè a péyi a-w, souprann doudou a-vou si i fèt adan on dôt péyi, é pou konpwann on liv ou on tèks ki ékri adan on lang ki pa ta-w.
Kèlkèswa rézon ki fè ou bizwen on tradiksyon, bik an mwen sé vansé èvè vou pou pésa réyalizé objèktif a-w.",gcf,fineweb2
10,"[...]
Pa ni an mwa, nou té ka vréyé bon labou, pas Jennkarlos té vini <...>, pou té sa wè fanatik-li. Ében kou-tala, i pa vini Fòdfrans, i monté pa dan Linò. Lémami pé ké ni lapenn fè kar pou désann an vil. Kou-tala, ou sé di sa ki enmen misié pli chansé, pas biyé-a titak mwen chè, (i a 35 éro selman, avan sété 50 éro).
Simenn pasé sé té Jounen Entènasional Kréyol, é kon chak jou, man ka aprann an bagay nouvo. Man té ja tann dépi lontan, ki kréyol sé pa té an lang. Andidan Antilla, man wè an gran mè an komin ki lianné épi Lasoufriyè Sent-Lisi, ki pran bon fè épi Toma, té ka pousuiv jounal-la. An menm balan-an, man aprann ki adan komin Sentàn, sé té épi kréyol yo té ka bokanté épi sé lézot péyi-a. Yo jik mété atè épi Gwadloup, an Fédérasion Kolektivité Kréyolopal andidan Lakarayib (FCCC) pou bokanté épi Karayib-la.
Man aprann, menm manniè té ni « fransé-bannann » éti moun ka fè kawo, atjelman i ni « kréyol ponm-tè ». Tout moun ka fè fot, ka fè sa yo lé, ka ékri’y an gou-yo, ka palé’y gro gra épi épé, pèsonn pa ka di ayen, yo pa ka fè lafet épi sa. Akondi Janklod Diverjé : « Lè ou piti, fout ou ka pran fè ». Lè ou sé an piti lang, an piti pep, an ti-zizin nasion ek an ti-gigin kilti : fout ou ka pran fè !
Chak bètafé ka kléré pou nam-li, an patjé parti politik ka fè sa yo pé pou yo douvan-douvan. Anni gadé Dominik (sé pa péyi-a ki an fas Gran-Riviè a, mé tala ki té prèmié minis-la) ében, i ka vini sé tan prochen andidan an lékol pou i palé di an liv asou Sézè. Tousa fè ki magré Marni lajòl dépi pasé karantan, i pres ped tout tet-li. Sé bien pou sa yo vréyé’y Kolson. Sé pa li selman ka di Matinik ka pati pa tet ek ka planté létjet. Ni moun ka di :
- Ni lontan i ja tjou-pou-tet !
Bel poveb kréyol 127
Ou sé di pou Ayiti, Toma pa ka distrè : « Pli ou déchiré, pli chien ralé’w » épi : « Sé lè’w déchiré ou ka jwenn belmè’w ».",gcf,fineweb2
11,"Shabine Glindor Miss Docterous Girl, yiw, 2012 ou sav sé ten nou, pani ayin ké séparé nou, yinki love a dan kè en nou, mwen é vou... Yeah! Listen that.

Lanné la sa sé ké ten nou, lanmou é lajan sé ké ten nou, vie la two cout pou nou pren tèt en nou, en ka espéré kè nou ké toujou en tenn nou, ké toujou la pou baw lanmou, foss é courage pé ké san vou, pa vé fè vie en mwen san vou, Miss Docterous Girl paskè en love vou...

2012 ou sé, Miss en mwen, Do-Do-Docterous en mwen, pani ayin ké pé changé sa, love en nou sé ké kon sa, a si vie en nou, nou ka fè consta, yinki hater'z ki ka hate sa... Yeah! vou mèm ou sav sa...

Toujou baw lanmou san modération, voyé en flèche a si kè aw, en vé ni clé la pou ouvè kè aw, en vé ètr jardinié pou arrosé flè aw, en vé fè peinti pou mèt coulè en vie aw é ètre en abeille pou pé butiné flè aw, baw en ké toujou la, en ké toujou la, baby en ké toujou la...

Ou sé officiel en mwen, en sé ciel aw, 2012 en vé ètr officiel aw, Doctè, Do-Doctè Do-Doctè a kè aw, en vé baw lanmou, matin midi é swa, ètre présent tou lé jou, baw lanmou tou lé jou, tou tou lé jou...

Ou sé officiel en mwen, en sé ciel aw, 2012 en vé ètre officiel aw, en vé ètre présent au quotidien, Baw lanmou èvè soutien, toujou pou ou pé sentiw bien, gadé sentimen aw, é di mwen, si, i, réciprok a ten mwen...",gcf,fineweb2
12,"[...]
MÉ KA KI FĒ YO ÉGRI KON SA, NON ?
Mé ka ki égri nou kon sa ? Lot jou-la, an alé owa Baron Hayot de Destreland fè on maché adan yonn sé iperpapasirfas a’y-la, istwa dèdi maché, padavwa Elkapé pa ni pon déboulé an vil sé jou-lasa. An té li, on doktè té ka di kon sa, moun ki pa enmé maché, mété ténis é ay maché an gran magazen, monté é désann, pa pran eskalatò, maché. An menm tan, an té ka chaché dé-twa liv é yonn-dé zouti pou travay an mwen. An rantré adan on papa gran libréri, on koté sofistiké é modèn kon o Chanzélizé, andidan-la an jous bliyé an té o péyi... Kifè, lè-aza fè an vin tonbé si on madanm an té konnet, ki ka travay andidan-la. Sé té madanm a on vié zanmi an mwen, mé yo ja kaskod. An konpranndèdi, i ké kontan vwè mwen kanmenm, apré kek lanné ki pasé, é i ké fè’y on plézi mandé mwen ki jan an yé. Mé avwala, sé apenn si fi-la di mwen plis bonjou ki sa. I pa mandé mwen ni ki nouvel, ni si an pran on rid oben an ped on chivé. Poutan i konnet mwen bien, é lontan nou pa té vwè. Té ni on ti laké moun ka atann, kivlédi pou on vandez, pétet sé pou sa i té konstipé, oben yo ka rifizé’y akor Bino-la, iz it ?
On moman apré an achté é fin péyé, an sòti, an maché ti-niak (sé sa an té vin fè, maché !), é an rivé douvan on nouvo boutik a makintoch ki sòti wouvè. An rantré-gadé, padavwa ni telman magazen a òwdinatè-pésé a viris, mé boutik a makintoch, sa fout telman ra, sa ra kon on Mersédes an pawking a kanpis Fouyol, oben dévédé a Pitè Toch a Téhéran ! Apenn an té mété pié an magazen-la, on manmzel a figi souriyan, ki té sizé la ka travay, suiv mwen dézyé, épi on souri sipèw klas ! An té jous jenné. Apré an fè on ti lantou é an jété on zié si dènié pitit a fanmi nonbrez a sé dènié model iPod-la, an vin owa kontwa a’y, é an koumansé palé di si é di sa. An di’y dé mo an anglé, istwa dèdi frimé é mété an kontak. Li-menm, i fè on ti éfò pou réponn mwen an anglé, jantiman é natirelman, san fè ahak chichi ! Mé an suiv i té ni on aksan pangnol, alòs-poudonk an mété an wout an pangnol.
Jenn fanm-la pa té konnet mwen 'pies', kon Matiniken ka di. Sé té on Kibèn, kifè tou natirelman nou touvé nou ka palé di Kiba, di kilti, di siklòn, di mové tan é chalè, di sitiasion a sé Kiben-la, di mannyè moun-la ka viv anba-la, eksétéra é ensidèsuit. On ti kozé entérésan é chaléré, ayen di grivwa, mé dousin klas é respé ! Mwen enki santi tout ti pangnol an té aprann lékol, ek tou sa sa an té glanné adwat-agoch, tou sa rantré annaks, é bel fraz pangnol té ka sòti an bouch an mwen kon dlo riviè, nawflaw. Sé kon sa Manmzel-la rivé di mwen i mayé épi on boug Frans... An fè H-h’mm... On boug i jwenn kotésit menm, ja ni dizan d’sa... Konm i té si janti janti-janti, alòs-poudonk, an mandéy si’y ni frè é sè. I di mwen i ni dé sè.
Yo Kiba. Pli gran-la doktè. Mé lé-frè Kastro pa ka lésé yo sòti. Dépi yo ni kek konpétans, péyi-la bizwen yo. Enfirmiez é doktores, sé rété la, mayé épi moun déwò si yo vlé, mé awa, pa chapé pou alé pon koté. A pa kon isidan, enfiwmiez pé chapé ay travay a Chatel-Pouyak ouben a Pètkiou-lé-Fandgas. An bref, ti dis-onz minit pawol-la sa fè mwen oubliyé bef-la ki té trété mwen par lè mépri-la an gran libréri-la, foup.
Mé pouki moun déwò pli janti évé nou ki nou menm ? Mèwd-alòw, sapristi, tonnè-di-dié, bann bouket a gel a kochon, fanm kon nonm ka travay an magazen, é dé serten chofè taksi osi, chè ! Mé kaki fè yo égri kon sa, en, di mwen ti gout ? Ay, Caramba ¡que te lo digo !..
Jean S. Sahaï",gcf,fineweb2
13,"[...]
Manman, ou pi réel ki pagna, Manman, sé vou ka ben mwen foss la, Manman, sé vou ki poté 9 mois, sé vou ka ben mwen foss, Foss la, Manman, ou pi réel ki pagna, Manman, sé vou ka ben mwen foss la, Manman, sé vou ki poté 9 mois, Manman, Manman...

Dèpi tou piti, ou fè possible aw pou en rivé, en maison a bondié, rève ka réalisé, alzheimer pou 2012 ké réalisé, yiw, objectif en mwen ja vizé, en sé en moun ki inmé tofé, ki prèt a tout pou y triomphé, mèm si parfois érrè ka trompé, a si manman ou ké pé compté...

Manman, ou pi réel ki pagna, Manman, sé vou ka ben mwen foss la, Manman, sé vou ki poté 9 mois, sé vou ka ben mwen foss, Foss la...

Shabine Glindor Miss Docterous Girl, yiw, 2012 ou sav sé ten nou, pani ayin ké séparé nou, yinki love a dan kè en nou, mwen é vou... Yeah! Listen that...

Lanné la sa sé ké ten nou, lanmou é lajan sé ké ten nou, vie la two cout pou nou pren tèt en nou, en ka espéré kè nou ké toujou en tenn nou, ké toujou la pou baw lanmou, foss é courage pé ké san vou, pa vé fè vie en mwen san vou, Miss Docterous Girl paskè en love vou...

2012 ou sé, Miss en mwen, Do-Do-Docterous en mwen, pani ayin ké pé changé sa, love en nou sé ké kon sa, a si vie en nou, nou ka fè consta, yinki hater'z ki ka hate sa, Yeah, vou mèm ou sav sa

Toujou baw lanmou san modération, voyé en flèche a si kè aw, en vé ni clé la pou ouvè kè aw, en vé ètr jardinié pou arrosé flè aw, en vé fè peinti pou mèt coulè en vie aw é ètre en abeille pou pé butiné flè aw, baw en ké toujou la, en ké toujou la, baby en ké toujou la

Ou sé officiel en mwen, en sé ciel aw, 2012 en vé ètr officiel aw, Doctè, Do-Doctè Do-Doctè a kè aw, en vé baw lanmou, matin midi é swa, ètre présent tou lé jou, baw lanmou tou lé jou, tou tou lé jou

Ou sé officiel en mwen, en sé ciel aw, 2012 en vé ètre officiel aw, en vé ètre présent au quotidien, Baw lanmou èvè soutien, toujou pou ou pé sentiw bien, gadé sentimen aw, é di mwen, si, i, réciprok a ten mwen",gcf,fineweb2
14,"Sé dépi lanné 2.000 an asosiyasion Chinwa l’Afrik di Sid té ka goumen pou sa obtienn estati « Neg ». Lè yo wè yo pa ka obtienn satisfaksion, yo mété gouvelman péyi a douvan tribinal ek sé jou-tala, yo fini pa genyen. Sa pé paret tibwen dwol ki Chinwa mandé ki yo klasé yo kon « Neg », men fok sav ki adan nouvo réjim sid-afritjen an, tala ki suiv réjim l’Aparted la, 3 katégori moun obtienn mizi espésial pou fè yo vansé andidan sosiété-a : « Neg ». Métis (milat, chaben, bata-zendien, bata-chinwa kisasayésa…) . Zendien Sa ki sé mizi espésial tala ? Sé mizi ki ka pèmet, kontel, sé moun-tala achté « aksion » adan gwo sosiété a an pri ki pli ba ki pri marché-a. Sé ankò posibilité yo ni di trapé bon pos adan ki ladministrasion ki gwo sosiété. Dot mizi ankò ka prévwè ki yich-yo pé antré linivèsité san péyé menm wotè lajan ki Blan. Politik-tala, sé sa Méritjen ka kriyé « affirmative action » ek sé « Fwansé-a « discrimination positive ». Enben, ayen pa té prévwè ba sé Chinwa l’Afrik di Sid la. Fok sav ki magré yo pa anpil moun (10.000 asou an popilasion 47 million), Chinwa rivé an péyi-a dépi lanné 1670 pou sèvi travayè ba sé kolon olandé a (sa yo ka kriyé « les Boers »). Kon nou sav, primié Niopen (= éwopéyen) ki kolonizé l’Afrik di Sid, sé Olandé. Anglé débatjé titak pli ta.
An dézienm konvwa Chinwa rivé nan finisman 19è siek-la, lè zot vwè yo dékouvè lò an Afrik di Sid. Yo té vini pou fè minè. Dépi avan sistenm l’Aparted la, sé Chinwa té ja ka sibi diskriminasion ek an tan l’Aparted, sistenm rasis la té klasé yo kon « métis ». An tan–tala, an métis pa té ni menm dwa ki Blan, i pa té pé manjé adan menm restoran, monté adan menm lotobis, voyé yich-li adan menm lékol ki Blan. Mé sé vré tou ki métis té ka pwan mwens fè ki Neg. Lè zot wè l’Aparted kalpaté ek Mandela pwan pouvwè-a, nouvo réjim-la enki bliyé sé Chinwa-a net-é-pwop. Sé Chinwa-a ritouvé kò-yo san pies pozision adan nouvo sosiété-a. Yo pa té klasé ni « métis » ni « Chinwa » ni « Blan » ek bagay-tala té ka pozé yo anpil poblem. Soutou yo pa té pé bénéfisié an pies kalté manniè di sé mizi espésial la gouvelman-an té mété déwò pou pèmet Neg, métis ek Zendien ratrapé nivo rékolonmik sé Blan-an.
Atjelman, apré jijman-an ki sòti paret la, Chinwa klasé « Neg » kon yo té mandé a. Sé pétet prenmié fwa adan listwa an krey-moun ki pa ni lapo nwè ek chivé grennen ka mandé pou yo mété yo adan katégori « Neg ». Bagay-tala ka démontré nou tou ki zafè klasé moun silon ras, sé an fouti kouyonnad ! An tan a l’Aparted, annou chonjé ki sé Blan-a té ka klasé sé Japoné-a kon... « Blanc d’honneur ».
Ek poutji ? Davwa Japon sé 2è mapipi rékolonmik asou latè ek réjim l’Aparted la té blijé établi liannaj èvè’y. Antouka, atè lakay-nou, o Zantiy, lontan « Chinwa sé Neg » ! Ki Matinik ki Trinidad ki Janmayik, Chinwa ka viv ekzaktiman kon Neg dépi etsétéra tan.",gcf,fineweb2
15,"Yeah !! Brasco (Brasco)

Hey gué ca, tala sé pou tou lé pagna ka poté an mannèv’ an ghetto la, ….pa joué …. Han hAn!
En soti gwada, la où sé boug an mwen pa lass’ volé
Ou sav’ kay ka méné sé bling bling é cash moné
Ghetto la ka viv’ si RMI évè lajan a dwog’ la
Panni tan joué football pou touché salè a Drogba (Ooooh!!)
En ka komprand’ lé pagna, létat ka mèt’ yo cadna
Nou ka détaind’ si soleil la tèt’ an nou cho cho kon magma
Nou tout’ détè l’espri la boyz in the hood
Ni cètain ka poté mannèv en ka ba yo an foss’ pou la hood
Ghé-guétto la rèd’ ball ka pété pou lé billé
Dé fo gangstè plin feeling mé douvan fizi yo ka bé-bégueillé
A base de scie, de canon, ou de six coup
Ki lèss ou préféré paskè lé twa ka léssé twou
Pa inkiétéw dé pannam’, an ni dé infomaté
Fè an maji pou nou fè la pè, fo mwen fou’w a tè
Cigare o bec a la ricky ross kon boss la
Brasco, an vrai solda armé kon Bosniac’

En panni temps a pèd’, en vinn’ fè sous an scrèd
Sé Gwada an soti, Gwada-Gwada an Soti (Hey !!!)
Lavi la rèd, lari la ka pren’w en trait’
Sé Gwada an soti, Gwada-Gwada an Soti (Hey !!!)

Entre pannam é Gwada lari la ka pren’w an trait’
Nou pa l’abri dè prend pèrpèt’, ni dè prend’ an ball an tèt’
Alow ki jan sa ka fèt ké la moitié a pagna an mwen la jaule ?
Ou péké viv’ lontan si’w ka doué lajan
Kartié la léssé mwen, kelk’ sékèl’
En grandi évè dé badman é dé pawo mèg’ kon zéping’ (Timal !!)
Tchoun’ an mwen saale, sé hardcore ki ni
Jipe a sé fannm la ka lévé kon pot’ a Lamborghini (Négeu !!!)
Fuck lé malpalan, Fuck-Fuck lé Charlatant
Sois disan yo ni péta’ mé nou sav’ ké sé dé balles a blan
9-7 yoooonn, sé la an Soti
Sé la an bizwen constui’, a foss’ tréné an lari la kon zodi
Gwada bèl’, mé Gwada ka souffè kon tout’ pays
Sysèm’ la ka abbat’ nou, é leuro la ka kwè’y tou permis
En sé ti boug raizet, Lacroix, é Morthenol
En Vinn reprézanté si’w ka pensé ké Hip Hop la mô

Rien a fout’ an débarké an fwanss kon chivé adan on soupe
En vinn’ fè sou, Néttoyé kaka zoreille a zot paskè zo soud’
En ka ba zot an bél’ tchounn’, pété tchou pou lé jaloux
yo ké finn’ pa fèmé fèss a yo a pwal ou a jounou
Arrété di bétiz, fè fèmé guèlaw a clé
En ka mèt fwanssè la coté, Krey-Kreyol an mwen révolté (Opé)
Opérationnèl’, en konnèt’ son la dépi tou piti
En kè an mwen sé gwadada city, en pa jin bigidi, ay conté lé victimes
Ou ja Konnèt’ (Ou ja konnèt’), En ja Pwomèt’ (En ja prowèt)
An punission, on imunission pou chak’ bollèt’ (Chak’ bollèt)
Hey Hey, Zo sav’ ké Scobra adan la place
Twop MC’s a la casse, en lo ka fè dèyè caz’

Yeah!!! Brasco , Bombattak, Siisii, Han HAn",gcf,fineweb2
16,"Jédi pasé (17/06) tout lari <...> té tou kam. An mouch pa té ka volé pas tout moun té douvan télé-yo pou yo té sa wè « Lé Blé », kidonk Létjip dè Frans.
Ni an machann pwason ki rivé a ped vwa’y afos kriyé. Mari’y té sòti miklon épi an kanno volan. I ped vwa’y afos i kriyé :
- Volé blé, volé blé!
Yo fini pa ba “Lé Blé” an bèl volé. Meksik pa fè sik i matjé dé bi ki fè an jwè ped tet-li.
Asiparé an boug ki ni fanmi’y isi té ké anrajé telman i té ké di antrénè a an mo anlè manman’y.
Domének pa ka konprann kréyol mé i té asiré, sé pa an belbonjou misié té di’y, pas i rivé tann fout…
Es i di’y foutbol ?
Es i di’y fouté’y la... pasians?
Pèsonn pa djè sav, mé sa ki asiré sé pa an bon bagay i di’y.
Domének mandé misié pa antré lamitan, i bay biyé palapenn-li.
Apré poudjol-tala sa frédi sé boug-la anlè téren-an.
Es sé pa sa ki fè sé boug-la jwé kon dé blé ?
Ni sipòtè ki vréyé bon flanm. Kouté sa yonn di :
- Sé blé-a pa sa chouté an sitron dan ladésant !
- Sé blé-a sé dé pié-niklé !
Mé adan tousa ni an sipòtè ki té konnet sé jwè-a kondisiré i té fè-yo. Mi sa i mété kò’y ka rakonté.
« Anelka di Abi, fè-mwen avrè bò Evra an Toulalan. Misié pa té sav sa sa yé, mé i té konnet ta Malou éti i té ka glisé yonndé ti-kout ren.
Lè Piè-Jiniak tann sa, i té anvi ri mé i pa té sa ri kon Anri. Li Ribé, ri plen bouden’y toupandan anlo sipòtè Lafrans wè sé mésié pa té an sa pies toubannman lanné-tala.
Ni yonn ki di :
Ga yo, yo ja tou las, yo ké éliminé dépi prèmié tour. Galas ki té anlè téren-an ek ki ni labitid ba Abi bon dal, (sé pou sa i ka kriyé’y Abidal) kité an meksiken chapé anlè’y pou matjé dézièm bi-a.
Pou lakoup dimond-tala « Lé Blé » jwé kon dé blé. Yo pòkò mi, yo kon dé friyapen blé !
Bel poveb kréyol 108
Ou sé di « Léblé » pati Lafrik lisid kabrit, yo déviré mouton",gcf,fineweb2
17,"Sé jou-tala pétrolet Madinina an vèdet. Sé chofè-a pété lagrev pas ni trop jennjan ki ka simen vakabonajri abò. Pa ni sékirité, ek sel bagay ki rété-yo sé rété atè pou trouvé an solision. Yo mandé wosé salè-yo, mé patron-an di sa pa posib pas lantoupriz la an kaka-kok.
Bagay la ka vini ankò pli bandé chak jou ba tout moun. Jik lanati an banbanm. Anni gadé toupatou blan épi labrim-sab.
Zafè tan blan-tala pa ka anonsé bon bagay. Sé sa Odjis di, pas asou Trinité an gro kachalo tounen vant-blan lans Granjan. Es sé pas la ni trop gran jan?
Si zot sav fè di mwen.
Odjis di tou:
– Tan blan-tala épi chalè-tala, asiré sé pou di nou pengad périod siklòn-la ka vini a!
Tousa sé pou nou paré kò-nou épi tousa ki fo pou tan siklòn.
Gy Ano né an bon jou sé li sel anpami sé 5 kanton ki pasé flap, o prèmié touw. Lèrestan sé kandida a ka djoubaké toujou ; pou yo tousa red pas moun pa ka pran dlo mousach pou let ankò.
Sele épi Klod lé préparé Lasanblé inik. Yonn lé plis lotolomi, lot la lé plis éli ; mé yo toulédé dakò pou prochen prézidan-an ni plis lajan pas sa pé ké rédi chez bò tab. Antouléka fok yo ké tonbé dakò, pas lè yo ké alé douvan Niko, la pé ké ni tjansé ni bégéyé.
Toupandan lajénes ka pran bon fè lé prézidan ka kontinié doubaké, mé es <...> ka vansé?
Ni an prézidan ki lé mandé gouvelman tousa i pé pou ni plis lotolomi. Magré pep la di i lé rété adan le 73, bien ocho dan bra Lafrans.",gcf,fineweb2
18,"an chèché ... an pas touvé ...
alò .... an ka ba zot yon' !!!
.....
Sé en boug ki vlé achté an jako ki ka palé Kréyol.
Alo misié koumansé fè yonn dé magazin zibié. Mé chak lè a, i pa ka touvé sa i vlé.
I ka jwenn jako ka palé Fwansé, ka palé Anglé, jis yonn ki ka palé Alman, mé pa ni moyen jwenn yonn ka palé Kréyol.
Boug-la désidé alé adan an denié koté yo ba-y adrès-la. Lè i rivé koté-la-sa, i ka wè an bel jako. Vini i mandé machann-la si i ka palé Kréyol.
Madanm-lan ka di-y konsa :
« Mwen pa djè sav si i ka palé Kréyol, mé si ou lévé pat dwèt-li, i ka palé Anglé ! »
Kompè-a ka lévé pat dwèt-la, é jako-a ka koumansé palé Anglé kon Radio Jamayk !
« How do you do, I love you darling... »
An lo Anglé toubonman.
Mé sé pa sa boug-mwen lé. I ka mandé machann-lan si i ka palé Kréyol.
« Mwen pa sav, mé si ou lévé pat goch-li, i ka palé Pangnol ! »
Kompè-a ka lévé pat goch-la... Anni di sé Ruben Blades ki rivé !
« Buenas noches mi amor... Me gusta bailar la salsa... Como estas amigo... »
Sa bèl toubonman, mé sé pa sa boug-mwen anvi. I dekourajé, mé avan i pati, i ka rété épi i ka mandé machann-lan :
« E si ou ka lévé sé dé pat la, sa i ka fè ? »
Jako-a rété épi i réponn : « Ou pa wè mwen kay pran an so, sakré kouyon !
...
Fout' boug-la té kouyon, dann »!!!",gcf,fineweb2
19,"Man pé ké mélanjé sa ou fè an politik épi sa’w fè an litérati, mé non’w ka rété gravé adan tet tout moun ki kont lenjistis. Nou pé ké janmen oubliyé ordonans séléra-tala ki té lé vréyé’y alé an Frans an oktob 1960 épi 3 kanmarad (Guy Dufon, Walter Guiteaud, Armand Nicolas). Kisiswa an politik épi le PC, an litérati (sirtou an téyat), yonndé mo ka kolé an chivé blan’w la, sé lonnèté, an boug nofrap, travayan ki enmen ri ek fè moun ri mé ki sé an gran travayè konbatan tou.
Jòdi-a ou ké ni non’w matjé asou an lari bò anlot gran kominis : André Alikè. An lavi’w, ou ja wè 91 almanna paret. Sa nou asiré sé ki ou pé ké ni menm desten trajik épi Alikè. Nou sé voudré ki tout jan <...> pa janmen bliyé’w. Misié Joj Movwa an mal neg ki pa janmen fè gro bri, mé ki toujou fè an gro brital travay ba <...>.
Tousa ka matjé kréyol jòdijou, lé di’w mèsi pou lapot-la ou wouvè ba yo-a. Ni dot ki lé fèmen’y, mé épi tousa ou ja ékri, ou kité’y a dimiband, pou nou osi sa pousé’y.
Tousa ki enmen litérati <...> ka rikonnet tou, sa ou fè jik tan ou té pé, ou bat o dernié san é Victor Sévère, éti ou lé fini, nou sav i ké bout. Pas «toutan solèy poko kouché ich tig pa ka dòmi san soupé».
An lari épi non’w, pa lé di nou ka jété’w an lari, pies pa. Pou nou tout <...>, sa lé di ou sé an nonm nou ka rikonnet tousa i fè. Menmsi nou sav sa ka jennen’y, nou lé di’w épi tout lanmoun nou, épi tout rekonésans nou, pa jennen kò’w. Man sav an fon tjè’w ou la ka ri pas pouw:
– « La discrétion est une charrue merveilleuse pour labourer le champ de l’efficacité avec son plein de générosité ».
Ou ni rasin ou Kaz-Pilot, menmsi nou sav flè poézi’w, frui litérati’w ka pousé ba tout jan <...>. Epi rekonésans Kiba pou Ovando, ou sé an gran nonm lakarayib é kon tout potomitan, ou mandé nou chonjé ek konnet yo, kisiswa bétjé (Aubéry), milat (Gratiant, Lemery) oben neg? (Victor Sévère, Akouré…). Konnet listwa nou pou nou fiè pou sa nou yé : <...>. Jòdi a nou pa ni asé vwa, «pawol kout fini vit» misié Joj épi an sel mo nou lé diw: Mèsi.
An bel fet pou’w épi 91 lanné’w la.",gcf,fineweb2
20,"La mwen té près fin tout lantou en mwen, en té ka sôti de salle dé fêtes la,
Bon Mangé si Table mé i pa té a gou en mwen
Épi en té ja lass avè sa, so mwen ay déyô la vwè ki jen sa yé
Neg Inmé la Zion, ou ja sav sa
Bon zèb déyè la mwen diw, avè dé movè pié bwa, mé kon en té ka di zot jist avan, paténi pou pié bwa sériè kon sa i ni dèyè Kaz
Apré sa en pa fè plis vidéo, si zôt té vlé vwè plis, zôt té ni inki ay adan
Mé ka ou vlé, a pa tout moun ki pé ay la
ou ja sav, Vou é mwen, nou sé dé moun diféren
Moun Marie Galante, Moun Gwada, Moun Panam
Réel Big Up ba sôt, Sété On Neg a L'Elysée",gcf,fineweb2
21,"[...]
Si nou mandé enpé moun : ki moun ki Brother Jimmy ? Yo ké réponn : sé on animatè télé. É sé vré, dépi bon déotwa lanné konyenla i ka prézanté émisyon latélé ki ka maché toubòlman. <...> kon lentèwnasyonal, enpé ka suiv sa i ka pwopozé dépi pasé 10 lanné adan B. World Connection. Mé fò savé osi, dabò-pou-yonn, Brother Jimmy sé on awtis reggae. Apré on bèl bout chimen i fè ansound system an Frans, i vin viv <...> an 1995 ola i kréyé Karukera Sound System adan kilès té ni awtis kon Oliver Stone, Lovy Jam, Ti Bob, Admiral T é dòt ankò. Mannèv i pòté pou fè moun konnèt mizik Jamayik la fè i vin touvé’y ka travay laradyo é aprésa latélé. Mé i pa janmé lagé reggae music. Pou konnèt plis anlè évolisyon a’y adan mizik lasa, nou bokanté pawòl avè’y.",gcf,fineweb2
22,"Léssé mwen diw jan ou té ka manké mwen
La nostalgi ja anté mwen yeah
Mé ciel la di mwen wouvinn ou pé pa pati san di nou ayin
Ou sav sé vou sèl an kouté, vou sèl ka envouté mwen é sé yo ki témoin
Si nou uni sé pou le meilleur é le pire
An pa confians adan pon lètre aimé encò 
Note aprè note nou kay konstrui on empire, bati on avenir 
Pas' mizik an nou vo pliss ki lò 

Léssé mwen diw sé inki vou ka ban mwen zèl, vou ka renn mwen zen, sé inki vou ka mwen dingue é sé an didan vèn an mwen ou ka koulé ou ka fè kè an mwen bat' lan'nwit kon la jouné

An ka viv li,
Avè vybz Viv li Juste on instru é on mik 
Viv Sé vou, Sé vou ka fè kè an mwen bat' lan'nwit kon la jouné
An ka viv li Tala sé Saïk Viv li Jiss tan an ké died 
Viv Sé vou, sé vou ka fè kè an mwen bat' lan'nwit kon la jouné 
An pé pa jan lésséw tombé, never, never 
Chawm aw ja fè mwen succombé, sa forever 
An ja voyagé, an ni limpression viv on rèv, san trève, 
Mizik an nou ka pran on dot level Inki good vybz, pa mélangé an joball 
Pou viv on good life, fow construi kon puzzle, uzzle éloignéw dè tou sa ki devil 
Komme chak jou sé on épreuve

Dèpi tou piti an ka fonsé 
Piti à piti nou ka vwè tout' pòt ka défonsé 
Bondié sèl sav énergi nou ja dépensé donk apa jodi jou nou kay rènoncé 
An ka kwè sa pati dèpi l'accoucheman Jou la an vwèw sé té on kou d'chance 
Si an diw sé prèmié fwa kè an mwen bat' an tout' sens 
Zétwal té ka kléré an zyé an mwen si an gout' san Inki good vybz lan'nwit kon la jouné Avè vybz 
Just on instru é on mik Sé vou sé vou ka fè kè an mwen bat' lan'nwit kon la jouné 
An ka viv li Tala sé Saïk 
Viv li Just tan an ké died 
Viv Sé vou, sé vou ka fè kè an mwen bat' lan'nwit kon la jouné
An nou tayé a dé loin Sé an présans aw an ka évandé mwen
Pani ayin encò ka épaté mwen
Ou sé repère an mwen lè an ka égaré mwen sé inki si vou an ka konté
Lè kè an mwen ka fan mal Lè tout' bitin pa normal,
Ou ka ban mwen moral I toujou ni soley aprè l'orage",gcf,fineweb2
23,"[...]
Janklòd (Nouvèl / 'Gran Kozé'), sé on mètamannyòk a Radyo Tanbou. A lendikatif prézan dèpi 30 lanné osi, sans a lanaliz paka manké koté ay é sa ka ba Radyo la on bèl balan!

Pwémyé rédaktè an chef a radyo la an 1982. Tino ('Pawòl 5é4' / 'Poté mannèv') kité nou pannan pwès 20 lanné pou ay sèvi Pèp la an politik. I wouvin an radyo la an 2014 pou woumét lèspéryans é konpétans ay an sévis a radyo la, pou fé péyi la vansé.

Wojé ('Gadé Pi Lwen') ka gadé pi lwen on pakèt! i an zafé ay adan émisyon ay. i pé vin on nouvélis toutosi bon mé sé pito on rapotèdson é ka fè plas ay an radyo la pou fè zòt ay dé koté zòt pa kay lè zò a lékout.

Tini on asosiyasyon 'Les amis du monde diplomatique' ki chouké on paket koté asi latè. Emisyon a Dannyèl, ('Dèmen Ké Pi Bèl') ka méné nou on pakét koté asi latè ola tini lalit. Rédé nou a konprann apa yenki Gwadloup moun ka lévé gaoulé pou sa ki ta yo.

Mariyis ('Aw-Disé') rivé an radyo la an 2015 é i ka poté mannèv pou méné dòt kon li an siyaj ay, ta on jénès konsyan é aktif. Kouté'y é bay la vwa adan émisyon ay an dirèk tou lé vandrèdi a 7tè-é-dimi-d-swa.

Radyo Tanbou toujou maché épi lis a souskripsyon davwa sé zòt ka fè si nou pé rété lib adan fonksyònman an nou. Si nou ka rivé kontinyé émèt, sé paskè san menm nou mandé zòt ka kontribiyé. Zafè a entèwnèt la ké pèwmèt moun ki lòt bò ban nou on fòs pi fasilman. Chwazi konmen zòt pé bay épi kliké anlè chwa a zòt é lésé zòt gidé. Tini 2 opsyon pou péyé, swa ou ka itilizé kont PayPal aw si ou tini yònn, sankwa ou pé itilizè kat a bank aw (Visa, MasterCard, AmEx, CB) jan ou tini Labitid fè'y. Mèsi pou fòs la!",gcf,fineweb2
24,"On lè, fanm touvé-yo las pran kou anba men a nonm. On lè, yo désidé répliké é mèt-yo ka varé nonm, ka foré nonm, ka kyouyé nonm... A kou dan !
Ès sé chans ? Ès sé paskè fanmi a Jak té ja ka vwè pi lwen ? Kèlanswa, yo woté Jak lékòl pou mété édikasyon a-y an men a Klòd, on nonm bitako ka rété Bwamalè Bouyant, toutmoun ka kriyé Klòd-LèFou.
Men Jak ni tèt a-y é Klòd pa moun a pasyans. Èskè tigason-la ké ni tan aprann tousa i ni a aprann avan i two ta ? Ayen pa senten, é lèson dèyè poko mannyé.
[...]",gcf,fineweb2
25,"Ki Amérendien, ki Afriken, ki Zendien, ki Blan, chak sé mak-moun la ki an péyi-[...] la té ni on konpòtasion diféran douvan lanmò. Sé éritaj-lasa ki fè si sosiété kréyol la rivé met si pié stratréji a’y ki ta’y pou babouké lapè a lanmò.
Gid-lasa ka dékatiyé konpòtasion, jan-fè épi jan-vwè a sosiété kréyol la douvan lanmò. An tan-lontan, véyé a moun-mò té on biten pòtalan an péyi-[...]. Sé té on moman longannaj pou mò-la kon pou sé vivan-la.
Kon ou vwè kouri-sikilè la té pasé, sé kon ou vwè vwazen vwazin té ka vini gadé ki mannev yo pé pòté ba met a mò-la. Sé boug-la té ka bradjaké yonn-dé ban pou moun pé sizé oben on ti joupa si kaz-la té two piti. Sé madanm-la té ka pwopté kaz-la, yo té ka méné bwè é manjé, kafé, wonm, bouji, tou sa ki fo pou pasé lannuit épi mò-la. Tout moun té ka kokomiyonné mò-la ; i té lavé, lenjé é pengné dapré koutim kréyol.
Si sé priyè-la té ka méné nanm a moun-mò la monté adan péyi a moun san chapo, yo té ka masonné braraj a tout kominoté-la. On véyé té on bel mòso matjoukann kréyol la moun té ka voyé kont, jé-di-mo, timtim oben kayanbouk (kisisi kisila) alé pou fè lespri a yo maché é défawouché lanmò.
Moun a lantou-la té ka pòté dapiyan-lespri ba met a mò-la, é sé ansanm ansanm yo té ka dépasé lanmò.
Mé jòdi-jou, épi larel-neftaj, véyé ka fet flip flap. Sa nou ka mandé, sé es moun-Gwadloup ké touvé nouvo mwayen aksepté lanmò pou jwi lavi pi bien san yo ped sa yo ja ni la.",gcf,fineweb2
26,"[...]
Annou voyé kreyòl douvan douvan

Simenn pasé pa koté Lanmanten kou-tala sé pa té nonm selman mé tout an pep ki té an nouvo pisin-an pou té sipòté sé najè-a Matinik-la épi ta lézot péyi karayib-la.
Sa té bel toubannman pou té sa wè jénes nou ka antréné (lè yo ba yo an kréno adan sé pisin-an). Sé vennsenk péyi an Karayib-la ki té Lanmanten. Kivédi Lamanten té entènasional. Yo tout té ka goumen red ba péyi-yo ba drapo-yo. Asou 25 péyi-a Matinik rivé Twaziem apré Gwadloup ek Lababad.
Adjilbè ki pa janmen kontan, kouté sa i di mwen:
— Man tris kanmenm !
Lè man mandéy poutji i ka di sa, mi sa i réponn mwen:
— Man wè najè Gwadloup ek Matinik rivé prèmié mé sé « La Marseillaise » yo jwé ba yo ek sé drapo blé blan wouj-la ki té ka monté an lè pou jwé ba yo lè yo té ka ba yo méday. Sé pa dé péyi alow?
Pli red-la sé ki yo té ka mété non sé jenn manmay anlè ékran télévizion-an, épi yo té ka fidjiré FRA kividé Lafrans a la plas Matinik oben Gwadloup.
Zafè drapo-a viré pozé. Yo lé ba nou an drapo épi kat sèpan, nou pa lé’y. An pati moun lé drapo wouj, ver, nwaw la mé dot di sé drapo Malsa, yo pa lé’y.
Ann atandan kom nou poko sav, yo ba nou drapo fransé-a é tout moun dakò, pèsonn pa ka wouspété. Sa tris kanmenm ki ti-matinitjé pé pa fièw di drapo-yo kon ti-barbadien oben ti-trinidadien.
Lanné-tala ka bay swasanndizan nou départèman fransé. Akondi Mémé ki limenm prézanté lwa-a lasanblé nasional, es nou pas « entièrement à part » kidonk dé diri san triyé oben titiri san paran?
Afarel menm di nou adan an ratiè, mé es nou rat oben krab? Pas sé krab yo ka pran an ratiè [...] !
Si zot sav fè di mwen!",gcf,fineweb2
27,"Tini déserten moun, yo toujou ka chèché-touvé on plas pou yo rivé sizé la diri-la ka gonflé. Yo pa ni pon kalité òwgèy, dépi ni zo pou yo sousé, mi yo prèmyé douvan. Kèlanswa tala ka séparé manjé-la, yo toujou alantou tab-la.
Tou lésèz (ceux/ those who) i vlé dansé épi ri, dansé dansé a-yo, ri ri a-yo, mé pa oubliyé « Ri diri ou ka pléré lanti ! », kivédi sa pé yo pa sav yo ka « ri k’on kavolen pri an bwa pouri ! ». Kijan sa zòt pa konnèt « kavolen » ?",gcf,fineweb2
28,"[...]
Lè nou ka palé lendépandans ba moun ki anba gyouk a kolonyalis fwansé kon gwadloupéyen, matiniké oben giyané, yo ka réponn yo pa bizwen vin kon Ayiti. Konsidiré Ayiti té ké sèl péyi endépndan andidan Karayib-la. Nou sav ki jan listwa a Ayiti fèt é poukisa i vini kon sa. Sé moun-la ka ba-w enki mové èkzanp-la mé yo pa ka jen ba-w bon-la ; kivédi Bawbad. 30 novanm 1966 - 30 novanm 2010, kay fè 44 lanné Bawbad ka viv lendépandans a-y é an pé di zòt i ka viv li byen menm!
[...]
On siklòn ka chwazi on péyi endépandan avan i pasé?
Konm an toujou ka di, fò nou toujou jété on zyé aka lèlmi é sé kon sa aprémidi-la, an ka li adan jounal 'Fwansmanti', Gwadloup, Matnik é Giyàn pòté soukou ba on péyi endépandan apré on siklòn té pasé asi-y. Kivédi lè ou ka li jounal-lasa, yo ka di an réyalité fò pa nou vin endépandan! Sé pawòl kouyon mésyé, Sentlisi endépandan é poutan i ka wousivwè soukou a dòt péyi! Moun dwèt ka obliyé Igo an 1989! Chonjé dé mwa apré i té pasé watibwazé Gwadloup, pèp-la té ka manjé zowanj ki sòti...Domnik! Domnik, a pa on péyi endépandan? E an pa'a menm palé péyi Etazini ki té wousivwè soukou a onlo péyi asi latè apré siklòn Katrina an 2004!
Ankò on fwa, pawòl kouyon ki maké an jounal-la padavwa on siklòn pa ka chwazi on péyi avan i pasé! Ki péyi-lasa endépandan, ki péyi-lasa anba gyouk, sé watibwazé i ké watibwazé-y!
* Jounalis-lasa ki ka woulé adan 'Fwansmanti', zò tout konnèt non a-y! Sé on kalté blan-fwans ka woulé ba Lirèl!",gcf,fineweb2
29,"A pies kalté moman yo pa santi ki andidan pep-la, moun té ka rijété yo anmizi-anmizi. Moun té bon épi mes kliyantélis yo, mes mafiatè yo, mès ti-konpè yo ek si sé té anni ki pou sa ! Pep-la té bon tou épi lo pwojé-a ki pa té ka janmen bout la : 18 zòn aktivité a, lisé tranzit Victor Fouche, TCSP, Tour Lumina kisasayésa...
Sa ki pi komik adan tou lo djendjen-yo a, sé ki sé EPMN/PPM ki wouvè primié-douvan lapot ba Ladwet lè yo bwaré épi Parti réjionalis matinitjé éti Chantal MAIGNAN mété doubout la. Avan sa, yo té za aliansé épi an lot moun Ladwet, Jenny DULYS, mè Mòn-Wouj la éti mari'y kréyé an parti yo ka krité ""OSONS OSER"". Kidonk atitid EPMN/PPM toutafetman malpwop lè, apré primié lawonn éleksion-an, GRAN SANBLE bwaré épi BA PEYI-A AN CHANS. Zot aliansé épi Ladwet, mé zot pa lé GRAN SANBLE fè menm bagay-la nan lentéré pep Matinik ? Zot ka fè wol pa sav ki sa ki bon pou zwa bon pou kanna tou.
Rayisans EPMN/PPM ka paret pres tou lé jou asou yonn-dé blog malpwop, mal ékri, ki plen épi fot lòtograf ek gramè. Blog ki ka jouré ek difamé alé-pou-viré tout moun ki adan larel GSPBPAC. Sa pou yo sav sé ki ti jé-tala pé ké kontinié lontan. Lajistis ké migannen adan vakabonnajri-tala davwè pwosé an difamasion pa fet pou chien.
Kidonk tjenbon tiré !...
[...]",gcf,fineweb2
30,"An mwa mé-la ki pasé la, té ni twa kongré ki fèt adan menm péyi-la. Sé vré, an péyi Ongri, pannan kat jou (22 jis 25 mé), kenbé kongré a LiFC, laCONCACAF é laFIFA ola lig foutbòl Gwadloup voyé twa délégé. E sé kon sa Gwadloup ansanm-ansanm èvè Matnik, Giyàn, Senmawten é Sinmawtin mandé afilyasyon a-y laFIFA. LaFIFA dakò! Adan on sanblé travay ki fèt antrè sé senk péyi-la èvè laFIFA, laCONCACAF é fédérasyon foutbòl fwansé, yo étidyé an ki mannyè yo ké fè yo rantré laFIFA. Sitou, laCONCACAF kay réfòmé èstati a-y é nou pé ké ni nasyon asosyé a laCONCACAF mé nasyon manm a plen tan!",gcf,fineweb2
31,"[...]
Pè Louwa té ni on troupo bèf, enki bèl bèf. Lapen é Zanba té konpè é, sé boug ki té toujou
enmé manjé bon gèl. Alò on jou Lapen ka di :
- Konpè Zanba an vwè pè Louwa ni dé bèl bèf la, fò nou ay pwan vyann pou nou manjé.
- Ki jan nou ké fè sa ?
- Annou alé, an sé on boug ki savan, annou alé é an ké di’w ka pou’w fè.
Alò yo pati yo pwan razwa a yo, on sak o do é yo pati. Lè yo rivé Lapen di :
- Konpè mi sa pou’w fè. Wouvè fès a bèf-la é rantré adan. Zanba rantré. Lapen fè menm biten. Yo mété yo ka détayé vyann andidan a bèf-la. Lè sak a yo plen, yo pati, yo viré. Lè landèmen yo fè menm biten, twa jou apré yo fè menm biten. Katryèm jou-la domestik a misyé Louwa ka vwè mal bèf-la ka désann ; i pa ka konpwann i ka mandé’y ka bèf-la pé ni. I ay di misyé Louwa bèf a’y ka désann. Louwa di’y i pa ka konpwann ka’y pé ni.
On jou yo kalé, yo ka touvé bèf-la kouché, bèf la mò, yo ay di Louwa sa. I fè kriyé on vétérinè pou débité’y pou chaché ka i pé ni.
Lè Lapen vwè bèf-la kalé kouché pou’y mò i di Zanba :
- Konpè fès a bèf-la ka fèmé, jòdi-la nou ké pri. Ou sav sa pou’w fè, rantré an blad a kaka-la, an ka rantré adan blad a pisa-la. Konm di, konm fèt, lè yo vin débité bèf, yo fann bèf, yo pwan blad a pisa-la, yo voltijé’y i pa ni ayen adan’y. An menm moman yo voyé sa alé, Lapen di :
- Woy, zòt ka sali konplé blan an mwen èvè blad a pisa a bèf a zòt.
Mé Zanba andidan-la i pri adan blad a kaka-la. Lapen rivé, i ka di :
- Ki biten ésa ki rivé zòt la ?
Mon chè, bèf a pè Louwa té la, i té telman bèl, an touvé i désann tou bonnman, nou fann li pou vwè ka ki adan’y ?
- Zòt tro kouyon, wouvè blad a kaka-la, zòt ké vwè si’y pa té konstipé oben si a pa kèk biten ki adan’y
Yo kouté Lapen, yo ka wouvè sa, yo ka gadé, yo ka vwè konpè Zanba byen kouché adan blad a kaka-la. Lapen soté anlè :
- An té byen di zòt sa, mi sé konpè an mwen, pwan sa fouté’y lajòl.
Yo pongné Zanba, yo menné’y ba pè Louwa. Mé i ka hélé :
- I té la osi, i té la osi, i té la osi... Lapen ka réponn :
- Pa lésé’y palé, pa lésé’y palé, fèmé gèl a’y ».
Misyé Louwa di : « pa ni dòt biten pou fè’y, sé fouwé on fè cho an fès a’y. »
I fè kriyé fòjwon a’y, yo limé difé é chofé fè-la cho. Misyé Louwa di paré fè-la é a twazè
i ké vin. Lè twazè pwan misyé Louwa pwenté. I pwan fè-la i fouwé’y an fès a Zanba. Lè Zanba
santi biten cho-la, i di :
- Padon misyé Louwa a pa mwen, sé konpè Lapen.
- Sa pa zafè an mwen, sila mwen tchenbé-la sé’y ki pri.
Lapen aprézan té monté adan
pyé monben-la yo té maré Zanba-la.
Chak monben i manjé, i ka lojé grenn-la an fès a Zanba.
I ka kriyé :
- Mouch-la pa blésé bobo an mwen.
On lidé ka di’y lévé tèt a’y i ka gadé,
i ka vwè sé Lapen ka fè sa :
-Konpè sé sa’w fè mwen.
Lè k- a Zanba rivé yo lagé ’y ; i ay a kaz a’y, i pòté’y malad.
On jou konpè Lapen ka pasé pou sav la misyé yé ; i vwè madanm a Zanba :
- Bonjou konmè ; é konpè an mwen ?
- Konpè malad.
- Ka ki rivé’y ?
- I malad.
Sa rété, lè landèmen i pasé, menm biten ankò :
- E konpè ?
- Sa pa kay menm
- Di’y an présé, dèmen maten an ké vin vwè’y.
Twazyèm jou-la pasé, i fè menm biten. Alò Zanba ka di ki jan i ké fè pou pongné Lapen, é pè Louwa té di’y si i tchenbé Lapen menné’y ba’y. Zanba té ni on fi ka mayé, i envité tout konpè a’y é i envité Lapen. Lapen di dépi fi a konpè a’y ka mayé, fò’y la.
On jou sanmdi, gran nòs, tout moun a tab ka manjé. Pannan yo ka manjé, Lapen mété chèz a’y a
koté pou’y pé chapé pli vit. Lapen ka manjé pli vit ki tout moun. On konpè di :
- Konpè Zanba, manjé a’w la té bon, an té ké manjé ti-bren ankò.
-An ké ba’w.
- È’w konpè Lapen ?
- Ban mwen ti bren ankò.
Lè’w gadé Lapen manjé. Mé yo bizwen pongné Lapen, pa ni mwayen tchenbé misyé.
Alò yo rété ka founi kozé, yo pwan on sèk, pannan Lapen ka balansé sèk a’y an gèl a’y.
Zanba enki pasé dèyè do a’y, yo pongné’y yo fou’y adan on sak, yo pòté’y ba misyé Louwa. I té
tèlman kontan, alòs i di :
- Mi ! sé boug an mwen an té bizwen.
Alò i fè yo chofé on fè, menm biten ki pou Zanba. Yo menné Lapen adan pyé monben-la, yo maré’y. Pwan kòd, yo maré’y, yo maré’y, yo maré’y. Lapen rété la, i fè lespri a’y travay, i ka di ka pou’y fè. I ka vwè konpè Tig ka pasé i ka di :
- Konpè ka sa yé ?
- È’w konpè Lapen, ka’w ka fè la ?
- Mon chè konpè, vin an di’w sa.
- Ka ki rivé’w konsa konpè Lapen ?
- Mon chè konpè, ou sav byen an pa tini gran fanmiy, dan an mwen kout, ou ni pli gran dan ki mwen, ou ni an gran fanmiy, misyé Louwa di mwen i ka mété mwen la, si an touvé lè mwayen démaré mwen i ka ban mwen pli bèl bèf-la ki an troupo a’y.
- Konpè Lapen, an ké pwan bèf-la, mwen an fanmiy.
- Konpè démaré mwen é an ké maré’w.
Tig gran kouyon alé i démaré Lapen é Lapen pwan kòd i maré Tig, i maré’y, i maré’y, pli fò yo
té maré’y. Twazè rivé pou yo ba Lapen kout fè cho a’y. Olyé sé Lapen, sé Tig ki la. Lè Tig vwè
fè cho-la i kriyé :
- Padon pè Louwa, sé Lapen ki mété mwen-la.
- An pa konnèt, sila mwen tchenbé, la sé’y en ka brilé.
Yo fouré fè la an fès a Tig. I ozabwa, fès a’y chodé. Tig pòté’y malad, yo fè di Lapen Tig malad. Lapen réponn i pòkò ni tan, mé i ké vin vwè konpè a’y. Alò, sa rété, Lapen pa ka vin, sa rété Lapen pa ka vin, sa rété Lapen pa ka vin. Alò on jou, Tig fè di tout konpè a’y byen malad. I di madanm a’y, ay di tout lé konpè : - Ou sav sa ki rivé, mwen pèd mari an mwen.
Lè i rivé a ka Lapen, i di’y sa. Lapen ka di :
- Konmè, konpè Tig mò, sé vwé ?
- Wi sé vwé.
- Fò mwen vin vwè konpè pou mwen ay lantèman.< br>Lapen vin a ka Tig, i touvé tout lé konpè-la. I rété doubout dèwò-la épi parapli a’y. On ti lapli té ka tonbé, i wouvè parapli a’y. Yo di’y rantré. I di i pa ka rantré, i ni parapli a’y. I di :
- Zòt sèten Konpè mò, y byen mò.
- Mé wi konpè. Dépi on moun mò, i byen mò.
- Gouyé’y pou mwen vwè.
Yo gouyé Tig, ayen menm. Lapen woupwan :
- Zòt sèten Konpè an mwen mò, i byen mò.
- Wi, i byen mò, vin tchoké’y si’w vlé.
Mé Tig té ja mété gran hach a’y koté’y pou’y tchouyé Lapen. Mé Lapen di :
- Gouyé’y ankò pou mwen vwé.
Yo gouyé’y. Tig mò. Lapen di :
- Zòt sèten i mò ? I pòkò pété ?
Tig gran kouyon-la, i rété i pété boum. Lapen di :
- Woy, ola zòt ja janmé vwè moun mò ka pété. Lapen fouté galo, i fouté galo. An pasan a’y, Tig fouté on sèl kout hach dèyè’y, sé dépi sa Lapen rété èvè on mòso ké.
[...]",gcf,fineweb2
32,"Pa plita ki an midi a, man tann an granmoun katrèven zan ki té ka di konsa : « Manmay, jòdi jou moun ka anni konprann kréyol-la sé dékalkomanni fransé-a ki la, pa ay kwè sa !
Mwen, an tan nou té ka palé kréyol konmifoman toujou, nou té ka di’w « I ay donk wè », pou di ki moun-lan anni « mò flap. » Lè an moun té ped ta’y la, kon nou enmen di jòdi, ou té ka pito tann : « I ay fè ti-konmision’y lan », pou fè sav ki moun-tala té ded. Lè moun-lan té ay tjwé kòy, afoss lavi té ka ba’y zégrè, yo té ka di : « I ay fè an ka épi kòy », jòdi jou nou ka tann : I « suisidé ». Si sé tjè’y ki sé ladjé’y blo : « I valé bilten nésans li, oben « i valé biyé lantèman’y. » Jòdi jou nou ka tann « i désédé ». Man té ké lé nou viré trapé an ti chans pòté sé dé mo-tala adan lawonn lang kréyol-la, nou press za la ka téré a, pass manniè a nou pati laa sé pa « mort subite » ki non’y, sé pito « mort lente. »",gcf,fineweb2
33,"Chalè té ka lévé anba wob Létisia kifè manzel di i kay soukwé gwo lajè'y la o 'MANNIKOU' épi lè i rivé nan bwet-la, chalè-a té sitelman fò ki i anni bliyé i té ladjé dé yich-li ba manman'y. Disparet anni pwan Létisia pannan 4 jou, kifè manman'y, pò djab, té blijé kriyé lajandamri.
Jandam fè débriya simen foto Létisia toupatou [...] davwè yo té konpwann disparet té pwan'y. Pou-tout-bon, dépi yonndé tan, ou ka anni wè moun ka anni volkannizé toubannman ek abo [...] grandè an tet zépeng, yo pa ka rivé ritouvé yo. Dé sèten adan sé moun-tala ka soufè di maladi Alzaymè, mé ni ki sé jenn moun, jenn fanm soutou, ek pa ni pies kalté lesplikasion pou zafè disparet pwan yo a.
E-é ! Apré 4 jou, manzè Létisia, 'gwo bagay' kon David MARTIAL ka di adan chanté'y la, anni viré paret konsidiré i pa té sav lamatè'y té entjet ek té avèti lajandamri. Silon pawol-li, i té suiv an doudou'y jis Sent-Mari ek sé akay misié i té ka rété. Kidonk disparet pa té pwan'y pies toubannman !
Enben, ti manzel, ou fè zafè'w la mal davwè kannaval pres rivé ek sé wou i ké mété adjendjen !...",gcf,fineweb2
34,"Chofè an retrè, mé pa laritret.
Sé sa tout sé pasajé MOZAÏK la ka mandé. Nou aprann sé chofè-a (pa lé soutrétan) éti té an «retrè» kivédi té ralé kanno yo atè, oben ralé kò yo dèyè. Asiparé komkidiré yo pa té an grev. Menmsi pasajé pa vwayajé, yo ké péyé yo sé jou-tala. Epi ki lajan?
Es lantoupriz-la pa ka soutiré yo?
Akondi pawol-la si pa té ni soutirè pa té ké ni vòlè. Adan tout «saloptri-tala» sé sa Adjilbè tann an moun di an radio-a.
Sé vréman an saloptri, lè nou sa sav yo ka péyé chofè éti ki pa travay ek lajan yo ka kouwi toupandan lé pasajé ka trimé a pié oben ka débriyé kò yo kon yo pé.
Sa ki pli red-la, sé lè nou aprann ki yo ripran travay, san yo anboché chofè-a éti té ka jouré-a.
Es dan dé simenn sé pé ké viré koumansé?
Vréman, vréman ou sé di nou pa anvi transpò piblik maché [...]. Lè sé pa dwa de retrè, sé grev. Lè sé pa chofè ki pati laritret, sé débréyaj. Lè sé pa loto ki an pàn, sé trop vwayan ka limen.
Es yo lé débréyé transpòw-la akondi yo ka débréyé an pwéson wouj. Kidonk tiré brèy la, pou i fini bat?
Es fok an sosiété lotbò vini chayé moun pou moun pé vwayajé alez?
I ka sanm nou pa ka dè fè jan isi konfians apré tout sé vakabonajri-tala.
Pétet fok [...] ki an Frans ek ka kondui kar, viré antré ek monté an sosiété pou chayé moun, pou transpòw la maché konmifo?
Pétet a lè-tala nou ké ni omwen an sèvis minimom.
Afos ralé lastik pengad i pa viré an fidji nou!
Bel poveb kréyol 485
« Sé pli jòn an grap-la yo ka vizé ».",gcf,fineweb2
35,"Tan ka bay. Mémwè ka chonjé. Wi ! Lot jou a la ou pati a, Patwon ! Dé lanné za alé? Sa'w pé konprann? Sa nou viv ansanm toufré nan mémwè-mwen. Mwen ka tann ou ka kouri monté mach la akwèdi an moun difé pri anba plat pié'y.
Sé pa té ayen, manmay. An rita i pa té anmen rivé an rita. Twazè ! Sé té lè randévou lopéra nou asou lanng [...] a. Alawonngadé, nou chak la té ka rivé avan lè. Jwé'y plézi, dann ! Mwen ka chonjé pété ri nou té ka pété ri. Sa té bel ! Délè, mwen té ka jous bliyé sé té an tez mwen té ka mété atè asou lopsion'w. An vérité !
Tez fet, tez fini, tez soutjenn, nou pa té sispann travay ansanm. Lespri-nou té an gaway. Chak jou bondié té fè, yonn a lot té ka di lot. Ou aprann mwen lonviyé lanng-lan. Evek ou mwen aprann lanng [...] a pé ké jen sispann ba moun tjè-soté.
Mi anvwala, Patwon, ou alé ! Lanng-lan ka alé tou ! Ou pa la pou rendé nou koré'y. Nou a fè sa nou pé ! Nou a fè èek sa ou fè ou kado ! Nou la ka bat toujou.",gcf,fineweb2
36,"Pawòl-palé a moun Lésent é ta moun Déhé pa toutafètman menm. Menmjan palé a moun Matinik évè ta moun Gwadloup ni dotwa diférans. Mé si moun Lésent an Gwadloup ka konpwann sa moun Granrivyè Matinik ka di oben ka maké, nou pé di yo ka palé menm lang-la. Diférans-la pé ka apiyé asi jan yo ka pwononsé on menm mo : oswa/oswè / aswè ; jan yo ka détèrminé-y : chimen-la / chimen an ; asi vokabilè-la : timoun / tianmay ; asi déserten mannyè on fraz ka òganizé : A pa mwen / Sé pa mwen ; épi kisisi... menm asi jan yo ka maké, mé sé diférans-lasa pa janmé asé gran pou opozé yonn konpwann lòt.
Détwa prensip pou nou rèspèté si nou vlé fè on travay lèksikoloji (étidyé) oben lèksikografi (maké), èvè on menm krèy-moun. Chakmoun a krèy pou rèspèté sé prensip-lasa, pou kadré travay-la.
1 – Nou pa ka envanté mo san di-y.
2 – Nou pa ka siprimé mo nou pa konnèt, mo i pa agou an-nou, kèlanswa larézon pou lakòz.
3 - Lè nou ka tann on mo pou prèmyé fwa nou ka mandé :
a. on fraz èvè mo-la adan, pou nou ni sans-la adan fraz-la.
b. nou ka vérifyé èvè onlòt moun, i pa adan menm fanmi-la, si i konnèt mo-lasa é si i ka bay menm siyifyé-la ; èvè li osi nou ka mandé-y fè on fraz ola tini mo-la adan.
Annou pwan détwa ègzanp.
- On kanmarad on jou envanté on mo pou di magnétofòn, i pa té enmé mo fwansé-la moun té ka sèvè èvè-y la, i maké kyenbèdson. I pa té andwa fè konsidiré sé on mo i tann, i pa pou mété mo-lasa adan on lèksik san di sé-y i envanté mo-la.
- Ni moun ka di kisiswa-kinanswa lè dòt ka di kèlanswa oben kalanswa, kèlkanswa, ou pa andwa pisimyé yonn é défasé sé lézòt-la pou davwa yo pa agou a-w. Menmjan èvè padavwa/ poudavwa/ paskè épi kisisi…
- on moun ka ba-w on mo ou pa té kò janmé tann kontèl : on chopipit, èvè menm sans métaforik yo ka ba on bwadifé, a pa toutafètman on bòbò, ni on chòpyò, kanmensi a pa on kapistrèl non pli. Avan ou fè mo-la rantré adan vokabilè a lang-la ou oblijé vérifyé si tini dòt moun i konnèt mo chopipit-lasa.
Sé konsa on jou on moun ban-mwen on mo : tololo, i té toujou tann an fanmi a-y pou di tété a pen / bout a pen. I té ka sèrtifyé tololo té on mo kréyòl gwadloup. Apré an byen mandé moun alantou san janmé touvé ponmoun i té konnèt mo tololo-lasa, moun-la i té ban-mwen mo-la limenma a-y vini dékouvè sé on mo on sè a-y té ka sèvi lè yo té timoun pou palé dè bout a pen é tout fanmi-la té anni adopté mo-la kifè yotout té ka konpwanndi sa té on mo kréyòl pou toutmoun.
Tousa an ka di la ka sanm-zòt nòwmal, sé près on biten òwdinè é natirèl, mé souvantfwa, si nou pa penga, nou ka pri adan sé zatrap-lasa san menm nou sav, noumenm ka pyéjé-nou. Toujou vérifyé on mo avan ou di sé on mo kréyòl, menm lè i agou a-w.
Si mo-la ka sanm on bèl mo, si lè ou ka sèvi èvè-y toutmoun ka konpwann, alòs ou ka di ola ou tann-li, ki sans moun ka ba-y é mo-lasa ka touvé-y adopté, i pa san-papa-san-manman. Sé ka a dégèl-désann Jean Bernabé tann on jou adan on magazin ola on vyé madanm di i té vwè on pil bwèt konsèv anni dégèl-désann.
Sé menm ka pou koutkilong. On vyékò Labityé té ka sèvi èvè mo-lasa toulongalé, lè nou mandé-y ka sa vlé di, i di-nou : sé padavwa ki sa kout, ki sa long , sa ou di ou kay fè la ou kay fè-y. Nou konpwann i té tann coute que coute, i té pwan sans la, mé i té ka di an sans a-y poudavwa koutkikout ba-y pa té vlé di hak. E pou zòt, ka sa vlé di coûte que coûte ? Couette que couette ? Quel que soit la couette, mé ka sa té yé on kwèt antan-lontan, lè yo envanté esprésyon-lasa ? kèlanswa kwèt-la ! Nou pisimyé kout-kilong : ki i kout ki i long ;
Annou pwan egzanp asi on moun i vlé vwè karésòl-afriken toupatou adan lang kréyòl kontèl Pierre Anglade : Inventaire étymologique des termes créoles des caraïbes d’origine africaine. [...]
Asiré i pa jan di ganmé kréyòl sòti an lang afriken Ewé oswa Fongbé, mé I ka lésé moun konpwann sa posib. Awa !
Nou ka vwè kijan idéoloji ka kòwvyé lèspri kritik an-nou. Toutmoun sav ganmé sé fè ganm, sé fè dyèz. Sé on mo métaforik fèt asi mo ganm é dyèz an mizik. On moun ka ganmé pa sòti lajòl. Sa pa ni ahak a vwè èvè lajòl ni zafè a fòs. Alòs palapenn fè konsidiré sa té ké ni kèk lyannaj, pa chèché fòsé initil lè ou plis ki sav a pa vré.
Menmjan pou sé moun grangrèk-la i vlé vwè anni karésòl-Léwòp adan sé kréyòl-la. Yo nonplis pa si bò a-yo pa objektif, kivédi yo ka lésé kò-la alé kanmensi yo ka di yo « syantifik ».
Pou mwen i ni on mantalité bouliki, on mantalité san apriyori, an ka di nou dwètèt byen mansousyé sav si kréyòl té ké on lang sòti anni an Afrik oswa i té ké sòti anni an Léwòp. A pa sa i ni plis pòtalans pou nou. Pli pòtalan-la sé konnèt sé on lang gangann an-nou lésé ban-nou. Menmjan yè lang-lasa rédé-yo fè démonstraksyon yo té moun kon toutmoun, yo pa té zannimo kon déserten moun té vlé fè kwè ; menmjan-la, jodijou, kréyòl-la pé rédé-nou sové sa ka fè si nou sé sa nou yé, san pousa nou rèsté fèmé-klété asi sa nou yé : on lang kréyòl pou nou noumenm an-nou wouvè lawonn asi limanité. Sa pa ka opozé-nou apwann dòt lang, entérésé-nou asi travay grangrèk ka fè asi lang kréyòl an-nou la. Nou ka di-yotout granmèsi, kontinyé, nou ké triyé noumenm an-nou sa i ka rédé-nou vansé, sa i té ké pé fè-nou kyoulé.
Wabap !
Mèsi onpil.
[...]",gcf,fineweb2
37,"Gadé vidéo-a ki pli ba teks-tala ! Sa nou ka wè : dé jenn tiboug ki abò an moto ék ki ka woulé konsidiré yo té fou nan mitan tet. Dabò-pou-yonn, yo pies adan lé dé-a pa ni kas an tet-li abo lé-zotorité té fè pliziè kanpay pou mandé moun ka monté mobilet ek moto pwotéjé zékal-tet yo pou si anka yo sé fè tjek rankont. Dézienm bagay : yo an mitan an kartié lavil ek yo pa ni dwa woulé épi kalté balan-an nou ka wè asou vidéo. Twazienm bagay : yo ka rivé adan an kat-kwazé ki pa ni fé wouj, kivédi an koté ki danjéré kité danjéré ka alé, kidonk yo té dwet anmwennzi vites moto-yo a ek gadé ki adwet ki agoch. Katriyenm bagay : yo ka bité asou an loto ki ka vini asou ladwet-yo ek anbonnè pou yo, loto-tala pa té ni balan. Mé magré sa, blo-a ka fet ek sé dé ti sakaboy-la, olié yo rété la, yo ka anni pwan lanmè sèvi gran savann. Ki sa nou pé dédui di atitid-yo ? Ki moto-a pa ta yo, ki yo dwet vòlè'y.
Sa nou ka wè asou vidéo-a, sé kouyonnadri ka fet tou lé jou asou lawout ki nan bonmitan lavil oben sé komin-lan ki asou gran lawout. Ou sé di sé jenn tibray-tala pa pè mò oben ki yo ka chaché lanmò-yo. Dézienm ipotez-tala, ni an antwopolog fwansé yo ka kriyé Francis AFFERGAN ki dékatiyé'y adan an bel liv éti tit-li sé ""Anthropologie en Martinique"". I ka espitjé nou ki konmva lajénes péyi-a pa ka wè pies douvan-jou douvan'y, sel bagay i ka touvé pou fè, sé dérayé pwop kò'y ki abò loto ki abò moto. Antouléka, konpowtasion-tala ka montré nou ki ni an bidim twou ant lajénes péyi-a ek sé moun-lan ki ka mennen péyi-a (politisien, met-a-manyok lantoupriz, grangrek kisasayésa...). Plis ki an tou menm, an gouf ! Kifè nou bliyé pozé nou an keksion : koté an péyi pé ay si zot wè pa ni pies liennaj ant lajénes épi lémetjwas ?...
[...]",gcf,fineweb2
38,"[...]
Ou té kont lenjistis kifè granbonnè ou voyé-zyé si sò a maléré. Asirépapétèt, si ou chwazi fè avoka sé padavwa ou té vlé défann lépiti pli souvan ki rawman kont légwo. Adan tout lidé ou dévoplé ou chèché pwotéjé lajennès. Sé konsa, èvè dòt moun, zò kréyé prèmyé sosyété pou woumèt jennmoun ki té ka pran rèl a malmaké si bon chimen. Sé pouki plita ou pran on bon kouldan osi adan kréyasyon a Senjan Bòsko. Kondi on nèvé a-w menm ou té pawòl a moun san pawòl.
Ou té ni bon kyè, sépoulosdonk ou asèpté fè politik granbonnè pou té fè lidé a-w vansé. Ou vin konséyé jénéral Lapwent davwa sé la ou té ka rété an monman-lasa é aprésa Mònalo davwa sé la lonbrik a-w té téré. Ou vin mè <...> é dépité pasi anba. Sé sa ki fè sé vou yo voyé chèché lè pèp <...> lévé gawoulé an swasannsèt davwa on blan rasis té lagyé chyen a-y dèyè do a on vyé férè-d-soulyé tou enflim. Yo té sav byen dépité-la yo té mété la la an monman-lasa pa té dèpwa a-w é pa té néta palé ba pèp-la pou té fè-y konprann larézon. Sé yenki vou yo té ké kouté. Asiré-pa-pétèt, si a pa té vou, an zasyèt a maléré sé té ké tankoun-é-bélékwé maten, midi é swa, lè yo té ka fin travay poubon. Sé pouki ou pòté bon mannèv pou vyé travayè ki té ka rantré an rètrèt pa té rété konkonm san grenn é touché on tidèkwa pou kontinyé viv. Ou woulé osi pou avòté kon matrité trapé lasékirité.
Ou pa té moun égoyis é dapré sa nou tann si i ni on tipawòl ou pa té ka pran menm menm menm sé té sala : « chak bètafé ka kléré pou nanm a yo » ; sé pouki ou pa té pé konprann kijanfè moun toujou ka ralé dra-la yenki pou yo, byen fouben lézòt.
Toutmoun pa blijé dakò èvè pozisyon ou pran lè dotwa mandé pou <...> vin plisplis anba jouk a Lafrans men kon voumenm té ni lokazyon di ou pa té ka vwè dòt solisyon alè-lasa douvan léta a péyi-la apré lagyè é soufrans a maléré.
Ou té ka vwè lwen. Dayè ou té ka di fo nou koumansé manjé biten a péyi-la. Ou té di osi nou pé fè tout kalté ji èvè fwi a péyi-la kontèl ji tanmaren, ji sitè, ji mango, étoutkonsa. Nou ka chonjé lè ou té ka di sa an konférans, ni onlo ki té ka fouté bòs a ri konmkwa pou yo sa ou té ka rakonté la sé té blag a mas, kanmenmsi, toupré an nou menm, adan bannzil Karayib-la, té ja ni péyi ki té ja ka fè sa. Aprézan, sé fwi ki ka manké pou fè ji. É pa ni p’on dòktè séryé pé’é di-w pisimyé manjé biten a péyi-la s’ou vlé rété doubout pikan pli lontan davwa sé adan yo ou ké touvé vitanmin kon vitanmin fèt. Menmsi fo sav, nou aprann pa ni lontan yo ja pwazonné on bon mòso a tè an nou èvè on pakyèt a fliktòs.
Ou pa moun té lach é lalwa pa té ka fè-w pè kifè ou rivé séré-kaché Angéla Davis ondòt vayan vayan fanm kon-w menm lè yo té ka chèché-y é lè zafè té mélé.
Nou apranndi osi, ou té ké adan séla, ki èvè on gran mètamannyòk a kréyòl Misyé Rémi Nainsouta, rivé fè prèmyé lakadémi kréyòl « ACRA ».
Si ou fè tousa, sé davwa ou sakrifyé vi a-w pou lézòt : ou pa j’en mayé, ou pa fè timoun... Ou pa té ni tan ba vou menm men lè ou té trapé on favè, ou té ka pran plézi kouté bèl mòso bigin Manyéla Pioche té ka chanté kontèl « fo nou enmé péyi an nou » é ou té byen enmé koud.
Jòdijou, on bonpé adan séla la ki pa té sa ni vwè-w la, ni tann-vou la, pa ni ni zyé ba-w é yo jis ka nonmé non a-w toulongalè pou ba pawòl a yo pòtalans. Nou kant-an nou, nou toujou di é nou ka kontinyé di, si i ni on moun pou sa mèt adan krèy mètfédanm a péyi-la menmjan ki Solitid, menmjan ki Mariwòz é dòt ankò, sé vou Manzè Archimède.
Woulo bravo ba-w Mèt Archimède é granmèsi pou tousa ou fè pou péyi <...> !
[...]",gcf,fineweb2
39,"Dékouvè kijan réinyon an nou ka déwoulé é touvé on koté ou pé adoré Bondyé toupré kaz a-w.
Avèwtisman Koronaviris (Kovid-19) : Konnyéla, ni onpakèt koté toupatou si latè, nou pa ka réini adan Sal di Wayòm an nou, é si nou ka réini, pa ka ni onlo moun. Si ou vlé ni plis enfòwmasyon asi Labib oben asi sé Témwen a Jéova la, souplé ranpli paj-lasa Demandez une visite, ki asi sit Entèwnèt an nou, é on Témwen ka rété toupré kaz a-w ké kontakté-w.
Kijan réinyon an nou ka déwoulé ?
Nou ka réini pou adoré Bondyé dé fwa adan on simenn (Ébré 10:24, 25). Pannan sé réinyon-lasa, nou ka ègzaminé ansègnman a Labib é nou ka chèché kijan nou pé apliké-yo adan vi an nou. Tout moun pé vin.
Byen souvan, on Témwen a Jéova ki kalifyé ka envité moun ki la fè on palé asi on tèm. Chak réinyon ka komansé é ka bout èvè on kantik é on priyè.
A pa Témwen a Jéova tousèl ki ka vin an réinyon an nou. Nou kontan vwè toutmoun. Sa ki vlé ka vin, pa janmé ni lakèt.",gcf,fineweb2
40,"Nou ka goumen pou siklotwon, nou ka goumen pou Linivèsité, nou ka goumen pou Gran Pò Machandiz kisasayésa... ek mi, atjèman, sé pou an zafè konkou Miss Fwans nou ka pété ladjè anlè Entènet, anlè Fesbouk, anlè radio oben latélé. Asiparé Miss Guiyàn la jiri-a chwézi pou vini Miss Fwans la, i né atè Matinik ek paran'y matinitjé, men yo désann ay viv an Guiyàn. Lamenm, nou wè an bann Matinitjé kouyon ka kouri di oben matjé ki manzel 'matiniko-guiyanez' ek adan menm balan-an, nou wè an bann Guiyanè kouyon ka kouri di oben ékri ki Miss-la 'Guiyanez a 100%'. Kantapou dé sèten entènot gwadloupéyen kouyon, yo kouri matjé ki sé jalou, sé Matinitjé-a jalou di la Guiyàn.
Pff !
Zot pa ni ayen pou fè ? Zot pa ni bagay sérié pou kabéché anlè'y ? Zot pa ni pies liv pou li ? Vié lespri-lonbrik zot la pé ké janmen sispann kouyonnad-li ? Soutou ki, lè nou ka gadé, ki Matinik ki Gwadloup ki Guiyàn, sé Fwansé ki la. Pa ni pies nasionalité yo ka kriyé matinitjé, gwadloupéyen oben guiyanè. Kidonk fouté moun lapé épi sé ladjè kouyon zot la ! Jou zot ké ni kouraj voté pou lendépandans, jou zot ké ni kouraj kaskod épi Manman Blan an oben Papa Blan an, zot ké ni dwa fè ladjè ant zot.
Sispann épi lo makakri-zot la titak, souplé !...
[...]",gcf,fineweb2
41,"Dézienm bagay nou pé konstaté tou, sé ki l'Ekos ek l'Irlann di Nò, okontrè di l'Anglitè, voté pou yo rété andidan l'Ewop. Za ni pliziè référandom ki fet atè l'Ekos pou sav es moun péyi-tala lé rété bwaré épi l'Anglitè toujou ek chak lè-a, pousantaj Ekosé ki dakò pou kaskod ka wosé, ka anpilzi. Rézilta pozitif BREXIT-la, kivédi zafè kaskod épi l'Ewop la, blijé ni an konsékans asou liannaj ant l'Ekos ek l'Anglitè.
Annou déviré anlè primié katégori moun-la ki voté kont l'Ewop la kivédi an mòso adan pep anglé a. Sa ki sé moun-tala ? Poutji yo fè sa ? Laplipa adan yo sé moun ka pwan bon fè palakoz politik teknokratik sé met-a-manyok niopen an. Politik-tala ki za mété la Gres an nwè, ki flègèdié l'Espay ek Pòtigal ek ki ka jik minasé la Fwans. An politik éti sé l'Almay ka mennen, ka gouvènen. Sa ki kouyon sé ki ni dé kalté moun ki kont politik-tala : moun ki adwet-tout ek moun ki agoch-tout. Kidonk tout sé moun-tala sanblé vot-yo !!!
Si nou pé konpwann rézon ki mennen moun ka pwan fè a voté kont l'Ewop, fok nou sav tou ki ni anlo fachis ki bay-alé adan menm larel-la. Sé fachis-tala ka rifizé l'Ewop davwè, silon yo, sé l'Ewop ka voyé moun-kouri-vini ba yo ek yo pa paré asepté sa pies toubannman. Ba yo, sé moun-kouri-vini tala ka anni anvayi l'Anglitè ek anmizi-anmizi, yo ké volè plas sé Anglé natif-natal la ek yo ké dépotjolé kilti anglé a.
Annou pété ri titak !
Davwè si zot wè ni an péyi ki anvayi lèmonn (anni gadé kat-la ka ilistré artik-tala !), sé bien l'Anglitè. Annou fè an ti lis ! Pou l'Afrik : Gana, Nijéria, Ganbi, Tanzani, Bostwana, Kenya, l'Afrik di sid kisasayésa... ; pou l'Azi : Birmani, End, Sri-Lanka, Malézi, Afganistan kisasayésa... ; pou l'Anmérik, sa ki vini apré lé Zéta-Zini ek Kannada épi anlo koté adan bannzil karayib nou an tou (Janmayik, Trinidad, Babad kisasayésa...). San menm palé di koloni sé Anglé-a té ni adan Loséan Pasifik. San menm palé tou di l'Ostrali ek Nouvel-Zélann. Larèn VICTORIA té enmen fè ganm konmkwa soley pa té ka janmen kouché asou Lawonn-koloni britanik.
Kidonk si ni an moun ki mal plasé pou rijété an moun-kouri-vini, sé bien an Anglé !
Sé pou sa fok nou gadé rézilta BREXIT-tala an manniè ki véyatif...
[...]",gcf,fineweb2
42,"Jòdijou, kontel an zwézo yo démaré zel-li, lanng natif-natal nou an sé volé i ka volé. Woulo bravo ! Mé annou pengad ! An konpangni moun, anba fey, ka fè mannev pou opozé bel zwézo-a chanté lo chanté-a i pé chanté.
Sé konsa ni yonndé koté étila yo pa ka djè wouvè lapot-la ba’y : lé mètafè sé koté-tala, sé ba yo ka ba lanng fransé a tout chans-li... Kimafouti ésa ! Sé misié-a, pa vini di nou, <...>, pa ni moun ki matjé pies-téyat nan lanng kréyol !
An jako pa ka palé si ou pa aprann li palé !... Mété doubout latilié pou endé moun ki lé matjé pies-téyat nan lanng kréyol ; latilié espésial pou aprann ki manniè vréyé lavwa pou sa ki ka kouté konprann pawol kréyol la ; anpami les comédiens et les metteurs en scène ki pa sav, aprann yo li lanng kréyol la pou yo kapab mété doubout pies matjè matjé nan lanng kréyol la.
Téyat sé an lokazion vréyé douvan an pasrel pou pawol-matjé lianné épi pawol-palé, an manniè ba yonn épi lot an bel balan fos ek belté.
[...] Anpami yo, Vincent PLACOLY, Térèz LEOTIN, MONCHOACHI, Marius GOTTIN, Marie-Thérèse JULIEN LUNG-FOU, Jeff FLORENTINY, Hughes BARTHELERY, Georges Eleuthère MAUVOIS, Daniel BOUKMAN... Epi fok pa bliyé sonjé nonm-lan ki mété doubout, sé lanné pasé a, pies-téyat kisiswa an lanng kréyol, kisiswa an lanng fransé. Lonnè épi respé ba défen Bérard BOURDON, potomitan POUTJI I PA TEYAT.",gcf,fineweb2
43,"« Roch dan dlo pa konnet doulè roch dan solèy » é dimanch nou viré aprann : « sa mel ka di an piébwa sé pa sa I ka di atè »
« Roch dan dlo pa konnet doulè roch dan solèy” é dimanch nou viré aprann : « sa mel ka di an piébwa sé pa sa I ka di atè »
Matinik di : non
Le 10 janvié 2010, nou pa té ni pou voté pou an nonm, mé pou té di wi oben non. Es nou lé otjipé di zafè nou nou menm kon dé gran moun ?
Ou sé di pou le moman, nou poko paré pou sa. Nou simié Léta otjipé di nou pas nou poko lé responsabilité.
Yo konsilté-nou pou mandé-nou avi nou, sé pa bagay ka fet souvan. La majorité Matinik di non. I pa lé pran liméwo 74-la pou défann lentéré prop li.
I di non telman yo jik chanté pabò lanméri Foyal. La pa té ni « chat an sak » é pèsonn pa sav si nou « pran dlo mousach pou let ».
Niko la dwé ka ri pas i dwé ka di :
- Yo défilé an févriyé lanné pasé pou di Matinik sé ta yo, mé yo poko paré pou pran reskonsabilité pou Matinik ! A 80 pou san, yo di i bon kon sa.
Chaben épi Klod ki té rasanblé pou an chanjman té tris kon an dimanch san poul épi diri. Chaben té ja vèti :
- si 74 la pa pasé man ké sav sa pou man fè!
Antouléka, pep-la sav sa i lé. I di i lé rété lianné ek an tjè-koko épi Lafrans. (Menm si anlo moun pabò Lafrans pa té menm okouran ki té ni an konsiltasion Matinik). Marilis panché kò’y pou di :
- Matinik di i pa matinitjé mé fransé an fwa pou tout ! I di Niko, i pa lé Lafrans ladjé’y pas i lé rété dan Lérop.
Asiparé ni an twaziem vwa ké vini pou nou paré dan sizan pétet (si ni moun !). Twaziem vwa-a lé anlot lotolomi ki pa an 74 la. Sé an loto kon ta Lomi a, kidonk an bel katkat pou I roulé an gou’y, lè I lé, menmsi ni anboutéyaj.
Serjo rijété an vié ajanda ek an SMDE (Schéma martiniquais du Développement Economique), i di i pa lé’y pas sé jan isi ki fè’y. Kivédi dépi i sòti Matinik asiré i pa dwé bon, menmsi an gran-nonm ki pa an gran-pen di « méyé espésialis bagay matinik sé matinitjé ».
Pep la di non, i pa lé yo palé’y di chanjman, pas nou poko kapab mété kò-nou ansanm ansanm, kolé tet kolé zépol pou nou fè an péyi nef.
Pou le moman i ka chanté épi Joko, mi wélélé pas i ja ka chonjé kannaval-li é i ni lenpo an tj... (sé zot ki di’y).
Premié simenn présé
Dépi dimanch, toupandan an pati té ka manjé galet léwa, ni adan ki monté an komin pou préparé le 10 janvié. Simenm-tala menm si man konne an boug ki ni labitid rété épi Fani, kou-tala i di’y :
- Fok man milité pou Matinik !
Kolektif 5 févriyé di bien wo pou tout moun tann :
- Lanné 2010-la ké ankò pli red.
Le MEDEF ka kriyé an mwé !
- Yo lé tjwé lékolomi Matinik !
Sé jou-tala sé dé liméro ka konté 73 épi 74. Pèsonn pé pa palé ba’w si yo nonmen yonn di yo.
Lè an kanmarad ka palé ba’w ou ka vini a soupsoné’y :
- Es i lé fè mwen voté pou 73 oben pou 74 ?
A la fen lanné, ni gro pano (ki pa pou ayen) ki mandé voté. Menmsi i pa nonmen liméwo artik-la, tout moun sav épi lajan i mété déwò, pou kimoun i lé matinitjé voté.
Chak moun pou sav si Matinik sé ta ki moun :
- Es sé ta’w, ta-mwen, ta-yo oben ta-nou tout ?
Simenn-an té chajé toubannman, sanmdi la Titans té plen moun é dimanch Baspwent té ni otan.
Man wè an karavàn loto épi sa yo lé moun voté. Lè mwen kwazé-yo man pa ni tan wè sa ki té matjé a.
Es sé té wi o 74 oben non o 73 ?
Mwen men ja chwézi, mé asiré man pé ké di zot !
Anlot lanné ka koumansé, fo chanjé manniè wè pou nou wè’y diféranman pas « sèpan ka chanjé lapo mé i toujou sèpan ».
[...]
Pou fini, an nou kouté dé ti pawol Bèlè Légliz
Papa-nou
Nou ka di’w woulo bravo ba Bondié
Pas limiè Jézi toujou la
E jézi bien di-nou i kay vini.
Nou lé chanté Bélia, mi Nouvel-la
Chanté Bien nérez Mari
Pas nou sanblé pou la Bòn Nouvel
Pou kouté pawol Bondjé
Pou Gloriyé Bondjé.
Manmay la annou doubout
An nou sanblé
Pas Jézikri vivan
Pou tjè-nou toujou kontan
Pas sa ki matjé ka fet.
An lanné nef fini, rikoumansé
Toupandan lé manmay bèlè légliz té ka chanté anba gran kwi-a épi plizié koral, légliz Sentétièn té ka viré wouvè.
Légliz Ofanswa té ka béni kloch-li, mé ta Loren-an ka espéré nwel lanné prochenn pou i viré tann moun ka chanté ek prédié.
Man jwenn Etièn, an boug Omaren, i té boulé an sann pas yo té ka wouvè légliz-la ki té fèmen dépi Dean. Misié gouté adan an boutèy Sentétièn. Asiparé i trouvé sa té bon, i té lé gadé limenm si dénié gout-la té ni menm gou épi premié gout-la.
Anlo manmay ladjé kò-yo an chanté nowel an manniè red red red. Yo té lé fini (dapré-yo) épi ras lanné 2009-la, pou oubliyé. Chak moun-an ka fè sa i pé. Ni adan ka jik alé dan lotel pabò Ofanswa a 260 €ro pou nwel. Sa sé moun ki lé fè moun kwè yo ni léro, menmsi poch-yo ka koulé laglas.
Lanné 2009 ka fini é anlo ja lé i fini net. Dot pè 2010 pas yo ké ni a chwézi ant dé liméwo : 73 obensinon 74. Adan zafè chwézi-tala, ni anlo ki pa enmen sa. Mé Niko la, ek i ja di :
- Si zot pa sav sa zot lé, man ké chwézi ba zot !
Kidonk dépi le 10 janvié, nou ké ni a di : wi oben non. Antouléka, ki nou lé ki nou pa lé, lanné ka chanjé liméwo.
I ka mofwazé ba jan ki tibren pli vié, sé pou sa i ka tonbé an janvié. 2010 rivé.
An bon lanné, pou Antilla toujou ba nou lokazion li kréyol.
« Bwè tout, manjé tout mé pa di tout » pas « tout pawol pa toujou bon pou di »
LA FUGUE DE SOPALTEBA
Jid jwenn Jude DURANTY ki fini sòti an dézièm roman kay Edision Edilivre « La fugue de Sopaltéba ».
Sé lèktè MONTRAY la konnet bien Jid éti ki dépi févriyé 2004 ka vréyé Kréyolad, alé liron adan ANTILLA. Jid konnet bien Jude Duranty, i pofité pou bokanté yonn dé mo épi’y.
Jid : Apré « Zouki d’ici danse » aux Editions Ibis Rouge ki paret en mé 2007, 7 mwa apré ou ka fè sòti an lot liv, sa ki rivé’y ou ni an maladi ékriti?
Jude DURANTY : Man pa sav vréman. Mé pou man réponn ou, man ké di’w sé prèmié liv man matjé. Travay-tala mandé mwen pasé katran pou li, riékri, réfasé sa’w ja fè, déviré ékri pou ba sé lektè a, an liv asou lavwa an jénéral mé asou sirtou chanté. Man vréyé maniskri a ba pliziè éditè, mé sa pa té an gou-yo. Sa permet mwen ritouché’y, ritravay teks la (makak pa janmen ka trouvé ich-li lèd). Fo di teks la té tibren red ba moun ki pa konnet pies chan koral. Falé té palé di an domèn ki trè teknik san anmerdé moun.
Pou an moun ka matjé, sa toujou red lè yo ka rifizé an maniskri ta’w. Mé lavi ka montré’w ki an non pa toujou an mové bagay. Dèlè, lè yo rifizé’w an bagay sé an servis yo rann ou. Mé ou ka wè sa apré. Sa ka édé’w grandi, vini pli mi pas délè nou matrité ek nou konprann nou ja mi. Jòdi jou liv-tala ki pa an roman mé sa man kriyé an rakontaj. Ni éditè ki trouvé sa entérésan, mé yo fè lentérésan yo pou di mwen : « votre ouvrage n’entrait pas dans notre politique éditoriale ».
Man té toujou anvi palé di an bagay osi teknik ki lavwa san sa tro difisil, man pa sav si man rivé, sé zot ki ké di mwen lè zot ké li’y.
Jid : Ou sòti matjé anlè Zouk atjelman sé lavwa, es mizik sé sel koté éti ou alèz, ek ka enspiré’w?
J.D : Ja ni pasé karantan man ka chanté lakoral é man la toujou. Sa permet mwen dékouvè an mal enstrimen ki danjéré danjéré. Zot sav ki lavwa sé sel enstrimen ki ou an kò’w. Kisiswa mizik la ou lé fè a, fok ou alé pran enstriman mizik ou, tanbou, flit, pianno, gita….Lè ou ka chanté ou pa bizwen alé chaché enstriman pis ki vwa’w sé an enstriman mizik. Vwa’w andidan kò’w. Lè ou fini jwé ou pa ka dépozé’y pas ou ka sèvi’y pou palé.
Jid : Sopaltéba, koté ou alé chaché kalté non-tala pou metpiès ou a ?
J.D : Pies pas, Sopaltéba sé pliziè non man fè an sel épi’y. Sé nom vwa fanm soprano, alto, épi vwa nonm ténor épi basse. Sopaltéba sé tout sé vwa tala an sel kou. Tou sa ké fè ki sé ké an personaj konplex, extraordinè ki ni prop la vi’y. I ké jik bandoné Vociféran oti i té yé.
Jid : Kidonk Sopaltéba ka envité moun pati vwayajé alow ?
J.D : Sopaltéba ka fè moun vwayajé dan an lot lépok, éti ou ka jwenn artis ka fè opéra lamenn apré ladjè-a. Mé i ka fè’w vwayajé dans lespas éti lèktè a ka dékouvè Matinik mé i ka kouri lapikoré dan le mondantié pou chanté épi dé mal chantè épi chantèz. Lèktè a ant chan, vol kon an zibié ka brennen an tout sans adan an linivè mizikal ki kité rich ka alé.

Anni kouté sa tibren Sopaltéba : « La pè sa ou pa konnet an menm balan sa ou sav ki an bon mizik ki bon pou’w... Chak fwa ou rété, ou résouflé mé an menm balan a ou cho viré plonjé dan profondè an chanté ka rann ou bien an manniè obidjoul. Man ka chanté tout lajè ek londjè chenn chanté mwen pou lé zòm rivé trapé lapé »
Jid : Ki tan épi ki koté nou ké pré trouvé liv-tala ?
J.D : Avan man réponn ou, fok man di’w ki lapo liv mwen an sé Patricia Bafin ki fè’y. Zot ké trouvé liv-la, la Libréri Aleksann atè Fòdfrans dépi débi mwa mas la. Sé manmay MONTRAY la ké sav lè nou ké prézanté liv-la pou premié fwa.
Jid : Mèsi pou prézantasion-tala yo di pawol kout fini vit, mé man anvi sav tibren plis ?
J.D : Ou sav sa ou rété pou fè. Kouri désann la libréri Aleksann sé sel koté zot ké pé jwenn li. Man ka bout la, épi man ka di zot bon lekti.
« Fok mantjé néyé pou aprann najé » mé « lavi pa an bol toloman »",gcf,fineweb2
44,"[...]
« Poutji man ka matjé an kréyol »
Man pa anni lévé an jou bonmaten, épi man di kò-mwen, bon man ké matjé an teks kréyol. Sa vré ki sa rivé, mé apré anlo tan, apré anlo chanboulman.
Lè man té piti, léparan té ka palé kréyol ban nou mé nou pies pa té ka réponn an kréyol. Mwen pa sav si yo té ké aksepté sa. Mé sa té an jan otomatik. Papa-mwen té konsèj adan an lopital. Kidonk sé la nou té ka rété. Biwo’y sé té an pies kay-la. É sé adan biwo’y ki tout moun té ka signé an rèjis présans ek pran tout laklé sé divès sévis la. Tout sé moun lan ki té ka travay an lopital-la té ka palé kréyol. Sof sé doktè a, sété ayen ki moun blan lotbò.
Pli ta, lékol, nou ka aprann palé kréyol an manniè flouz an lakou-a. Lè mwen éséyé mété sa an aplikasion lakay léparan, sa pa pasé. Yo di mwen : palé bien.
Sé métres lékol la pa té ka djè palé kréyol ban nou. Sof pou kriyé dèyè nou lè yo té énervé. An final di kont, tout manniè an met-lékol té ka palé ban nou, sé té pou fè riproch. Lanmézon sa té tibren léparan té ka palé fransé ban nou dé lè. Mé lè yo té ka palé kréyol sé pa oblijé pou andjélé nou. Manman-mwen té ka chanté lè i té ka ripasé. I té ka enstalé tab-li bò an finet pou i pa cho. I ka mété an lenn anlè’y. Épi i té ni an tjo rad pou ripasé. Fok di kè nou té 9 an kay la. Mwen ka vini épi an kayé chan. Ayen ki chanté fransé ki té adan, janw Pétuka Clark, Dalida, Sylvie Vartan, Enrico Mathias, Tino Rossi. Manman-mwen té ka chanté dé chanté ki mwen pa té janmen tann. I té aprann sa li-menm lè i té lékol. Toujou an fransé.
Papa-mwen té achté an toun-diks. Chak fwa i té ka alé an vil, i té ka rimonté épi dé diks ki té ka chanté an kréyol. Nou té ka chanté kréyol mé nou pa té ka palé kréyol. Tout lanfans-mwen épi ladolésans mwen sé té kon sa. Dépi latit jis an fen kolèj. Nou ka palé kréyol an lakou-a, mé an lékol la sé fransé ka dominé. Chak lè lang-ou té chapé, yo té ka di’w palé bien souplé. Té ni anlo kanmarad lékol ki pa té sa bien palé fransé, yo té ka mélanjé fransé épi kréyol. Mé janmen sé met-la pa té ka aksepté yo palé kréyol.
Tout teks poézi nou té ka aprann, sé té fransé, la bann Victor Hugo, Ronsard, Villon, Alfred de Musset épi dot ankò. An sel fwa yo fè nou aprann en teks an poet matinitjé, sété Daniel Thaly. Mé sé té an teks fransé. Tout tan tala ki pasé, man pa janmen wè an teks matjé an kréyol. Mé sa pa té ka pozé mwen problem. Mwen pa té ni pies késionman asou sa. Dapré mwen, prèmié teks mwen li an kréyol, mwen té ja gran sé « Jik dèyè do bondié » di Misié Raphaël Confiant. Mwen pa sav ka ki pasé an lavi-mwen ki fè mwen koumansé santi an mank. Mwen té ka matjé poézi an kréyol an manniè-mwen. Sé pa koté lafen lé zanné 80 ki man koumansé rantré adan zafè matjé an kréyol. Mwen té explwatant agrikol. Lè mwen fini épi sa, mwen tann palé ki té ni an zafè GEREC. Mwen rantré an sa épi mwen préparé sa yo ka krié DULCR (Diplome Universitaire Langue et Culture Régionale). Té ni osi pou lang Tamoul (lang zendien). Mé man té ja ni yonndé teks matjé, grafi-a pa té bon pies.
Mandibèlè, ki sé Daniel Dobat, vini montré mwen an dé jou tout bagay-la. Sé té an wikenn latousen. I vini bò kay-mwen chak jou-a pou montré mwen sa ki té mantjé mwen. Épi bagay la pati. Mwen té alez.
Lanné 1990, mwen té prézidant Bannzil Kréyol. Prèmié liv-mwen sòti anba lopsion Bannzil, sé té an liv poézi « An tjè ka palé, kouté », préfasé pa Raphaël Confiant. I an kréyol, fransé épi anglé. Sé té pou anivèsè-mwen, man ofè kò-mwen an kado. Mé tout moun té kontan liv-tala. Pli ta, man désidé matjé kont ba timanmay an kréyol. Sa man pa touvé lè man té piti, fok sé yich-mwen an touvé’y. Tout timanmay pou touvé liv ki matjé kréyol. Érezdibonnè, Confiant epi dòt té ja défriché téren-an ba nou, épi jounal kréyol, liv kréyol. Mwen té touvé an éditè fransé ki té lé édité sé kont-lan, mé i pa té lé kréyol-la ki té adan'y lan. Sé di la man piblié liv-mwen, mwen menm. Épi mwen wouvè an mézon édision yo ka kriyé Éditions LAFONTAINE. Tout liv ki mwen té ka matjé té ni omwen fransé-kréyol, souvan anglé. <...> fè mwen sav ki yo enmen liv-mwen, mé i pa ni kréyol <...> adan. Kifè man rajouté kréyol <...> adan. Menm albom koloriaj ba timanmay an 4 lang tou. Evidanman, apré sa, tout éditè koumansé fè ta yo an pliziè lang tou. Tout maniskri man té ka risivrè ba ti manmay, man té ka di sé matjè-a, fok mété’y an kréyol tou. Sinon man té ka fè'y épi pal Serge RESTOG ki i doktè an kréyol atjelman. Kidonk anlo liv sòti ba timanmay épi kréyol matjé.
An jou mwen té ka fè animasion épi an liv ba an lékol, met-lékol la di mwen fok fè’y an fransé. Mwen di’y kon sa fok pa i di mwen ki manniè pou mwen travay. Mwen pa vini fè lékol, mwen vini fè an animasion. Lè mwen mandé sé timanmay la ki manniè nou ka pran’y, yo tout réponn kréyol. Mwen pé di zot, ki met-lékol la rété estébékwé pas sé timanmay la ki té ni pwoblèm pou li fransé, ek lè yo oblijé kò-yo a li kréyol la, yo rivé ! An plis di sa, yo tout palé, sa té vivan.
Pou mwen fini, mwen ka ékri an kréyol pas sé an nésésité pou lang-lan viv, ek pou timanmay épanwi kò-yo adan kilti-yo. Sa mwen pa touvé lè mwen té piti, lédésandan ké touvé'y !",gcf,fineweb2
45,"[...]
Dégajé & Pwòpté
Tin plizyè jan pou pwotéjé-w lè lènmi a-w ka travay kont vou, kèlkèswa si atak a-yo fèt dinèspré obyen si yo pa menm savé sa yo ka fè. Tala sé metòd fò. I ka koupé é haché. I ka édé pou sa yo ka kriyé “dégajman” an kenbwa tradisyonèl (oswa “dégagement” an fwansé); on métòd pou libéré on moun obyen on koté la ni fòs négatif ka chouboulé tout biten.
Kijan pou sèvi èvè-y
Poud pwotèksyon-lasa ka itilizé plizyè jan. Ou pé brilé-y kon lansan (on ti zingzing apré on dòt, adan on pyès la lè ka bay). Lè-w ka fè sa, déplasé lansan-la an pyès-la ou bouzen pwòpté-la pou lafimé-la pasé toupatou. Si ou pa ni zannimo akaz a-w, lagé titak atè-la é pasé balé an kaz-la. Koumansé èvè dèyè é fin asi pòt douvan. I pé sèvè an sérémoni a dégajman é pwoteksyon (oswa menm pou travay a ritounèl).
Fòmil majik a-y
Préparasyon-lasa fèt a lamen èvè on migan hazyé é zépis moun ja konnèt pou paré atak, pwotéjé, pwòpté é varé; andidan-y, ni on engredyan ka sòti dirèk an tradisyon a fanmi an-mwen an Gwadloup. Pwodwi-lasa pa ni dous ni flègèdè. Lè ou mèt men a-w adan, sé pran pwokosyon é pa abizan.
Pokosyon
Pa valé-y. Sèvi èvè-y la van ka bay.
Etik & pwotèksyon ofansif
Yo pé pa gè di Kenbwa sé rèlijyon. I plis kon on lyannaj pratik majik. Kanmenmsa, sé zil fwansé la Karayib i fèt, ki yo menm a-yo byen enfliyansé (ou pé jou di dominé) èvè rèlijyon Katolik. Davwa pratik é édikasyon Katolik simé toupatou adan vi a-moun, toujou tini kèsyon asi zafè a étik. Dapré mwen, sé byen pou sa tout moun ka ba-y adan on jan ou on dòt (yo ka fè é yo ka konsomé Kenbwa) mè ponmoun pa ka rèkonnèt. Tout biten ka fèt an bistan.
Pwotèksyon dwètèt sa ki pi kontwovèsyal an Kenbwa. Moun ki ka suiv tradisyon ka mété sèten kalité plant an tè douvan kaz a-yo pou pwotéjé-y kont “le mal”. Moun ka “nétwayé” kaz a-yo. Yo ka “fè lafimé”.
Bab ka koumansé lè on moun vlé, kontèl, wouvoyé travay on moun fè asi yo. Dapré détwa, sé biten-lasa, sé “fè moun mal”. Dapré mwen, si ou touvé i té bon ban mwen, fodonkkwè i bon ba-w menm jan-la. Asiré sèten an ké voyé-y ba-w èvè plézi… é on ti agouba.
[...]",gcf,fineweb2
46,"Man té ka travay épi Maksimilien LIMINO. Misié, sé té an pwofésè yo té sispann pou senk lanné, davwa i té kasé tet an ti manmay épi an kou banbou. Ann atandan, i té ni an ti boutik pou’y té genyen lavi’y. I té ka vann laglas épi limonnad.
An tan-tala, man té ka dòmi adan an chanm, an lakou boulanjri misié-tala. An jou, man té dèyè an kamiyonnet épi Pol Rétjen (non’y pou-tout-bon, sé té Pol Ansèn). Nou té ka rantré. Oliwon 500 met asou lanmè-a, man wè an boul difé ki ka klinioté. Mwen lonji dwet asou’y, pou té montré Pol li. I di mwen pa fè sa, sé an volan !
Lè minui pran, man tann bloblo asou lapot-mwen ! Sé volan-an ki té vini dèyè mwen, é i té ka konyen lapot-la pou’y té rantré. Man té pè, pè ! Man ké di zot sa ki zot pé key konprann ! Si lapot-la té mal fèmen, man té ké pri jou-tala ! Man té ni an matla asou tab-la, man mété’y asou mwen. Volan-an rété inè-di-tan jou-tala. Jou wouvè, man pa rivé pran sonmey pies !
Lè landèmen, man di LIMINO sa, i pa réponn mwik ! Sa fet pannan twa jou, é misié pa janmen ba mwen an solision. Twaziem jou-a, lè’w tann katrè di-maten, man pati Sentàn pou rivé Sen-Franswa a pié. Man té ka kouri, maché, viré kouri… Man rivé kay manman-mwen a sizè-di-maten.
[...]",gcf,fineweb2
47,"VOTÉ POU TO PÉI
VOTÉ POU LAGWIYANN
VOTÉ POU TO KÔ
VOTÉ ACHILLE Armand
[...]
MOUN KAYENN, MOUN MAKOURYA, MOUN MO PÉI
Annan chak tan di éléksyon zot souvan ka tandé di : « Voté pou mo, tout zot lavi ké chanjé, zot lavi ké lavi zot pitit ké vini pi bél. »
Chak kou zot ka pri ké yé bél darloz, lontan apré moun-yan éli, zot lavi ka rété annan so mêm mimisouk. Zafè nou Péi LAGWIYANN pa konté, anko pi mal ! Chak jou nou ka rélé, Péi-a pyé pou tét.
Annan nou sistém a lalwa ki tout, nou problèm annan nou péi a fransé ki ka fé lalwa alôr ki fransé pa konèt noupa Péi LAGWIYANN.
Pép fransé ké chwézi pasé senk san swasant (560) moun pou voté lalwa pou LAGWIYANN, LAGWIYANN pa konèt yé pyès.
Fô nou alé di dépité fransé-ya panga voté lalwa pou Péi yé pa janmen konét. Pou nou sir yé tandé nou, fodrè nou maché toupatou asou laté pou fé tout nasyon tandé nou osi. Bay nou roun fors, nou ké fè sa pou nou Péi LAGWIYANN.
Jodla si nou chanjé nou fason ké léta fransé nou ké pouvé fè li konprann ki a GWIYANNÈ ki divét fé lalwa an LAGWIYANN Si nou pa rivé fè sa gran bônô a gadé nou ké gadé nou konpangnen pédi Péi-a, annou lanmen, piti-piti.
Roun Péi kou LAGWIYANN ki gangnen dé san senkant mil (250 000) moun pou katr ven dis mil (90 000) km² ké tout so richés natirél (Danbwa, Lanmè, Lô, Pétrol, etc. ;) pa pouvé siporté tousa traka (chomaj, bandi, koripsyon, trafik ladrog etc.…) li konét jodla.
Pésonn pa ké chanjé sa sityason pou nou. A nou li ka gennen, a nou rounso ki pouvé chanjé li. Nou divét bay nou Péi LAGWIYANN roun sans. Nou konèt so mérs, so listwè, nou savé kisa ki so lavi, nou konèt ki fason so latér ké so dilo fika.
Nou gangnen roun sél Péi. Li gangnen roun sél mwayen :
A nou GWIYANNÈ ki pou fé LALWA annan nou PÉI.
VOTÉ POU TO PÉI
VOTÉ POU LAGWIYANN
VOTÉ POU TO KÔ
VOTÉ ACHILLE Armand",gcr,fineweb2
48,"Lé ven senk mè démildis tout éléktér Sirinamyen té envité chwézi yé riprézantan annan tout yé gran sanblé.
Li gangnen trwa sanblé : konséy lokal ki ganyen sétsan senkant dé moun, konséy distrikt ki ganyen sanséz moun, parléman ki ganyen senkant ké roun moun.
Dépi lannen milnéfsankatrven onz chak senk lannen li ganyen éleksyon jénéral.
Sa kou a asou senksan mil sirinamyen trwa san trant mil moun té an drwa di voté.
Li ganyen pasé swasant dis asou san moun ki alé voté sa ka ka fé pasé désan trant é roun mil moun.
Nou ka raplé zot ki pou nou péi <...> pou zafé vot annan konséy réjyonal,lé ventéen mars démildis trant katr mil moun rounso ki alé voté asou swasantwit mil, jiskont senkant asou san moun ki enskri.
Pou SIRINAM swasantdis asou san sirinamyen andrwa alé voté, swasantdis asou san élektér ka voté.
Pou <...> vensenk asou san moun rounso ki ka viv annan péi yé non marké asou list vot yan, senkant asou san di sa moun yan pa mém ka déplasé pou alé voté...
Men rézilta yan annan parléman :
MEGACOMBINATIE di Dési BOUTERSE trapé ventrwa moun.
NIEW FRONT di Ronald VENETIANN (sortan) trapé katorz moun.
A COMBINATIE di Ronny BRUNSWIJK trapé sét moun.
VOLKS ALLIANTIE di Paul SOMOHANDJO trapé sis moun.
DOE di Karl BREEVELD trapé roun moun.
Annan konséy distrikt, MEGACOMBINATIE trapé swasant katr moun asou sanséz.
Annan konséy lokal, MEGACOMBINATIE trapé katr san disnéf moun asou sétsan senkant dé.
La MEGACOMBINATIE ké so lidér Dési BOUTERSE rivé ké patché vwa mém douvan tout sé rot kandida yé trapé roun vayan viktwar, pésonn pa pouvé plédé kont sa.
Li té ganyen pasé san obsérvatér di dé organizasyon enternasyonal OEA (organizasyon ditout nasyon tout lamérik) é KARIKOM (lakominoté di la karayib). Lô la frans ka organizé éleksyon annnou péi <...> li pa ganyen pyés obsérvatér pou véyé si tout bagaj ka byen pasé. A konran dépi nanni-nannan li ganyen biro vot ki ka voté touproch san moun asou san moun pou mém kandida ya ?!!!!!!
Laoland ké lafrans té biské toubonnman travay yé sérvis éspésyal pa té mennen rézilta yé mém té ka éspéré.
Pép Sirinamyen chwézi so réprézantan ké sopa lidé yé pa kouté sa laoland ké lafrans té ka di.
Kou prézidan Larépiblik SIRINAM éli o sifraj inivérsél endirekt asou modél nou présidan konséy jénéral.
fransé ké olandé ya té ka kontinyé gadé si yé té ka kontré chwa pép Sirinamyen.
Mé awa lô nouvo parléman Sirinamyen kontré yé chwézi dé mandanm pou dirijé yé gransanblé.
Mandanm Jenifer GEERLING–SIMONS di la MEGACOMBINAIE kou prézidant ké mandanm Ruth WIJDENBOSH di NIEW FRONT ala visprézidans.
Lé dis néf jwiyé démil dis sa jou parléman-a chwézi pou éleksyon laprésidans, li té ganyen dé kandida.
Pou la MEGACOMBINATIE, Dési BOUTERSE pou la prézidans ké Robert AMEERALI (an fonksyon kou prézidan di laCCI Sirinamyenn) pou lavisprézidans
Pou lé NIEW FRONT; Chandrikapesad SANTOKHI (minis lapolis ké lajistis annan gouvérnéman VENEETIANN) pou la prézidans ké Grégory RUSLAND (minis di richés péi a) pou la visprézidans
Annan parléman Sirinamyen lamajorité a vennsis vwa mé pou to sa éli prézidan ké visprézidan fodré to trapé roun majorité kalifyé di dé asou trwa sa ka fé trant katr vwa.
Si parléman pa ka rivé chwézi roun prézidan ké roun visprézidan annan sa kondisyon apré dé tour, lékonséy popilér (parléman plis konséy distrikt plis konséy lokal néf san karant néf « 949 » éli) ki ka chwézi laprézidans ala majorité.
Lalwa Sirinam fét konran pou li ganyen alyans ké diféran fors politik pou travay ansanm-ansanm pou péi a.
Dé DÔKÔ di Nou VWAZEN LéSIRINAM, Ronald VENEETIAN ké DESI BOUTERSE anvan pouvwar chanjé lanmen
Roun sél tour té sifi annan parléman Sirinamyen pou ki volonté lépép Sirinamyen té fét. Dési BOUTERSE ké trant sis vwa asou senkant té ka pran laswit di Ronald VENEETIAN ki fini so déziém manda.
[...]
Laoland ké lafrans pouvé bégayé pép Sirinamyen chwézi sopa moun pou mennen zafé so péi pou sé senk lannen ki ka vini.
Si nou ka byen kalkilé nou mém nou tro bokou ka voté pou kandida ki moun dérô chwézi pou nou.
Sa douz out dé mil dis annan éstad ANTHONY NESTY (chanpyon olenpik anna najé LOS ANGELES 1984) roun délégasyon patryot <...> ké alé bay lanmen ké lavwa pou lé pép SIRINAMYEN ki bay ou roun bél lison vayans.
Nou pakô savé ki jou lafrans ké chapé di nou péi <...> mé li ké chapé roun jou, pi bono li té ké pibon. Mé nou sir ki rot bô MARONI a toujou ké SIRINAM. Ayé nou té ansanm-ansanm, jodla nou ansanm-ansanm, dimen nou ké toujou ansanm-ansanm.Fo janmen bliyé sa fo nou sasé savé sa ki ka pasé koté yé.
« A ROUN LANMEN KI LAVé ROT ».
ACHIL Arman",gcr,fineweb2
49,"[...]
ALE LAVE TO PYE, RAFAYEL!!
BABUN MOFU E KII BABUN, GO WACHI YU FUTU!!
Palò lòvri pou mouché Rafayèl Kònfyan
Mouché Kònfyan,
Si ou té doumandé eskiz tousenpléman, mo pa té ké pran tan ékri ou. Oun moun, so lang ké so lanmen pouvé dépasé so lidé. I ka eskizé, nou ka eskizé li.
A pa sa ou fè. Ou ka kòntinwé di ké ékri ki moun Lagwiyann ki ka briga pou liniversité-a yé tèbè, kouyon ké rasis. Ou ka pézé asou zafè rasis-a épi ou ka di yé ka swiv lidé mouché Jules Linguet mété annan so liv.
Problenm i gen a ki sa moun ka briga pou liniversité-ya, a gwiyané ké moun ki pa gwiyané, étidjan, profésò, administratif ké ròt moun ankò. A pa dé moun, a bon moso di nou popilasyon ki organizé pou sa zafè-a. San kònté tousa ki dibout déyè yé, i té gen pròch 2000 moun annan lari Kayenn bonmanten-an 15 oktobr 2013.
A sa ou marké annan mèl ou voyé bay ou kanmarad, nou kònnèt li kréyòl, é a sa ou ka kòntinwé ékri ankò. Kidonk a byen roun pèp ou ka jouré.
Si a té pronmyé fwè ou té ka antré annan kòzé gwiyané-ya, nou pa té ké pran tan ékri ou. Oun moun, so kò pouvé tronpé l’. I ka eskizé, nou ké eskizé li.
Elas sa ka fè trwazyenm kòu !
Pronmyé fwè-a a té pou Rektora-a an 1996. Ou té antré annan oun konba san baton. Konsidiré Gwiyané-ya pa té divèt séparé di Akakémi Antiy-gwiyann, kisasa, kisasa... Finalman nou pran nou bagaj. Lagwadlòup profité pou doumandé sopa. Fransé-ya fè nou péyé l’an 1997. Nou frè martiniké ké gwadoupéyen bay nou lanmen. Atchwelman, alé di roun moun nou pa té divèt briga pou Rektora LAGWIYANN!!!.
Dézyenm kou-a a té pou lagrèv étidjan 2008 a. Ou té annan profésò l’IAG ki té ka di LAGWIYANN pa divèt soti di Liniversité. Nou chak nou trop piti pou nou séparé. Gadé Westindiz kifason yé ka roulé. Menm pou palé ké fransé-ya miyò nou rété ansanm, kisasa, kisasa... Finalman étidjan-yan trapé roun zafè otonomi. Mé jodla i ka sanblé i fonn !
Atò-a, mè ou ankò ka mété oukò antravè di nou chimen, anplis ou ka jouré nou ! E ou pa prézidan, nou pa doumandé ou annyen, nou pa nonmen ou non.
Lala-a, a pou nou di ou : « tout jwé a jwé, kasé bwa a gogo makak a pa jwé !! »
A pou roun moun dibout pou di ou : « rété trankil, a roun bon rémèd... ».
A pousa mo ka ékri ou pou di ou kònsa véyé sa ou ka di, véyé sa ou ka ékri. « An kout lang pi fò ki an kout lans » a zòt menm ka di sa. Nou menm pouvé di ou « dilò tonbé pa ka ranmasé ».
Kidonk, roun moun ki rivé kòté ou rivé, gran ékriven, gran mèt kréyòl, roun moun bokòu annan nou té ké poté anlè, ou pa pouvé mété oukò annan sa sitiasyon-an.
Kisa ké pasé dapré ou ? kimoun, até LAGWIYANN, ké pouvé grinyen bay ou apré sa nou wè ou ka di asou nou, déyé nou do. kimoun ?? Ou ka di moun-yan pa gen nivo, yé pa ké trapé pos, ou ka jouré yé, ou ka testé pou di yé rasis, yé zénofob,ou ka di a pa tout moun ou jouré a oun ran ounso. Ou ka kòntinwé di Gwiyané-ya pa divèt gen yé liniversité. Ou boulé tout ou kart...
Bò di zafè zénofòb-a. Pyèsmoun asou latè-a pa pouvé gadé roun gwiyané an mitan so kòkòwéy pou di li i zénofòb. Pésonn. I ké di sa déyé nou do, pa divan nou. A renki rousouvwè gwiyané ka rousouvwè moun ka soti kòté yé ka soti pou vini sasé lavi kòté nou. Yé tout ka trapé plas, pos, pos politik, tout sa roun moun pouvé gen asou latè. E nou ka viv byen ké yé tout. Pa gen ròt kòté sa ka pasé chwit kòu isi-a.
Ou pé ké anpéché moun voyé pyé lò yé ka santi présyon-an tro fò. Ou pé ké anpéché moun fè lakronik. I gen sa ki fè chanté asou sentlisyen « limonad ké dipen, anglé débarké », i pa gen nasyon gwiyanè pibyen ké yé pasé sentlisyen !! Ou pé ka anpéché moun charadé , a kònsa yé aplé martiniké ki maron montang Pélé-a : « Do boulé », pas a chalò volkan-an ki fè yé rivé kayenn. Nou bay yé latè, lòvri kònmin Monjoli pou yé, fè estati. Jouk jodla martiniké ké gwiyanen ka kontré, swè martinik, swè lagwiyann pou priyè, palé, pou yé pa bliyé kouman roun idé ròt.
Mo pa ka menm palé di ròt kònba koté pép gwiyané-a montré kouman i ka mété solidarité divan, kouman i ka défann moun kiséswa yé nasyon.
A pa nou fot si Mouché Dorville sa roun Gwadloupéyen ké mouché Fotsin sa roun Afriken ! Nou pa mélé ké koté yé soti, dipi yé fè yé travay byen. Moun liniversité-ya voté bay yé, jodla yé anflé ké yé, yé pa lé wè yé . A pa pronmyé fwè sa ka fèt . A pa yé nasyon moun-yan ka réproché a yé travay !! yé di sa toupatou, laradjo, latélé. Koté ou fika-a ou konnèt pasé moun-yan sa ka siporté ? Kou a ou kolèg profésò ou pa ka tandé. Ou miyò di a rayi moun-yan rayi yé !!.
Enben, nou pa lé pyésmoun bay nou pyès léson asou zénofobi. Pyés, pyès, pyès. Gadé divan ou lapòt, gadé divant zòt lapot épi « rété trankil a roun bon rémèd ».
Ou ka ékri mouché zandronis pou di li tèlman Gwiyanè mové préfè-a oblijé mété gardkòr òbò martiniké pou gwiyané pa blésé yé. Lésé mo pibliyé sa annan lari Kayenn pou ou tandé sa moun ké di. Ou di ou ka vini kayenn tanzantan, véyé ou pa pran dé bikòk ké sa parol-a ! Protchirè Bek té ka dansé koté Nana an 1998, nou pa piké l’, a 2 profésò liniversité ka vini négosyé nou ké baré annan lari !!! mé kimoun zòt sa pou nou okipé di zòt kònsa ! Désann timoso, désann. Bagaj-a ka monté a ou tèt. Désann moso.
Pou zafè liniversité-a. Mo chèr mouché, di kou nou gangan-yan, ki ou lé, ki ou palé, nou ké gen nou liniversité. A nou sa ka gadé. Pa benzwen gen lapenn pou nou, nou wonm ké fanm pou noukò. Grémési, souplé. Lésé nou fè nou bagaj, nou pa ka antré annan oupa. Lagwiyann a roun gran péy, i ka fè grando Portigal. Nou gen 350000 moun. Lanmotché pa gen 20 lannen asou yé tèt. Chak lannen nou popilasyon ka pran 4-6%. Lagwiyann pa ni an frans, ni an Erop. Nou ka fè parti di plato Lagwiyann-yan ansanm ké lès di Vénézwéla, Gwiyana, Sirinam, ké Norwès Brésil. Nou byen ka bordé ké lakarayib, mé sirtou, nou sidamériken, amazonyen. Ou menm, ou a 2000 km, lésé nou fè nou bagaj, mo chèr mouché. Di Lafrans mersi ki fè si nou ka fofilé ké ou konsa. Sélon rézilta lagèr éropéyen-yan fè isi-a, pitèt a ké barbadjen, périvyen swè Dominiken nou té ké tchenbémen. Alòr, lésé nou fè nou chimen, mo chèr mouché. Pa mété oukò antravè souplé, grémési.
Kanta pou mouché Jules linguet, lésé mouché-a bat so mizé. Sa ka fè 10 lannen so liv soti. Moun voyé pyé pas journal Ròt kòzé té doumandé moun alé li sa liv-a. Artik Mouché Paradi ka daté di 2003. Pa antré annan nou zafè. Nou pa ka boulé liv isi-a. Moun-an Gwiyané, i ékri roun liv pou bay so lidé asou zafè kréyòl annan nou péy-ya. I gen drwè. A pa tout bagaj ka bon pou tout moun lò roun moun ka ékri. Sa ki pa dakò gen drwè pa dakò. Mè a pou li liv-a, a pou li tout, pou ou vé pran sa ki bon pou ou. A konsa déba-a fèt isi-a. Ròt moun kritiké li osi. I réponn. A konsa nou ka fè. I ja gen 10 lannen. Mouché-a pa sa ou kòrparans, i pa annan pyès asosyasyon, pyès parti politik, i fè so liv, i gen rézon, nou ké défann so drwè di ékri bay so pèp. Bon, mé a pa sa ki tout ! Ou ka di mouché Zandronis konsa Laurent Linguet sa pitit mouché Jules Linguet. Kisa sa lé di ? Papa-a mété so lidé annan disan so timoun ? Mouché Laurent Linguet pa gen sopa tèt, sopa lespri ? A grannom-an ka dirijé l’ ? Epi Laurent menm ka vlopé tout larestan moun liniversité-ya ké lidé so papa. Talò ou ké di nou papa-a pyay yé tout !!
Non, mouché Konfyan, ou ka poté non-an mé nou pa pouvé fé ou konfyans ankò. Ou di tròp, ou ékri tròp.
Pou fini, sa byen tris. Fransé-ya divèt ka bat lanmen lò yé ka gadé ou ka jouré nou, ka testé ké nou. Yé pa benzwen la, ou ja ka fè travay-a. Martiniké ké gwadlòupéyen nou zanmi-yé divèt ronté ou.
Oun sèl bèt nou pouvé di ou ankò, nou tout ansanm, tout moun lagwiyann tout nasyon :
« SOTI LA, RAFAYEL, ALE LAVE TO PYE !»
[...]",gcr,fineweb2
50,"[...]
Lé vent sis séktanm dé mil sét,annan vil Nouyork péi LÉZÉTAZINI, so sièj, LONI (LOrganizasyon Nasyon Ini) tchenbé so swasant dézyém gran kontré dépi lannen mil néf san karant sis.
Li té gangnen pasé san senkant chéf Déta ouben chéf gouvèlman, mé tout réprézantan san katréven douz Nasyon manm LONI-ya té ka swiv déba-ya asou zafé lapolitik, léconomi, sosyal, lasanté, lasékirité, éksétéra... di tout Nasyon annan LÉMOND.
Nou savé li gangnen tout kalité Nasyon. Nasyon ki gangnen bokou moun ké bokou laté ; Nasyon ki gangnen bokou moun ké ti moso laté, Nasyon ki pa gangnen tro bokou moun kou LAGWIYANN, Nasyon ki gangnen tro bokou soumaké ; Nasyon ki pa gangnen. Mé tout Nasyon a Nasyon.
Nou tandé chéf Déta Nasyon BRÉZIL doumandé plis démokrasi pou LONI, ké roun plas annan konsèy sékirité ki sa gouvènman LONI.
Roun patché rot Nasyon pa lé tandé palé di « Drwa Véto » anko. Senk Nasyon (Langlétér, Lachinn, Lézétazini, lafrans, Larisi) ka fè déyé, a yé rounso ki gangnen sa drwa-a pou baré désizyon ki pa ka alé annan yé sans... Nou té ké kontan LONI fronmen chapit déziém lagèr « mondjal », swasant lannen pita.
Pannan sa swasant déziém gran kontré nou tandé Prézidan LIRAN fé roun gran palô asou zafé larm nikléèr. Li fé nou konprann ki sa plis roun féblés ki roun fors pou roun Nasyon.
LÉZÉTAZINI pédi lagér kont vayan Nasyon VYÉTNAM, yé tou proch pédi lagér yé ka mennen jodla asou laté Nasyon LIRAK. Yé patché bomb nikléèr pa ka sérvi angnen : lafrans ja pédi lagér kont Nasyon LALJÉRI, Nasyon LAKANAKY tou proch trapé so LIBERTÉ... kont lidé léta fransé ké sopa bomb nikléèr. Fo nou byen kalkilé anlé sa.
Mouché Évo MORALES prézidan LABOLIVI fé roun bél palô asou lajistis ékonomik. Li palé di gro sosyété gran Nasyon ka pran tout richés laté Nasyon pi féb-ya pou prés bontchô. San kalkilé traka yé ka lésé pou pép Péy-a. Li doumandé dirijan gran Nasyon kozé séryé ké gro tchap gro sosyété yé Péy pou fini ké sa fason. Roun ran Nasyon pa pouvé mouri di lafen pannan tan dé trwa rot Nasyon ka mouri di manjé tro bokou ; Fo LONI travay pou kasé sa sistém... Men bél PALÔ, Annou wè !
Nou lovri tout journal pou gadé si nou té ka wé ouben tandé réprézantan <...> ! ANWA.
Asou swasant dé gran kontré di LONI, nou pa fé roun, nou pa menm gangnen roun kajibi annan bidim latour LONI annan vil Nouyork-a. Siplétif-ya moyo alé fè panzou alantou Lérop pasé yé gadé zafé <...> annan so mitan.
<...> sa roun bél Nasyon, so pép a roun vayan pép. Ki sa ki ka fé nou pa andrwa alé palé LONI ké tout rot Nasyon-ya ?
[...]
Moun ké moun, bét ké bét ; Nou sa moun nou pa andrwé fè kou bét.
Fanmi a pa disan rounso, mém si disan pès psé dlo, nou gangnen gran fanmi nou ka trapé ti fanmi osi. Pitit a pitit menm si disan diféran.
Pou byen konprann rôt jou-a si yé té gadé zafé A.D.N pou lésé ti-moun yan rantré annan palé lélizé nou kré roun ran timoun nou wé pa gangnen menm disan ké mouché ki trapé drwa di viv annan palé lélizé atchwélman. Mé li gangnen rézon pas a so fanmy. Menm si a pa tout nann yé ka aplé Martin.
Poukisa rot ran moun pa té ké andrwé di viv ké sopa fanmi ? Lô to ka fé lalwa pou pété tchou nég rounso ! Kouman yé pouvé rélé to : RASIZ.
[...]
LABIRMANI kou LAGWIYANN mè li diféran osi.
Pri dipen ké gazolinn monté rot toubonnman annan péy LABIRMANI pannantan soumaké moun-yan ka trapé pou yé travay pa ka monté di roun santim.
Kou pou LAGWIYANN koté nou wé Bagét dipen monté jouktan li rivé swasant dis santim (0,70 €) yé di nou a pri farinn lafrans ki monté rot toubonman. Pou gazolin-a pa menm palé li ja pran pasé dis santim (0,10 €) ; kat dérnyé mwa ki pasé-ya a nou yé chwézi pou pèyé zafé norm yé Lérop : « A Koté baryé bas béf ka pasé. »
Annan nou Péy <...> pésonn pa di « AN épi GNEN » kousidéré chak [moun], nou té pran pasé trwa pikir-chouval.
Moun labirmani pa kouté yé lapè yé pran yé kouraj pasé yé pran kouri séré. Moun-yan désann an lari pou fé yé gouvènman tandé yé pa dakô ké so politik : Pri ka monté salèr pa ka boujé !
Soda birman mové kou kolon fransé-ya, moun-yan pran kout boutou, kout lakrimojén, bal fizi, éksétéra... Chak jou pép birman-an té pi bokou ka désann a lari.
Mwann boudis-ya té douvan, mé tout pép-a vini kontré ké yé pou di diktatir militér-a : AWA, nou lé zot fini ké sa politik-a !
A konran tout nasyon mélé annan zafé LABIRMANI. Mouché Ibrahim GAMBARI réprézantan éspésyal LONI-a déplasé soko annan kapital LABIRMANI-a, Naypyidaw, pou kozé ké tout moun.
Li gadé si li té pouvé ranjé sityasyon pép Birman-an, lô li doumandé diktatir militér-a pa servi fizi pou tiré asou pép-a anko !
Si nou lé LONI gadé noupa zafé pép <...> fo nou chanjé kadans !
Mézanmi ki sa ki ka fè ki nou pa ka rivé fé diktatir kolonyal fransé-a tandé mach ! Pi yé ka pijé nou, pi nou ka fronmen nou bouch.
Nou pa menm ka sonjé sa nou pitit ka sonjé lô yé ka wé nou rété san fé angnen. Yé divét ka kalkilé a kapon rounso li ka rété annan LAGWIYANN.
Moun <...> annou pa lésé nou pitit pansé konran tro lontan, nou pa blijé fé gran majô mé kanmêmsa annou fé kichoz pou yé... kou nou gangan-ya fé pou nou.
A vrè li gangnen « sélman » karant lannen diktatir militér-a ka fé pép Birman-an wé mizè pannantan a dépi pasé kat san lannen masogan asou nou do. KANMÉMSA, OROYO !
[...]
Ramon tchenbé réd nou la ké to.
Roun aksidan kanno fét asou larô larivyé manna lé sét janvyé dé mil sis yé té ka sasé to fré toupatou yé pa rivé jwend ké li jiskaprézan.
Lé kenz séptanb dé mil sis yé monté roun konplo pou tchenbé to. To toujou tchenbé menm pozisyon-an, to pa gangnen angnen pou wé annan sa aksidan kanno-a.
Roun lannen ké roun simenn pasé yé voyé to divan tribinal pou zafé kriminél yé rivé ba to dis lannen lajol an plas to fré. Gidi-gidi pa ka maré pagra.
Pou dosyé ki ka pasé annan tribinal zafé kriminél to pou antann o pi bas, trwa-kat lannen anvan to pasé an jijman. Tro présé pa ka fé jou lovri.
Di lajistis kolonyal trotinét yé pasé a roun lajistis kolonyal T.G.V, roun sél kou ! Pou fé tchô yé soda kontan.
Asou dis témwen, senk ki bité ké to douvan jij-a pannan ankét-a jouré ki a pa to yé té wé. To avoka lévé mové kolé li poko rivé konprann ki yé voyé roun jénjan ki pa fé angnen lajol.
Lo minis koloni fransé-a tandé yé voyé to lajôl li voyé roun lét pou laprés pou li fé savé li kontan toubonnman.
Kou pou Lendochinn, kou pou laljéri, kou pou lakanaky pou léta fransé pouvé trapé soda pou maté pép ka sasé so libérté li kapab voyé jénnjan lajol pou bon tchô...
ACHILLE Armand",gcr,fineweb2
51,"Lo nou té wè lit bann moun-yan ki té jwenn annan mouvman politik « GUYANE 73 » nou té savé yé té vini servi yékò pasé yé servi nou Péyi. Nou pa té pouvé pansé byen konran.
Nou savé <...> benzwen tout bagaj, toupatou. Nou ka pran dé trwa èkzanp koté nou tout ké tonbé dakò.
Roun lisé enternasyonal SENJORJ pou koléjyen Réjina-Senjorj ké OYAPOKé, ké zafè pon enternasyonal ka janbé LOYAPOK-a té ké sa roun vayan projè ; Roun lisé jénéral ké tèknik asou MARIPASOULA koté tout koléjyen ka rété MARIPASOULA GRAN SANTi PAPAICHTON té ké pouvé fini yé formasyon sékondèr. Men roun bél bagaj pou nou Péy <...> !
Jénès <...> a richès <...> so formasyon a roun soumaké plasé, si nou ka bay li mwayen, li ké bay nou satisfaksyon.
Zafè larout BELIZON- SAYIL- MARIPASOULA a roun bagaj enportan, nou Péyi pé ké pouvé dévlopé si nou pa pouvé sirkilé toupatou li gannyen bokou moun ka rété, si nou pa pouvé alé sasé richès ki anba latè, si nou pa pouvé mennen an vil tout prodiksyon nou bitasyon.
Kominikasyon a ronté mém ! Nou ka voyé satélit touléjou ké trwa modèl fizé diféran : « Aryann, Soyouz ké Véga », mè laro MARONI téléfonn-an ka maché ké lanmaré, moun-yan ka péyé abonman pou bon tchò. Asou KANMOPI pa menm palé, li pa ganyen mwayen trapé roun téléfonn mé lò li ganyen dé moun branché asou enternèt, trwazyèm moun-an an mod « 404 paj NOT FOUND ».
Men sitiasyon nou péyi annan zafé zouti pou dévlopé Péyi-a. A laréjyon ki résponsab, nou pòkò wè yé fé annyen pou ranjé sa. Sa ka fé dé lannen yé an plas ka monté – désann pou manjé soumaké sitwayen-yan.
Mè kantmenm sa :
Nou tandé yé ka fé roun Gran ronpwen pabò MATOURI, lò nou byen gadé patron sosyété travo piblik ki ké charoyé latè so masibòl konséyér Réjyonal…
Nou tandé yé ka fé roun kaz pou tout moun ki vayan annan zafè èspòr, lò nou byen gadé mouché architèk ki trapé marché LaKolektivité Réjyonal, so masibòl Konséyèr Réjyonal…
Nou menm savé roun gran sosyété ka sasé lò, li koté an bours, li rivé trapé roun gro soumaké piblik a lanmen LaKolektivité Réjyonal. Lò nou ka li laprès marké atè nou Péyi <...>. Nou gadé ki masibòl prézidan laréjyon louvri roun sosyété pou travay annan zafé lò. DORLEN nou tandé sa non bokou sé dernyé tan annan zafé lò. DORLEN a non plasèr koté sa gran sosyété koté an bours gannyen roun permi d’eksplwatasyon. DORLEN a non masibòl prézidan Laréjyon chwézi pou bay sosyété li louvri.
Nou lèspri an pè nou ka gadé pou wè…
[...]",gcr,fineweb2
52,"KAYENN « MINING SYMPOSIUM »
Poukisa yé rivé fè roun gran kontré asou zafè lô nou péy annan trwa pronmyè jou mwa désanm 2011-an, san li ganyen pyès <...> ka sasé lô ki vini gadé sa ka pasé ?
Li té ganyen délégasyon tout péy « boukliyé GWIYANE »-a : BREZIL, SIRINANM, GWIYANA. Palô-a té rot menm, asou métod travay, ròtò (otér) prodiksyon chak péy ké yé politik minyé. Moun LAGWIYANN ka sasé lô pa té la pou tandé sa.
Pitét pésonn pa té di yé anyen, Pitét yé pa té palé ké yé anvan, Pitét yé pa fè sa gran kontré-aannan yé pa sans.
Pannan dé jou kozman asou zafè min lò-ya, nou pa tandé palé di fason pou viré mété Gwiyanè ladministrasyon fransé mété dérô-ya asou plasèr ya. Yé pa palé trop di zafé koripsyon fonksyonér fransé osi.
Pitét a pa té sa asosyasyon ki monté sa « senpozyom » té ka sasé fè !
Pitét yé té lé manjé soumaké linyon éropéyen, Pitét a yé pa réklam yé té ka sasé fé, Pitét falè té trapé roun sistenm pou di linyon éropéyen-an sa nou ka fé ké soumaké yé ka voyé annan nou péy <...>.
Li ganyen roun « pol minyè » ké trwa moun ka travay touléjou ka touché gro soumaké. Li ganyen mwens prodiksyon lô, mwens otorizasyon administratif, mwens Gwiyanè ka travay lô ; a klandestin ké sosyété fransé ka manjé nou lô.
Nou té ké anvi konprann poukisa an tan lô té ka vo sèt éro swasant dé li té ganyen pasé san GWIYANè ki ka travay lô épi jodla si to bizwen roun gram lô fodré to soti karant dé éro di to poch. Pitét kou nou pankò té ganyen sa pòl minyè-a sa té miyò pou nou!
Li toujou ganyen kenz mil « garimpéros » ka pran lô nou péy pou bontchô. Sa pouvé fé touproch ven tonn lò ka janbé dlo dèyè nou do.
Pannan sa tan-an, moun ka vandé pi bokou matéryél pou travay lò-a, ki ganyen entérè annan roun sosyétéi élikoptér, ka prézidé komisyon minyé pou kont chanm konmers ké lendistri LAGWIYANN-an (CCIG), ki vis prézidan Konséy réjyonal ké délégasyon politik minyé, ében a menm moun-an ké rot kichoz ankô !
Pitét a pousa li ganyen kontwar ka achté lò ki lovri PARAMARIBO ké OYAPOK yé ka aplé « KAROL... ».
Pitét sa « KAYENN SYMPOSIUM MINING » a té roun réklam politik pou bontchô ké noupa soumaké...
TIpoul até li ka graté, mété li asou siman li ka graté kantmenm...
PRéZIDAN KONSéY RéJYONAL douvan so jij.
Kok-a chanté trwa fwè ! Tribinal konvoké li trwa fwè !
Prézidan konséy réjyonal LAGWIYANN konvoké douvan so jij pou trwazyenm fwè, aprè kenz sèktanm, sis désanm sa maré-a, yé roukonvoké prézidan konséy réjyonal-a, pou ventwit févriyé 2012 a wit ér pou li réponn di so méfè.
Nou pankò lé krè ki lajistis fransé ké chéf group ”GUYANE 73”-a ka fè malen ansanm-ansanm pou li pa réponn di so zak !
Pronmyè kou, so avoka fé jij-a savé li té alé sasé so méday “bon ti soda » a lanmen Sarkozy, dézyenm kou-a, jij-a tonbé malkadi, trwazyém kou-a... Ôroyo ! Nou ka antann pou tandé.
Mé si yé ka konté asou nou pou bat déyé, yé ka pédi yé tan! Pép LAGWIYANN ké dibout ventwit févryé 2012 pou gadé ki komers lajistis fransé-a ké so « siplétif »-ya ké ofri nou pou gadé si yé ka fronmen nou wéy.
BAT MANMAN A PA ANYEN A DOUMANDé PARDON KI TOUT.
[...]",gcr,fineweb2
53,"Mo ka sonjé pronmyè fwè mo tandé sa zafè rakaba-a, a té roun traka (dézagréman) pou mo, ti négrès Kayenn.
Yé pwé di mo lonbri planté ròt koté, a pa roun bagaj mo té konnèt. Jodla, mo pwé pawézé, pas mo konnèt sa ki « Rakaba » é mo wè kouman nou gangan-yan té ka fè li. Mo té krè a té roun moso bwa, swè atò roun ròt kichoz mé mo pa jen pansé a té annan pyébwa yé té ka fè « rakaba ». Oroyo.
Sa ka fè dé lannen « Association Recherches Culture Guyanaise » pran désizyon kozé ké nou granmoun-yé pou anprann yé sigré ké bagaj di nou tradisyon. Mouché Mayen (asou Mousénéri) montré nou kouman pou fè kannon tradisyonèl-a.
I gannyen kèkjou, nou désann Mousénéri, nou alé anba danbwa ké li, li montré nou roun bèl pyébwa yé ka aplé parasòl. Mo moun-yan, li té gannyen bèl rasin ; mo gadé li, mo gadé toupatou, mo sasé sa ki « rakaba » épi, granmoun-an di nou, mé li, annan sa pyébwa-a, li ja pran rakaba pou ròt kannon-yan é li pwé bay roun swè dé ankò.
Lò yé fè dé tounen-viré, wonm-yan pozé fizi, Mouché Mayen gadé, tounen, viré, kou nou ka di, pézé soupézé, épi, bwa pou nou alé ; di kou dolo-a : « annou gadé ké ki bwa nou ka fè flèch ».
Tan mo konprann, tronsonéz ka bay, mo ka wè a rakaba bwa-a menm yé ka koupé. Yé pran roun bèl moso 95 cm konsa, byen pès. Lò mo gadé rasin bwa-a, mo té pwé imajiné roun lafinèt. Atò lò to ka gadé, jodla jou, nou ganyen tronsonèz, mé tanlontan, a té rach.
Nou pwé di sa nou lé, lontan moun-yan té pézan, pas mo pa krè roun lo té ké pwé fè, sa nou ka wè nou gangan-yan ka fè jouk atò. Mésyédanm, istwè-a pòkò fini, a pa lou tou di koupé bwa-a, fo nou gadé ki débriyé nou ka fè pou nou bay viré ké rakaba-a, é li ka pézé. Mouché Mayen gadé li, li pran so rach, li tiré moso lapo é annan roun ti moman, li té paré pou sa nou té benzwen.
Wonm-yan sasé lyann, yé sonjé pou charyé-li ké lyann, mé awa ! Sa pa ka maché. Yé sasé, yé propozé, yé éséyé, épi mé li, yé mété rakaba-a asou dé bwa, yé maré li ké lyann-yan, épi yé désann ké li, jouk òbò lari-a.",gcr,fineweb2
54,"Annou voyé kreyòl douvan douvan
[...]
Makak ka volé di pyé-kajou asou pyé-moutouchi, di pyé-koubaril asou pyé-wara konsidiré a zèl lannwit-a ka bay yé.
Rounsèlkou, zoukouyanyan soti, a té sèl limyè ki té ka kléré danbwa-a. Mowéyo koumansé chanté « mo-wé-yo, mo-wé-yo ».
Mé papiyon lannwit koumansé dansé anba zéklè zoukouyanyan-yan, épi yé ka pozé détan asou féy balourou, détan asou féy wakapou.
Pitipiti, bèt granjou ka lésé plas pou bèt lannwit.
Roun mosotèks nou pran annan liv « Sigré bounyon wara », Sonia Francius ké Aline Chanol ékri, lannen 1987, ké lanmen RAKABA.
[...]",gcr,fineweb2
55,"Trwa variété di grenn di lanti kiltivé.
Serten zannimo (gélenngé, pic, etc.) ka pédi dé grenn é frwi andan latè, annan sé lapo pyébwa ou annan bwa dèd où li ké jermé pli fasilman
Oun kapsoul di kokéliko ké so miltip grenn
Annan syk di lavi di sé « plant a grenn », aplé spermatofyt, grenn-an sa striktir ki ka konténi é protéjé ambryon véjétal.",gcr,fineweb2
56,"Mo té ké lé li sa artik-a ?
Chak lannen, Témwen Jéova-ya ka kontré annan dé gran asanblé ki ka diré trwa jou. Sa gran asanblé-ya ka pèrmèt nou kouté diskour, gadé vidéyo ki ka anprann nou léson ki ka vini di Labib-a. I gen entèrviou ké pyès téat ki ka montré kouman apliké prensip Labib-ya annan nou lavi. Nou té ké kontan rousouvwè zòt annan roun di nou gran asanblé. I pa jen gen lakèt.",gcr,fineweb2
57,"Mo té ké lé li sa artik-a ?
Lanmizik pou ladorasyon krétyen
Kouté ouben télécharjé chanté krétyen pou louwé ké adoré Jéova. Kouté kantik ki chanté, ki jwé ké roun òrkès ou ké enstriman é konsilté sé partisyon-yan.
Sa sòrt dé sijé-ya pa disponib annan sa lang-a anlè sit-a atchèlman.
Ou pouvé trouvé sa paj-a annan sa lang-a",gcr,fineweb2
58,"Abandonnen sa ki mal (1 Corinthiens 6:9, 10)
Si nou kontan Jéova, nou pa ké fè bagaj i rayi.
Jéova pa lé nou vòlò ni bwè tròp. I pa lé nou drogé nou kò ni pran tabak.
Bondjé rayi moun ki ka tchwé moun é ki ka fè avortman. I rayi osi lò dé madanm ouben dé wonm ka kouché ansanm. Jéova ka kondannen moun ki toujou lé plis bagaj é moun ki ka briga.
Nou pa divèt bay idol ladorasyon, ni pran kontak ké lespri mové ni ké moun ki mouri.
Lò Paradi-a ké vini, i pa ké gen plas pou moun ki ka fè mové bagaj.
Fè sa ki byen (Matthieu 7:12)
Pou nou fè Bondjé plézi, nou divèt éséyé fè kou li.
Ou ké montré ki ou kontan lézòt si ou janti é jénéré ké yé.
Montré ki ou drèt annan ou zafè.
Fo nou pardonnen san forsé.
Palé lézòt di Jéova é di kouman i ka aji (Isaïe 43:10).",gcr,fineweb2
59,"Mo té ké lé li sa artik-a ?
Liv ké brochir pou konprann Labib
Étidyé Labib-a asou roun sijé gras a télécharjman sé liv ké sé brochir-ya. Liv odio ké vidéyo annan lang yé ka palé ké sign ou pouvé trouvé annan plizièr lang.
Chwazi roun lang annan séksyon lang, kliké anlè Chaché pou wè piblikasyon ké so fòrma ou ka trouvé annan sa lang-a. Antré roun moso di tit-a pou wè piblikasyon ou ka chaché-a.
Kisa Labib-a ka anprann nou ?
Program asanblé sirkonskripsyon 2017-2018 ké sirvéyan sirkonskripsyon-an.
Program asanblé sirkonskripsyon 2017-2018 ké roun réprézantan di filial-a.
[...]
Bon nouvèl ki ka vini di Bondjé !
Ès ou té ké lé konnèt lavérité-a ?
Ès moun mouri pouvé vréman rouvini a lavi ?
Koté nou pouvé trouvé répons pou sé gran késyon lavi-a ?
Kisa ou ka pansé di Labib-a ?
Kimoun ki ka vréman dominé monn-an ?
A kisa ki Rwayonm Bondjé-a ?
Sèrten aktializasyon ki fèt annan piblikasyon nimérik pitèt pòkò ka parèt annan sa ki enprimé-ya.",gcr,fineweb2
60,"[...]
Grann Déprésyon-an (The Great Depression an anglé), nonmen osi « kriz ékonomik dé lannen 1930 », sa péryòd-a di listwè mondjal-a ki k'alé di krach di 1929 o Étazini jouk Ségonn Lagèr mondjal-a.
Présédé pa pwisant èspansyon dé lannen 1920, a pi enpòrtant déprésyon ékonomik di xxe syèk, ki ka akonpagné so kò di roun enpòrtant déflasyon é di roun ésplozyon di chomaj é té ka pousé otorité-ya à roun profonn réfòrm dé marché finansyé.",gcr,fineweb2
61,"[...]
Oun ion oben yon est sa roun atom oben roun molékil élèktrik, pas ki so nonm d'élèktron sa diféran di so nonm di proton. Nou ka distengé Dé grann katégori d'ion : kasyon-yan ki charjé pozitivman, ké anyon-yan ki charjé négativman.
Sign-an é valò-a di sa chark élèktrik sa endiké an èspozan à finisman-an di fòrmil chimik-a di ion-an, an miltip di charj élémantèr-a e (lò ion-an pas ka poté ki roun charj, nou pa ka endiké ki sign-an). Lègzanp : Cu2+ ka rouprézanté ion kwiv-a (II) di charj 2e, Na+ ion sodium-an di charj e, Cl−pou ion klòr-a di charj −e.",gcr,fineweb2
62,"[...]
Jé di sosyété-a sa roun jé ki ka pratiké so kò à plizyò moun, pa opozisyon o jé ki ka pratiké yé kò sèl, jé solitèr oben kas-tèt.
[...]
Byen ki li pa gen di définisyon inivèrsèl é ki konplètman satisfézant, li sa posib di tanté di an aproché so kò.
Pratik-a dé jé di sosyété sa roun aktivité lidik é lwézi ki ka déroulé so kò à plizyò an rèspèktan oun règ ki ka défini mwayen-yan, kontrent-ya ké lòbjèktif-ya à atenn o kour di parti-a. Finalité-a di sa aktivité sa divèrtisman-an ki partisipan-yan ka an rétiré an éséyan di ranpòrté parti-a.",gcr,fineweb2
63,"[...]
Tablo péryodik dé éléman, égalman aplé tablo oben tab di Mendeleïev, klasifikasyon péryodik dé éléman oben senpman tablo péryodik ka rouprézanté tout éléman chimik-ya, ki òrdoné pa niméro atomik krwasan é òrganizé an fonksyon di yé konfigirasyon élèktronik, lakèl anba-tann yé propriyété chimik.
Konsèpsyon di sa tablo sa jénéralman atribiyé o chimis ris Dmitri Mendeleïev, ki, an 1869, té konstrwi roun tab, diférant di sa ki nou ka itilizé jòdla mè sanblab annan so prensip, don gran entérè-a té di propozé roun klasifikasyon sistématik dé éléman ki konnèt à lépòk-a pou souligné péryodisité-a di ye propriyété chimik, d'idantifyé éléman-yan ki ka rézisté à sèrtenn propriyété di éléman chimik alò enkonnèt.",gcr,fineweb2
64,"[...]
Nou ka aplé artiri ansanm-an dé arm kolèktiv oben lourd ki ka sèrvi pou voyé, à grann distans, asou ennmi-a oben asou so pozisyon-yan é so ékipman-yan, divèr projèktil di gro oben piti kalib : obi, boulé, rokèt, misil, pou apiyé si pròp troup-ya ki angajé annan roun batay oben roun syèj. Tèrm-an té aparèt anviron o xiiie syèk, ki ka dérivé di vyé fransé artilyé ki ka dézigné artizan-yan, fabrikan d'arm é ékipman di lagèr. So artizan-yan té pannan lontan sèl èspésyalis-ya annan sèrvis-a di sa arm-yan pis ki yé ka fabriké yé é ka éséyé yé anvan livrézon-yan. A pousa ki, jouk xviiie syèk, yé té komisyoné pa souvren-yan pou sèrvi yé à lagèr-a.",gcr,fineweb2
65,"[...]
Entéraksyon fèb-a (osi aplé fòs fèb é pafwè fòs nikléyèr fèb) sa roun dé kat entéraksyon fondamantal di lanatir-a, trwa ròt ki sa entéraksyon élèktromagnétik-ya, nikléyèr fòrt é gravitasyonèl. Li sa rèsponsab di dézentégrasyon radjoaktiv-a di partikil sibatomik é sa à lorijin-an di fizyon nikléyèr-a annan zétwèl-ya. Li ka afèkté tout katégori-ya di fermion ki konnèt, à koumansé pa élèktron-yan, quark-ya é nétrinos-ya.
Annan modèl èstandar di fizik-a de partikil, entéraksyon fèb-a sa kozé pa échanj-a di boson-yan W+, W- et Z0. Léfè-a ki pli konnèt an sa radjoaktivité-a β. Laplipa dé partikil sa sijèt à dézentégrasyon-an ki kozé pa entéraksyon fèb-a.",gcr,fineweb2
66,"Sa paj ka konsèrné lannen 1156 di kalandriyé julyen.
Évènman:
- 25 févriyé : révòlt musulman atè Sfax (an Tinizi atchwèl) kont dominasyon nòrmann-an di rwayom di Sicile. Masak dé krétchen di lavil-a òrkèstré pa gouvèlnò-a Omar.
- Prentan : Chip sa mété à sak pa Renaud di Châtillon, prens d’Antioche é Thoros Ie d’Arméni.
- Renaud di Châtillon, ki ka prétèksté roufi-a di basileus Manuel Ie Comnène di péyé ba li roun sonm ki té promèt, ka désidé di lansé oun raid kont zil bizantin-an di Chip. Divan roufi-a di patriyarch laten d’Antioche Aimery di Limoges di finansé èspédisyon-an, i ka jité li an prizon, ka fè li tòrtiré, épi aprè ki li andjwi so blès-ya di myèl, ka anchéné li é ka èsplozé li o solèy o priz ké dé milyé di zensèk. Renaud ka débarké atè Chip o prentan, ka défè san difikilté garnizon bizantin-an, épi ka ravajé sistématikman zil-a : chan-yan ki kiltivé sa boulé, troupo-ya sa masakré, légliz-ya, palè-ya ké kouvan-yan sa piyé é ensandjé, fanm-yan sa vyolé, vyéyar ké timoun gen gòrj tranché, wonm-yan ki rich sa mennen an otaj é pov-ya dékapité.",gcr,fineweb2
67,"Mé mo menm mo pa profité di sa bagaj-ya pyès. É mo pa ka ékri sa pou yé fè roun bagaj pou mo, pas mo simyé mouri pasé… Pyès moun pa ké anpéché mo fyèr di sa ! Mé si mo ka fè tout moun konnèt bon nouvèl-a, a pa pou sa mo pouvé krè mo kò. A roun bagaj mo oblijé fè. Wi, malò ké tonbé asou mo si mo pa ka fè tout moun konnèt bon nouvèl-a ! Si mo ka fè l’ ké bon tchò, mo gen roun rékonpans ; é si mo pa ka fè l’ ké bon tchò, an tout sans yé bay mo fè roun travay. Donk, mo rékonpans, a kisa ? A ki, lò mo ka di bon nouvèl-a, mo pouvé fè l’ san mo pa fè pyès moun péyé, pou mo pa pran otorité mo gen parapòrta bon nouvèl-a pou profité asou zòt. Pou sa-ya ki fèb, mo vin fèb, pou mo té pouvé ganyen sa ki fèb. Mo divini tout kalité bagaj pou tout kalité moun, pou fè tousa mo té pouvé pou sové déztrwa annan yé. Mo ka fè tousa mo pouvé pou bon nouvèl-a, pou partajé l’ ké ròt-ya. Ès zòt pa savé, ki annan roun lakours, tout moun ka kouri, mé a rounsèl moun ki ka ganyen pri-a ? Kouri pou zòt ganyen pri-a. Tout sa ki ka fè konpétisyon ka kontròlé yé kò annan tout bagaj. Yé menm, yé ka fè l’ pou rivé gen roun kouròn ki ka gaté, mé nou menm, nou ka fè l’ pou gen roun kouròn ki pa ka gaté. Atò, mo pa ka kouri san mo pa konnèt ki koté mo ka alé, mo pa ka bay koutpwen san mo pa touché anyen ; épi mo ka bay mo kò kou é mo ka ralé l’ kou roun èsklav, pou mo pa divini roun moun Bondjé pa kontan, apré mo fin préché bay ròt moun-yan.",gcr,fineweb2
68,"[...]
LOS ANGELES, USA (defend.ht) - Sèz Inivèsite nan Sid jwè foutbòl Kalifòni tounen semèn pase a sot nan yon vwayaj an Ayiti kote yo bati kat kay pou moun ki viktim tranbleman tè a 2010. Trwayen yo antre nan sezon an 2012 ak gwo espwa ak 9 kòmansè ak stratèj Matt Barkley retounen kòm granmoun aje yo.
Te vwayaj la ki te òganize pa papa Matt Barkley a, Les Barkley, ki moun ki te vwayaje nan Ayiti anpil fwa anvan ak apre tranbleman tè a. Les se yon volontè ak yon ki pa Peye-òganizasyon kretyen rele Fòs espwa ki espesyalize nan doktè, medikal ak tretman chòk apre tranbleman tè a.
Fanmi an Barkley gen yon tradisyon nan pran trajè misyon. Men, ak orè sere Matt Barkley a, ant lekòl ete ak fòmasyon foutbòl Ameriken, yo te jwenn yon fenèt pou yon semèn, li mennen ekip la ansanm ak yo.
Dapre la Chak jou Trojan, Les Barkley sijere ale nan Ayiti. Matt pitit gason l 'te renmen lide a, li mande « ta li dwe OK si yon koup la ekip te vini ak nou? » Les Barkley.
Lis la pou vwayaj la enkli chèf yo ak lidè ansyen sekirite tj McDonald, Matt Barkley, sant Khaled Holmes, defans fen Devon Kennard ak Junior punter Kyle Negrete.
An Ayiti, ekip la te travay bati kat kay pou fanmi ki nan bezwen, patisipe nan distribisyon manje nan kominote izole ak transpò ak distribye materyèl ak nesesite yo nan lekòl lokal ak òfelina.
Les Barkley kredi inivèsite a, elèv yo ak pwofesè, pou ede ekip la ranmase lajan pou ekip la pran vwayaj la.
« Nòmalman tout nan lajan yo te vini nan Fanmi an trojan », Les Barkley te di.
Les Barkley di USC Athletics sit entènèt la te ede jenere pawòl nan bouch pou kòz la.
« Lè ansyen elèv Trojan tande sa ekip yo te fè, mwen te resevwa apèl di 'Hey m ka ede? Kouman mwen ka sipòte efò sa a? » Les Barkley te di.
Kennard di vwayaj la te ede devlope pi fò relasyon ant jwè yo.
« Nou grandi ansanm paske nou te ale deyò ak travay », Kennard te di. « Fè li kòm yon ekip, te fè li tout pi bon an. »
Sou teren an.
Akote de yon klas retounen pou sezon an 2012 anpil ki gen esperyans, trwayen yo fè grandizè yon sezon rekritman gwo ajoute vitès defans yo.
2012 tou se sezon an ki USC reprann kalifikasyon yo patisipe nan jwèt sezon Post. Yo te entèdi nan jwèt bòl pou de lane pa NCAA la.
Ki gen rapò 04.25.2011: Morgan Trent pase tan nan Ayiti Pandan NFL verouyaj.
Ki gen rapò 03.25.2011: Barrett Jones espere ke yo Fè Ayiti Sòti a yon tradisyon Inivèsite.
[..;]",hat,fineweb2
69,"Otorite nan Repiblik Demokratik Kongo, mande sanksyon kont Rwanda apre yon dènye afwontman ki rive nan vil kongolèz Goma, kote disidan RDK yo te jwenn apwi Rwanda.
Gwoup konbatan M23 yo twouve yo kwense nan Goma apre sòlda mentyen lapè Nasyonzini yo ak sòlda gouvènmantal yo te fè yo fè bak.
Rwanda kontinye demanti nouvèl ki fè konnen kòmkwa l ap apwiye rebèl disidan yo. Anbasadè peyi Lafrans nan Nasyon Zini Gerard Araud kritike gwoup M23 ke li akize dèske se li ki ta deklannche afwontman yo.
Diplomat la ajoute La Frans pral pote devan òganizasyon mondyal la yon rezolisyon ki kondane konbatan M23 yo e mande sanksyon pou lidè gwoup rebèl la.
Minis enfòmasyon RDK a, Lambert Mende, di Lavwadlamerik sanksyon yo nesesè pou mete fen nan batay yo.",hat,fineweb2
70,"[...]
Soti lane 1982 rive 2012, gad kòt Ameriken kenbe 222 315 moun sou lanmè Karayib la, oubyen nan zòn Detwa la Florid ak kanal la Mona. Pami moun sa a yo te gen 69 355 Kiben, 36 536 Dominiken, ak 116 424 Ayisyen. Gen anpil milye lòt ki rive la Florid oubyen Pòtoriko san yo pa kenbe yo. Mete sou sa milye lòt ankò ki pèdi lavi yo nan wout.
Depi nan komansman ane swasant yo, moun te kòmanse kite peyi yo piti piti, oubyen pa bann ak pa pakèt lè move lavi oubyen vyolans politik mete yo deyò. Yo pran lanmè nan move kondisyon sou bato ki twò chaje e ki pa fèt pou pran gwo dlo.
An 1965 ak 1980, lè gouvènman Kiben an te bay moun pèmisyon kite peyi a, yo tout ale Etazini dirèkteman. An twa fwa nan ane 90 yo, te gen plis pase 10 000 Kiben ak Ayisyen ki fè tan nan prizon nan baz naval Gwanntanamo.
Se istwa moun sa a yo ke Koleksyon Migrasyon Lanmè nan Karayib la (Caribbean Sea Migration Collection) rakonte. Biblyotèk David M. Rubenstein ta renmen voye yon gwo kout chapo bay tout moun ki fè yon don bay Koleksyon an, pami yo Holly Ackerman, Stephen Brown, Dr. Elizabeth Campisi, Siro del Castillo, Guarioné Diaz, Mariela Ferrer Jewett, ak Lourdes Zayas-Bazán.
[...]",hat,fineweb2
71,"Men non pitit Jakòb yo ki te desann avè l’ nan peyi Lejip ansanm ak tout fanmi yo: Se te Woubenn, Simeyon, Levi epi Jida, Isaka, Zabilon epi Benjamen, Dann ak Nèftali, Gad ak Asè. Sa te fè antou swasanndis moun nan ras Jakòb la. Jozèf menm te deja nan peyi Lejip la. Apre sa, Jozèf mouri, tout frè l’ yo mouri tou ansanm ak tout moun menm laj ak yo. Men pèp Izrayèl la te fè anpil pitit, yo te peple. Yo te vin anpil. Yo te vin fò, yo te toupatou nan peyi a. Te vin gen yon lòt wa nan peyi Lejip la. Wa sa a pa t’ konn anyen sou Jozèf. Li di pèp la konsa: -Gade. Pèp Izrayèl la vin pi plis pase nou. Yo pi fò pase nou. Tande non! Fòk nou jwenn yon jan wi, pou n’ bat ak moun sa yo, pou yo pa vin plis toujou. Paske, si yon lagè pete la a, yo ka mete tèt ansanm ak lènmi nou yo pou yo bat nou. Apre sa, y’a pati kite peyi a. Se konsa yo mete kèk chèf sou pèp Izrayèl la pou kraze kouraj yo, pou fè yo fè kòve travo fòse san pran souf. Moun pèp Izrayèl yo bati lavil Piton ak Ranmsès pou farawon an. Se nan lavil sa yo yo te fè depo manje. Men, tank moun Lejip yo t’ap peze moun pèp Izrayèl yo, se tank yo t’ap fè pitit, se plis yo t’ap peple. Moun Lejip yo vin rayi moun pèp Izrayèl yo. Se konsa, yo fè pèp Izrayèl la tounen esklav. Yo rann yo lavi minab, yo fè yo travay rèd ap bat mòtye, ap fè brik, ap fè tout lòt kalite kòve nan jaden. Yo bat yo, yo fòse yo fè tout kalite travay sa yo. Lè sa a, te gen de fanmchay ki te konn akouche medam ebre yo. Yonn te rele Chifra, lòt la te rele Pwa. Wa Lejip la rele yo, li di yo: -Lè n’ap akouche medam ebre yo, lè yo sou choukèt, louvri je nou. Si pitit la se yon gason, touye l’. Men si se yon fi, kite l’ viv. Men, fanmchay yo te gen krentif pou Bondye. Yo pa t’ fe sa wa Lejip la te ba yo lòd fè a. Yo te kite ti gason yo viv tou. Lè sa a, wa a fè rele fanmchay yo, li mande yo: -Poukisa nou fè sa? Apa nou kite ti gason yo viv tou? Medam yo reponn: -Fanm ebre sa yo pa tankou fanm Lejip yo non. Yo gen kouraj sou yo wi. Anvan fanmchay la rive, yo gen tan akouche. Bondye te beni fanmchay yo. Moun pèp Izrayèl yo menm t’ap vin pi plis toujou. Yo t’ap vin pi fò. Paske fanmchay yo te gen krentif pou Bondye, Bondye te ba yo anpil pitit. Lè sa a, farawon an bay pèp la lòd sa a: -Se pou nou jete tout ti gason ki fèt lakay moun ebre yo nan gwo larivyè a. Men, kite tout ti fi yo viv.
Egzòd Array",hat,fineweb2
72,"Senatè Jean William Jeanty (Depatman Nip) denonse desizyon chanm bas la pran pou l chwazi pou kont li tout reprezantan palman an nan yon komisyon bikameral ki gen pou fòme konsèy elektoral la.
Daprè senatè a, yon desizyon konsa pa an akò ak règleman yo ki prevwa pou chakenn nan 2 chamn yo genyen reprezantan li nan komisyon an.
An plis de sa, Misye Jeanty lonje dwèt sou le fèt ke biwo chanm depite a chwazi sèlman manm gwoup majoritè a ki pwòch pouvwa an plas la.
Palmantè Nip la poze kesyon pou l mande eske sa ta ta vle di gouvènman Martelly-Lamothe la pa enterese vrèman pou l òganize eleksyon nan peyi a e li mande 2 alatèt pouvwa egezekitif la pran responsablite yo.
Klike sou ikon ki agoch la pou w swiv yon repòtaj korespondan nou Renan Toussaint ki nan Pòtoprens.",hat,fineweb2
73,"Pèp Izrayèl la lage kò l’ ankò nan fè sa ki mal nan je Seyè a. Seyè a kite moun peyi Madyan yo mete pye sou kou yo pandan sètan. Moun peyi Madyan yo te pi fò pase moun pèp Izrayèl yo. Se poutèt sa, moun pèp Izrayèl yo al kache kò yo nan fon ravin, nan gwòt, nan twou wòch yo jwenn nan mòn yo. Chak fwa moun Izrayèl yo te fè yon ti plante, moun Madyan yo moute ansanm avèk moun Amalèk yo ak lòt bann moun k’ap viv sou bò solèy leve, yo vin atake yo. Yo moute tant yo sou tè moun Izrayèl yo, yo ravaje tout rekòt yo rive jouk toupre lavil Gaza. Yo pa kite anyen pou moun Izrayèl yo manje, pa menm yon mouton, yon bèf osinon yon bourik. Lè konsa, yo moute ak tout tant yo ak bann bèt yo. Yo moute an kantite, ou ta di bann krikèt vèt. Ou pa ka konte konbe ki genyen, ni kantite chamo yo mennen ak yo. Yo te vin nan peyi a pou ravaje l’. Moun peyi Madyan yo te fini ak moun Izrayèl yo. Lè sa a, moun Izrayèl yo kriye nan pye Seyè a, yo mande l’ sekou. Lè pèp Izrayèl la te kriye nan pye Seyè a pou moun peyi Madyan yo, Seyè a te voye yon pwofèt bay pèp la ki di yo: -Men sa Seyè a, Bondye pèp Izrayèl la, voye di nou: Se mwen menm ki te fè nou soti nan peyi Lejip kote nou te nan esklavaj la. Mwen te delivre nou anba men moun Lejip yo ak anba men tout lòt moun ki t’ap malmennen nou isit la. Mwen mete yo deyò pou yo fè plas pou nou, lèfini mwen ban nou peyi moun sa yo pou nou rete. Mwen te di nou se mwen menm Seyè a ki Bondye nou an. Koulye a nou rete nan peyi moun Amori yo, piga n’ al sèvi bann bondye moun sa yo. Men, nou pa t’ koute m’ lè m’ te pale nou. Lè sa a, zanj Seyè a vini, li chita anba pye chenn ki toupre yon ti bouk yo rele Ofra, ki te pou Joas, moun fanmi Abyezè yo. Jedeyon, pitit gason l’ lan, t’ap bat ble an kachèt anndan kay kote yo konn kraze rezen an, pou moun Madyan yo pa t’ vin pran l’ nan men l’. Zanj Seyè a parèt devan l’, li di l’ konsa: -Bonjou, vanyan sòlda! Seyè a avè ou! Jedeyon reponn li: -Adye, msye! Si Seyè a avè nou vre, manyè di m’ poukisa tout bagay sa yo rive nou! Kote tout bèl bagay zansèt nou yo te rakonte nou Seyè a te konn fè, jan se li menm ki te fè nou soti kite peyi Lejip? Men koulye a, Seyè a lage nou, li kite moun Madyan yo fè sa yo vle ak nou. Lè sa a, Seyè a bay Jedeyon lòd sa a, li di l’: -Ale non. Avèk fòs kouraj ou genyen an, w’a delivre pèp Izrayèl la anba men moun peyi Madyan yo. Se mwen menm menm ki voye ou! Jedeyon reponn li! -Tanpri, mèt! Avèk kisa mwen pral delivre pèp Izrayèl la? Fanmi mwen, se li ki gen pi piti moun nan branch fanmi Manase a. Lèfini, mwen menm pou tèt pa m’, se mwen menm ki pi piti lakay papa m’. 16Seyè a di l’: -Ou ka fè l’, paske m’ap kanpe la avè ou. Ou pral kraze moun Madyan yo tankou si se te yon sèl moun yo te ye. Jedeyon reponn: -Si reyèlman vre ou vle fè m’ favè sa a, ban m’ yon prèv se ou menm tout bon k’ap pale avè m’ la a. Tanpri, pa deplase kote ou ye a jouk m’a pote yon ofrann mete nan pye ou. Li reponn: -M’ap rete la tann ou. Se konsa, Jedeyon antre, li kwit yon jenn ti kabrit. Li pran yon mamit farin frans, li fè pen san li pa mete ledven ladan l’. Li mete vyann lan nan yon ti panyen, li mete sòs vyann lan nan yon gode, li pote yo bay zanj Seyè a anba pye chenn lan. Li lonje yo ba li. Zanj lan di l’: -Mete vyann lan ak pen yo sou gwo wòch ou wè la a, epi vide sòs la sou yo. Jedeyon fè sa vre. Zanj Seyè a leve baton ki te nan men l’ lan, li lonje l’, li manyen vyann lan ak pen yo ak pwent baton an. Yon dife soti nan wòch la, li boule tout vyann lan ak pen yo. Epi, lamenm zanj Seyè a disparèt devan li. Lè Jèdeyon wè se zanj Seyè a menm ki te parèt devan l’, li di: -Bondye Seyè o! Gade malè ki rive m’ non! Mwen wè zanj Seyè a fas pou fas! Men, Seyè a di l’ konsa: -Ou pa bezwen pè. Poze san ou. Ou p’ap mouri pou sa. Jedeyon bati yon lotèl pou Seyè a la menm. Epi li rele l’: Seyè a bay kè poze. Jouk jòdi a lotèl la la nan ti bouk Ofra a, sou pwopryete ki pou moun Abyezè yo. Menm jou lannwit sa a, Seyè a di Jedeyon konsa: -Pran towo bèf papa ou la, ansanm ak yon lòt towo ki gen sètan. Kraze lotèl papa ou te fè pou Baal la. Koupe poto Achera ki bò kote l’ la. Moute sou ti bit sa a, bati yon lotèl pou Seyè a, Bondye ou la, jan yo konn fè l’ la. Lèfini, pran dezyèm towo a, boule l’ nèt sou lotèl la pou mwen nan dife w’a fè avèk moso poto Achera ou te koupe a. Jedeyon pran dis nan domestik li yo, epi li fè tou sa Seyè a te di l’ fè. Men, li te pè fanmi l’ yo ak lòt moun yo ki rete nan lavil la. Li pa t’ fè sa lajounen, l’ al fè l’ lannwit. Lè mesye yo ki rete nan lavil la leve granmaten, yo wè lotèl Baal la kraze, poto Achera a koupe, epi dezyèm towo a menm boule sou lotèl yo te bati la a. Yonn di lòt: Ki moun ki fè sa, en? Yo tonbe chache, yo t’ap mande moun ki jan sa fè fèt. Yo vin konnen se Jedeyon, pitit Joas la, ki te fè sa. 30Mesye yo al di Joas konsa: -Fè pitit gason ou lan soti vin jwenn nou isit la. Se pou n’ touye l’! Li kraze lotèl Baal la, epi li koupe gwo poto Achera ki te bò kote l’ la. Joas reponn tout moun ki te kanpe devan l’ yo. Li di yo: -Anhan! Se nou ki pou goumen pou Baal? Se nou ki pou defann li? Enben, moun ki vle goumen pou Baal gen pou l’ mouri anvan solèy leve. Si Baal se yon bondye vre, se li ki pou defann tèt li. Se lotèl li a yo kraze! Depi jou sa a yo rele Jedeyon Jewoubaal paske Joas te di: Kite Baal koresponn ak li, paske se lotèl Baal la li te kraze. Lè sa a, tout moun Madyan yo, tout moun Amalèk yo ak tout moun k’ap viv nan dezè a bò solèy leve yo mete tèt ansanm, yo janbe lòt bò larivyè Jouden an, yo moute kan yo nan plenn Jizreyèl la. Lespri Seyè a desann sou Jedeyon. Li soufle nan yon kòn belye mouton, li rele tout gason nan fanmi Abyezè a vin jwenn li. Apre sa, li voye mesaje nan tout peyi Manase a al rele moun yo pou yo vin jwenn li tou. Li voye mesaje nan peyi Asè, nan peyi Zabilon ak nan peyi Neftali. Tout moun sa yo moute vin jwenn li. Lè sa a, Jedeyon di Bondye konsa: -Si se ou menm vre ki vle sèvi avè m’ pou delivre pèp Izrayèl la, men mwen mete yon moso lenn sou glasi a. Si denmen maten mwen wè gen lawouze sou moso lenn lan sèlman epi tout rès glasi a chèch, lè sa a m’a konnen se ou menm vre ki pral sèvi avè m’ pou delivre pèp Izrayèl la. Se sa ki te rive vre. Nan denmen maten, lè Jedeyon leve byen bonè, li tòde moso lenn lan, li wete dlo ladan l’ kont pou ta plen yon bòl. Lèfini, Jedeyon di Bondye ankò: -Tanpri, pa fache sou mwen non! Kite m’ di ou yon dènye bagay. Kite m’ fè esperyans moso lenn lan yon lòt fwa ankò. Men, fwa sa a se pou moso lenn lan rete chèch, epi pou lawouze sou tout glasi a. Jou lannwit sa a, Bondye fè sa konsa vre: moso lenn lan te rete byen chèch, men te gen lawouze sou tout glasi a.
[...]",hat,fineweb2
74,"Pou yo pa jwenn anyen pou yo repwoche nou, pou nou ka fè sa ki byen tankou bon pitit Bondye, antan n’ap viv nan mitan bann moun malonèt ak bann mechan sa yo ki sou latè. Se pou nou klere nan mitan yo tankou zetwal nan syèl la.
[...]",hat,fineweb2
75,"Anvan ou aplike
Pou fè sèten klinik nou yo alè, tanpri klike la a ekri ak lèt detache ak ranpli fòm admisyon nou an.
Avi frè
Malgre ke atelye nou an, se gratis, gen yon frè aplikasyon nan $ 680 peyab nan 'US Department of Homeland Security'
Si ou kwè ou ta ka kalifye pou yon kalifikasyon chèk pou egzansyon frè ak dokiman nesesè yo pote avèk ou!

Sa ou bezwen pou vin yon sitwayen Ameriken
Si ou se yon rezidan pèmanan legal (avèk grinkat) pou omwen 5 ane men sa yo mande pou aplike pou natiralizasyon.

Lòt fason ou ka Sitwayen Ameriken",hat,fineweb2
76,"Powèm pa Edner Saint-Amour
Deus ex machina
Pawòl monte fè pil sou pil
Aksyon menm zerobare nil.
Yo chita tann avèk espwa
Yo kwè nan: Deus ex machina.
Pawòl monte ap fè bann
Aksyon pran rout desann.
Yo chita tann avèk espwa
Yo kwè nan: Deus ex machina.
Pawòl monte bit sou bit
Aksyon pran rout chire pit.
Yo chita ap tann avèk espwa
Yo kwè nan: Deus ex machina.
Pou viv moun dwe aji
Nan dlo moun naje pou soti.
Aide-toi le ciel taidera
Lavi chita nan men debouya.
Aksyon se motè yon peyi
Lalwa se volan yon peyi
Pou viv moun dwe aji
Nan dlo moun naje pou soti.
(20 fevriye 2004)
Chemen Delivrans
Pèdi nan pozisyon san bout limit
Ayiti fenk koumanse konte viktim
Konsa kwayans nou ap dòmi nan latèrè,
Pliske fè antant se pa lakay nou yon valè.
Nan moun nan nou te wè sovè lanasyon
Pa ka rete tren lanmò demolisyon
Nan tèt ansanm prezan jwenn pase
Pou di ansanm: anyen pa janm chanje.
Prezan ak pase sanble tèt koupe nan vyolans
Eskonbrit briganday fè konplo pou di
Pou lanasyon pou Ayiti pa gen lavni.
Lè nou mete tout bagay yo nan balans fè yon sòm
Nou wè tout chavire nan kil gran zòm.
Nou kwè nan yon profèt ki gen tout kapasite
Nou kwè lepèp se senbòl feblès fatalite.
Lèzòm fèt nan tout jenerasyon tout laj
Men listwa fè yo pa gen menm vizaj.
Solèy verite klere leve jodiya pou di
Delivrans chita nan aksyon ki fè moun grandi.
Lè lespri va tonbe sous gwo verite sila
Lè nanm nou va dijere gwo verite sila
Nan nwayad la na naje pou soti
Solèy progwè va klere lavi tankou lavni.
Lè Ayisyen reyisi konprann
Kòm yon prensip li vle defann
Aksyon se motè yon nasyon
Lalwa se volan yon nasyon.
Lè lespri va tonbe sou verite sila
Lè nanm va dijere verite sila
Nan nofraj la na naje pou soti
Solèy pwogrè va klere lavi kon lavni.

Toro
Mwen konnen ou se toro gason
Nan ranvèse pouvwa madichon
Mwen konnen ou se toro chanpyon
Nan dechouke pouvwa represyon.
Nou te dechouke blan kolon
Ki vole gaguè bout lòt kanton,
Ekri non nou nan kaye limanite an gran jan
Kòm premye repiblik nwa endepandan.
Mwen konnen ou se toro lanfè
Ki ranvèse dechouke rejim militè
Ki tap fè de bò bounda jwe jon
Anba koko makak kout baton.
Pouvwa monte pouvwa desann
Ayisyen toujou ap pran gagann
Pouvwa ale pouvwa vini
Vyolans represyon pa janm fini
Se lè pou chita fè yon ti refleksyon
Mete lespri nou nan lòt direksyon
Bwase kat pwoblèm yon lòt fason
Nan rout lojik pou jwenn solisyon
Edner Saint-Amour

Powèm pa Elsie Suréna
Poukisa
Poukisa toutou m kontinye sonje w
Tankou tè sèk ki fann
Sonje lapli mwa jiyè?
Poukisa cheri m pa ka bliye w
Tankou yon papiyon bliye
Yon jou li te yon ti chini?
Poukisa choupit m toujou ap tann ou
Tankou prizonyè Lasnal
Ape tann jou liberasyon?
Poukisa dou m ap veye retounan w
Tankou pasajèz kanntè
Ap veye parèt limyè Mayami?
Poukisa chouchou lanmou tòde kè ran m
Tankou zòt tòde lè li pran kout rigwaz
Nan mitan rèl do nan kanaval?
Poukisa nèg malgre sa m renmen w toujou?
Elsie Suréna

Powèm pa Doumafis Lafontan
Pwezi liberasyon
Ayisyen nanm nan boutèy
Kanzo flanm nan men
Depi nan mòn chèf defile flanm nan men
Limyè pou yo jwenn chimen nan monn lan
Dife pou yo sòti nan pè,
Lamizè, e
Kras
Jete dlo pou lespri
Rele lwa nan govi
Lwa pou frennen ensekirite
Lwa pou ponyade enpinite
Mistè danse nan tèt
Pou w sòti nan labou
Esklizyon,
Divizyon, e
Politik pa louvri baryè
Pawòl siperyè, enferyè pa fè kò ini
Tanbou etranje pa sonnen menm jan ak tanbou ginen
Rit etranje pa danse menm jan ak rit ginen
Kò ginen se oun tanp
Li fè youn ak tanp linivè
Pwezi liberasyon
Se aji menm jan ak kreyatè
Nan pratike aksyon
Wa va bati kay,
Kominote, e
Nanchon
Volonte se lafòs pou w pwodui
Wa va aji an mèt
Pwodui jan w vle
Fòme monn w vle
Patisipe nan kòmòs lan jan w vle
Kilès ki kapab blame moun lespri reklame?
Seta oun absidite pi mal pase vle vini fransè
Si nou pata itilize legasi nou,
Tradisyon nou
Pou leve diyite nou
Pou fè triyonfe destine nou.
Istwa Nanchon Ayisyen
Map chèche zanj oun pwezi liberasyon
Oun langaj ki esplike pozisyon Ayisyen
Dapre sa nou viv nan Ayiti cheri
Map chèche oun vokabilè antye
Oun sentaks ki makònen aksyon, aktè
Panche Ayiti bò majorite-absoli
Bomba
Samba
Sonnen lanbi
San manman, san papa
Youn rele lòt
Rasanble
Kouman sa ye?
Pa gen maladi ka a grav!
Tout moun konnen Istwa Nanchon Nwa Sendomeng
Ki kase chenn tirani
Bat bouda Kolon, komèsan esklav
Boule bitasyon, atelye Koloni Fransè
Rebati Wayòm Ayiti
Mete fen-sèk nan krim kont limanite
Jayi limyè kont manti Kolon bay sou limanite
Verite-jistis sanwete sanmete
Se Istwa Nanchon Nwa m ap rakonte
Diferan reyalite Pèp
Chemès, Arawak, Tayino
Ewopeyen, Panyòl, Fransè, Anglè
Afriken, Arada, Ibo, Kongo, Pel, Bambara, Mandeng
Nanchon Nwa pataje annefè
Yo makònen youn nan lòt nan Oralti
Pou lavi kontinye
Nouvo dimansyon
Se Istwa Nanchon Ayisyen nou pral rakonte
Tout moun konnen istwa Pèp Ayisyen ki te goumen kont kolonis
Rive sòti nan esklavaj
Pèp Ayisyen te jire Inyon fè la Fòs
Yo fòme oun Asanble pou fè pasasyon pouvwa
Koken fèt,
Deblozay pete, e
Goumen mare
Mwen mande poukisa de frè ap fè espektak piblik sa a?
Yo di mwen se depi yo fini tiye Anperè Janjak 1e
Youn ap dechire lòt, e
Pensonn pa rive mete ola,
Fè yo sispann goumen
Mwen pwoche pi pre
De frè yo di mwen
Wi
Se Zanmi Ayiti ki vini montre Ayisyen kouman pou yo gouvène
Yo ensiste fòk gen opozisyon
Atò premye frè a di pouvwa andwa pou sa ki gen plis moun
Tandiske dezyèm frè a panse pouvwa andwa pou moun ki pi kapab
Zòt koute
Ou pa sèten
Men ensètitid depann de sak fèt
Nan Nòd travo fòse
Nan Lwès lese grennen, wazivte, vagabondaj
Repibliken piye pwodiksyon kafe pou peye doub-dèt
Kou pou Leta
Repiblik kraze zo
Lidè popetwèl, diktatè
Ankò zòt koute
Ou toude nan erè
Wap goumen pou sa ki deja pou w
Sonje w te adopte modèl sa a,
Lit politik pou pouvwa,
Nan Twazyèm Ane Endepandans
Ou dwe ale nan konsyans kolektif w,
Ranmase zanj ki te pèmèt aspirasyon komen w
Se pou w lese ide pouvwa popilè osnon pouvwa konesè
Se sèten w ap tonbe
Men w ap tonbe nan pwòp sèk w
Ki andwa fè w rejwenn ekilib w
Tankou planèt yo,
Chak nan pwòp sèk yo,
Ap fè wonn solèy la.
Rezistans
E! E! Espri
Espri louvèti
Louvri baryè pou Ayisyen
Pou Ayisyen kontinye chimen
Chimen yo abandone
Wout la long, Ooo
Eprèv yo anpil, Ooo
Tankou eklè yo va wè w tout kote
Tout kote ki gen pwoblèm w va la
Ou se Louvèti
Nou resi konnen w
Ou òdone jistis
Travay w sa
Tout moun fè youn
Lite pou ekite reye
Reye mèt e seyè
Espri louvèti ap tann tout moun
Anyen pap rete kous ou
Kous pou fè inite triyonfe
Desten w
Jodiya,
Poukisa rezistans?
Se nan lit kont zòt
Espri Tousen louvri
Se nan lit kont zòt
Desalin pini tout kriminèl
Se nan lit kont zòt
Tout nèg moun
Zòt ki pa rekonèt Ayisyen pou moun
Nan lòd kapital
Wa va fè li pote fado kanzo
Mete limyè nan dezòd kapital
Izin eksplwatasyon,
Jaden madoulè,
Anbasad asasen,
Kay vis peye
Pou rebati Ayiti
Pou zòt rekonèt moun nan Ayisyen
Wa va asiste defile Chèf
Boukan nan men
Kou youn tonbe
Oun bann parèt.
Veye priye
Nan non zansèt yo
Nap priye pou tout moun ki nan vi nou
Sa ki pa kapab manje
Sa ki pa gen kote pou domi
Sa ki pap travay
Ou menm ki ap viv arebò lavi
Ou menm ki ap viv nan gran difikilte
Machann sirèt
Machann pistach,
Fresko,
Mango,
Twal
Nou konnen rezistans w pèmèt lavi fleri
Kouraj w pou reziste kreye espwa
Espwa nan travay pou oun demen miyò
Ou pa pwopriyetè
Men w posede inyon fondamantal
Pwòp detèminasyon w pou aji kont lavi chè
Doumafis Lafontan

Powèm pa Johnny Bélizaire
Yon vil san eskiz
Toutes les rues de ma ville sont piégées
Yon vil lavi tchipe
Yon vil san eskiz
Yon vil chaje ak paspouki
La ville a-t-elle un centre?
Anba lavil moun sou moun
Bèt sou moun
Moun sou bèt
Machann manje kwit
Yon pil fatra
Yon kadav nan chak kwen.
Yon pèp ki pèdi gou lavi
Ki gen yon sèl priyè
Sen Washington resevwa m lakay ou.
Danmbala, Ogouferay, Agwètò
Senjak Majè, Vyèj Altagras, Pè Letènèl
Nou chak rele youn
Men FMI ap depatcha nou tout.
Yon peyi kote pèp la chita sou ti chèz ba l
Mizè l ap ogmante
Soufrans li ap miltipliye
Pandan tout moun ap plenn.
Atoufè, zenglendo, chimè fè mikalaw
Yon sistèm kou pou kou
Vyolans, vanjans.
Politisyen mande anraje.
Pòtoprens mache ou mache
Ou pran nan cho
Depi ou te la ou antò
Gad anwo gad anba lanmò pa nan patipri.
O patri! Konbyen ki tonbe nan non ou?
Ki jou jistis ap an vòg
Pou demokrasi jwenn plas li nan sosyete a?
M bouke tande aba
Paske depi dizuisan m bliye
Politisyen pa janm chanje sistèm nan.
Yon vil lavi tchipe
Yon vil san eskiz
Yon vil chaje ak paspouki
Retire kò w banm mete pa m.
Sò pèp la pa janm chanje
Ayiti fèk koumanse konte viktim
Ondirè pou Ayiti p ap gen landemen miyò.
Vil mwen tris
Dlo nan je l pa janm seche
Yon pouvwa ki konstwi sou san.
Gade m gade m nan je
Di m bay manti
Desan lane nou gaspiye
Nan wete mete
Enbesil pot labanyè.
Nèg yo gen ambisyon foli
Aba X viv Y menm kout baton
Ayiti pi danjere, vil mwen pi tris
Pòtoprens ou nan dòmi
Ayiti reveye ou
Yo pale twò mal de ou.
Yon vil lavi tchipe
Yon vil san eskiz
Yon vil chaje ak paspouki.
Pòtoprens vil pa m nan
Mwen vle rete fidèl a ou
Lè sa bon e lè sa pa bon
Pou lespri nasyonalis la briye
Nan mitan yon pèp ki vle chanje lavi l.
O lelit
Sispann kenbe pèp la nan lesklavaj
Ann resepekte La Dessalinienne nan
«Pour le pays et pour nos pères
Formons des fils libres forts et prospères.»
Toutes les rues de ma ville sont piégées
Yon elit ki betize
Rezilta Ayiti dlo nan je.
Aprè desan lanne
(powèm sa a dedye ak tout frè mwen yo, ki ap viv lakay ak sila yo ki ap viv sou tè letranje. Li lò pou yo konprann Ayiti pa kapab ankò, fòk sa chanje e se nou ki pou chanje l se pa blan letranje)
Aprè plis pase
Desan lanne distwa
Chimen nou toujou mangonmen
Ak zatrap ak pyèj
Ak trip foumi
Zantray zandolit
Lestomak marengwen.
Chimen nou nwè
Lavi nou son mistè
Lespwa nap drive
Move zè pase pye anwo l
Lavi nou son zapzap
Lavi nou son grap touman
Lanmò se sèl zanmi n
Grangou, lanfè se frè n
Lamizè, fènwa se kouzen n.
Aprè desan lanne lendepandans
Nou pèdi memwa
Nou bliye lakwa
Nou pran nan twa wa
Nap vwayaje sou bato detrès
Lò nou kite chaloup la a
Nou monte a bò kabwèt lanmò.
Yon lavi san ranfò
Yon lespwa barikade
Lavi ayisyen m yo nwa
Lavi yo pèl mèl.
Anmè kou fyèl
Nou pran plezi nan listwa
Mouche bouki ak tonton malis
Men podyab
Ayiti se li ki gwo bouki a.
Nan yon vye fèy kaye
Kote touman mare n
Nap eseye ekri doulè n
Nou pè, nou kenbe on pakèt mo
Adye kouzen si ou pè pran lapawòl
Lè ou resi deside
Ou lage pawòl andaki
Pou ou evite legzil
Oswa gran simityè.
Desan lanne
Depi n ap grandi
Ak yon lelit toufouni
Yon jwèt rizèz
Ki lakòz nou tout koupab
Nou tout viktim
Mwen wè yon lavi
Yon lavi san vwa pou di ase
Mwen wè yon jenès
Yon jenès kap plonje nan koripsyon.
Aprè desan lanne distwa
Yon peyi ki ap viv nan dechoukay
Yon lelit ki te deja vann
Yon lespwa ki toufounnen
Yon jenès bèkèkè
Aprè desan lanne distwa
Yon lang meprize
Yon vag souvni ras nou ak idantite n.
Aprè desan lanne
Si zòt te di se Ayiti
M pa tap vle kwè
Se je m ki banm
Se zòrèy mwen k tande.
Se mwen ki pwononse diskou
Pouki se ou Ayiti
Pouki se ou manman libète
M poko ka kwè
Les barbares ont envahi la cité
Se nèg ak zam ki fè lalwa
Se dechoukè ki mèt peyi.
Yon anbisyon ki trennen nou lwen
Aprè desan lanne pouki se ou Ayiti
Kilès ki ka pale
Se on kesyon te rat pa kaka
Yon lòt bò se grenn nan bouda.
Ayiti tounen nan lesklavaj
Ayiti manman
Gade kijan sa fè mwen mal
Ou poko ka libere
Rèl, rèl gade yo pa tande
Aprè desan lanne lendepandans.
Ou sou wout yon twazyèm okipasyon
Grangou ap pete fyèl ou
Pwòp pitit ou rann ou san fyète
Yo di Ayiti se yon kochma.
Sa k ta di sa
Pou jan ou te bèl
Pou sa ou fè pou yo
Ou se yon rebèl.
Lakou ou se on gagè
Lavi ou tris
Podyab o Ayiti manman mwen!
Mwen prete ou vwa m
Pou plenyen mizè ou
Mwen ba ou kreyòl mwen.
Kreyòl ou te banm nan
Rèl, Ayiti se pou ou m ape kriye
Aprè desan lanne
Si Ayiti san fyète
Se bouch be n ap rete
Douvan blan franse.
Pradèl ou kanpe lòt bò riv
(Nan okazyon katriyèm anivèsè lanmò Pradèl Ponpilis, papa lèt ayisyèn yo.
27 fevriye 200027 fevriye 2004, katran deja depi ou pati)
Pradèl ou kanpe lòt bò riv
Ou koud bouch ou
Pandan yap toufouni
Jenès ou a.
Jenès ou te konn ekri ekzaltasyon l lan
Jenès ki tap viv
Anba kout plim ou
Nan chak liy ak entèliy
Paj kaye ou
Toukòm nan maj kaye ou.
Katran depi ou pati
Ondirè bèl lèt yo mouri
Entèlektyèl jounen jodi
Se lennmi leta,
Lennmi pouvwa
Yo trake nou
Bat nou
Maspinnen nou
Toufounen nou ak kout kòs fizi.
Padi m ou pap tande
Pa di m ou pa wè
Nan peyi kote ou ye a
Genlè se moun soud ki rete la
Mwen kwè ou tande rèl mwen
Kri pep mwen
Kri entèlektyèl yo
Kri inivèsitè yo.
Ou ki te mete sou pye
Lekòl Nòmal Siperyè
Se te pou ou fòme moun
Pwofesè, filozòf, nèg save
Ou pat travay pou yon peyi
Kote se chimè
Kap fè e defè
Kote moun save ap viv nan kache
Pou evite lanmò
Gwo midi.
Pradèl kote ou ye
M kwè ou ap tande
Pradèl kote ou ye
M kwè ou wè sa kap pase
Ou genlè pa fè nouvèl
Pas ou pa di mo
Ou pa reponn
Kilès ki va ban nou fòs
Si nou pa tande yon vwa
Vwa pa ou
Ou ki se papa literati pa nou an
Ou ki se defansè jenès estidyantin lan
Sa ou di
Si chimè pran peyi a
Sa ou di
Si nèg save pa gen lavwa
Sa ou di
Si laperèz abite lespri nou
Sa ou di
Si pòt inivèsite yo fèmen
Venset fevriye demil
Ou mete levwal
Ou pat vle wè
Sa kap pase jodi a
Ou pat vle wè
Menm jan ak nou
Pòt ekòl nòmal ki fèmen
Pòt syens imèn ki fèmen
Ou pat vle viv moman sa yo
San di eskiz
Ou mete van nan vwèl ou
Ou ale na peyi san chapo
Ou kite yon jenès dlo nan je
Rèv ou tounen lafimen
Jenès o! u andèy
Maxim tonbe
Lopital kanapevè
Pa gen plas ankò
Tout se lespwa peyi a
Tout se jenès ou renmen anpil la.
Mwen sonje im a la jenès la
Si ou te la jounen jodi
Ou ta pran plim
Ou ta pran kaye
Ekri detwa bèl liy
Pou rekonfòte jenès la.
Tonton Pradèl
Si ou tande klòch legliz la
Ap sonnen se pa lamès
Son etidyan ki pral antere
Yon lespwa ki ale
Vil la timid
Gwo sizè diswa limyè etenn
Etidyan nan kache
Pwofesè pa gen la pawòl.
Tanpri souple
Kote ou ye a
Voye yon ti mesaj pou nou
Korije ti pwezi mwen an
Di m kote mwen fèb
E fè m konnen si map rive.
Gen tout yon jenès
Kap tann repons ou
Tout yon pèp
Ki lage nan lari a
Pa gen lekòl
Pa gen lamanjay
Bri zam anpeche nou dòmi
Men sa ki pi grav
Yon okipasyon ap pandye
Sou tèt nou aprè desan lanne endepandans.
Tout moun swaf pouvwa
Yo lage jenès la nan mera
Pa gen moun ki pou di ase
Zòrèy yo bouche
Ak gonm balèn
Pè Pradèl tande vwa m
Tanpri souple vini ede m.
Ou ale se vre
Ou pati se vre
Men ou pa mouri
Ayè mwen tap li ou ankò
Ou kite mond sansib la
Ou ap jwe kòmante lavi
Ak zanmi ou yo
Nan mond entèlijb la
Yon ti repons
Sa pap nwi ou di tou
Reponn mwen
Reponn jenèws ou a.
Di mwen kisa ou wè ou pou nou
Pale ak papa Bondye
Di li nou pa kapab ankò
Twòp san deja koule
Pa kite lespwa antere.
Ki maladi m soufri
M gade lavi
M pa menm anvi tchipe l
M pa menm sou bò l
Kite l souri ban mwen
Si li vle
Jan li pito
Lò li bouke la rete.
Si ou wè kadav mwen
Ap flannen
Nan lari Pòtoprens
Se pa zak malonèt ki mete m la
Se paske lanmò se pi bon zanmi m.
Se sa m te di lò m te vivan
M konnnen byen lavi pa nan rans
Mwen tou m pa p ranse.
Lavi a gen lè li
Lavi a gen patnè pa l
Lanmò sèl jij
Nèg kou blan ou gen pou pase.
Jodi se mwen
Demen se ou
Lavi pa fè m grimas
Paske lanmò pa p rate
Souri si ou vle
Modi m jan ou pito
Lanmò yon jou gen pou bare m.
Lavi a tankou de gout dlo
Yon lè li pase swaf ou
Yon jou lap bote vye chomyè ou
Lavi tankou dife
Jodi li kwit manje ou
Demen lap boule batistè w.
Gade lavi pran men ou
Ret nan ròl ou
Kite m viv janm pito.
Ki moun ou te ye
Di m eske gen jou pou moun mouri
Lè lanmò vini maten
Eske ou va di l tounen pita.
Manvi fè nèf «Ave Maria»
Dizwit «Je vous salue Marie»
Malgre tou m ap betize
Lè lanmò vini m pa p ka kraze rak.
Di m kilò li ap parèt
Ma al kache kay Mèt Peyi
Di m ki randevou li fikse avè ou
Mawon l ma wè si ou son grenn plen.
Ki moun ou te ye
Pou pase lanmò nan jwèt
Men m la pou m wè
Kilès ki ka di non lè li parèt
Se pa pwofesi
Se radote nou radote twòp
Solèy peyi m pa pi dous pi bon
Men mizè vil mwen
Pi rèd pi lèd.
Pa pèdi tan nou rele Danmbala
Li p ap reponn e li pa t janm konn reponn
Gade m nan je frè m
Di m ou renmen m se sèl chans nou genyen.
M pa fin al kwè twòp nan Bondye
Paske vwazen m gen pou deviz
«In God we trust»
Poutan l ap kreve je Irakyen yo.
Pa di m nou pa konprann
Nou rete bèkèkè
Je nou anlè n ap gade elikoptè
Blan meriken nan syèl
Yon pèp ki pèdi gou lavi l.
Tris gad jan sa tris
Ti Mari pa ka fè mache
Ti kòb la twò piti
Lwil pat tomat andui
Pa rete kòb ankò
Chabon poko menm ko achte.
Lavi monte bwa
Lavichè rantre nan kalson nou
Ayiti ki jou kilè
Limyè lavi va limen
Lavichè va tenyen.
M te reve yon jou m t ap viv ere
Men m pa t reve kenbe men frè m nan
M tande blan kap di m
Whats your name
M touse dyòl mwen
Se pa sa m te vle tande
Pouki li pa t di m
Are you dirty?
M ta p reponn li: mwen swaf libète.
Yenki yo tounen nan kòm ankò
Sa yo pote nan djakout yo
Phelps, nou fenk kare wè
Si Philoctète te la li ta di:
Chak dis lane
Yo ofri m blan etranje
Pou rezoud pwoblèm mwen
Poutan solisyon an nan men Ayisyen deja.
M al pou de
Philoctète te gentan pran de
Politisyen di m konbyen ki rete
Okipasyon pouki se mwen.
Johnny Bélizaire

Powèm pa Patrick Sylvain
Mamour: Lanmou, Pèt e Memwa
(Pou Marcelle & Paul Laraque)
Se ou ki te powèm e pwoz mwem
Avèk kouplè e zès pou lavi
Nou travèse doulè nan plantasyon ekzil
Se sèl flè woz fanmte ou ki te nouri m.
Oumenm, konpayòn mwen, konpa m,
Transmisyon m ak enspirasyon mwen.
Se ou ki te soulajman peyi delabre n
Lanmou ou akoste m nan pwezi e pwezi m
Bati liy ki chouke nan sylabè kas-tèt peyi Dayiti.
Nan ekzil, blese, wap priye, map feyite Marx,
Nou reveye ak menm rèv la. Yon Ayiti miyò.
Mamour, nou deplase lombraj e nou anbrase zetwal.
Se ou ki te powèm e pwoz mwem,
Avan oumenm, anvi fè libètinaj pat gen bout.
Rega manyetik ak asirans bouch ou kanpe sòlda
mawon m. Mwen tounen yon ouslanmè kap adore
solèy. Men, se te entèlijans ou, serenite ou ak konfyans
Kòde nan yon pasyon endoutab ki gadavou sòlda m.
Mamour, se ou ki te powèm e pwoz mwem,
Depi latè retounen an pousyè,
Msouvan konsidere depeyize m,
Kounyea ann ekzil lavi m gradoub e defleri.
Avèk rezèv tan ki rete m sou latè m powetize ou
Bay lemon pou m plante ou nan fondasyon m.
Se ou ki te soulajman peyi delabre n,
Anplis tout bèl memwa, gen foto chaman ou
Pou konble vid mwen. Tankou sa ki te pran pandan
Ou chita agoch dèyè machin lan, yon reyon solèy ap bwose
Jou ou. Elegan, poze, lisid, amitye ou toujou konpa m.
Mamour, ou se reyon lanmou grave sou estomak fatig mwen.
Patrick Sylvain

Powèms pa Jean-Dany Joachim
De tak lank pou Gonayiv
(pou Gonayiv)
Tak tak tak
Gout lank degoute
Kou dlo je
Sou fèy papye
Lapli tonbe
Van tanpèt vante
Lanati ofiske
Kretyenvivan ozabwa
Siklòn Ján pase
Gonayiv pèdi pye
Lavalas debòde
Pòtoprens sezi
Pòdepè latranblad
Jeremi sispèk
Okap met men nan tèt
Savann dezole
Rasin dechouke
Jansiv gaye
Savann dezole
Lafanmi kòd nan ren
Lavi sige nan labou
Lespwa monte bwa
Pyebwa pèdi fèy
Tout fèy pèd lapawòl
Lapli tonbe
Fèy tòl chante
Kabann sèvi kannòt
Simityè pisin granrivyè
Malèpandye de gidon
Lavi fè laplanch sou kadav
Tak tak tak
Lank tounen lapawòl
Make listwa lavi
Pou malè pa bay degi
Kouvrefe
Gagòt la kòmanse
Jou a potko leve,
Vil mwen an endispoze.
Machin malè an chalkali,
Fè dappiyanp sou wout yo,
Wòch yo pran houke,
Epitou
Tout kay,
Kabann,
Fenèt
Tab
Pran lafyèv frison.
Yo fennen-fennen.
Lannwit tounen ankò.
Respirasyon vil la koupe.
Senkyèm Avni
(pou Ika)
Nan papòt Senkyèm avni
Anba on ponp gazolin ‘Shell
Si w pase ou wè on fanm andezaj
Tèt grizonnen, bra pandye
Si w wè je l ap chache lwen lwen
Tankou l anvi wè kot lavi fini
Si w wè popyè l anvi fèmen
Pòtre solèy k al kouche anvan lè l
Si bouch li bat ou pa tande anyen
Si w ta wè l pati
San l pa konn ki bò l ap fè
Enpi si w tande l pouse on rèl
Yon lòt rèl, ak yon lòt rèl
Pa prese detounen je w
Piga w kouri rele moun fou
Nan Syenkyèm avni Bòlòs
Nan on ti kay ble kat pyès
Lavi pase l pa gad dèyè
Jean-Dany Joachim
(from Love and Other Poems by Haitians Youths, Trilingual Press, 2004)

Powèm pa Paul Germain
Pa kriye tifi
Pa kriye tifi
Lè ou sèl
Ou ka santi w dezespere
Men, pa lage kò w
Tifi,
Pa kriye, kenbe tèt ou
Kwè nan tèt ou
Epi pa lage kò w
Tifi, pa trakase
Paske moun pa konprann ou
Si yon moun ta desann ou
L ap sezi wè ou monte
Pa kriye tifi
Menmsi ou pa gen lespwa
Kontinye reve,
Men, pa lage kò w!
Paul Germain
(from Love and Other Poems by Haitians Youths, Trilingual Press, 2004)
Powèm pa Tontongi
Dlo nap bwè kap nwaye n
(Eg la ak kòk la ap ponpe)*
Eg la deplwaye zèl li alavironnbadè, elegan, kè kontan;
Bèk li ba l anbisyon pou l konkeri latè san remò ni regrè.
Grandizè satisfè ki konn ki bezwen ki fè l pran gran chimen
Pèp la te asepte laperèz, malalèz, makakri kè tounen san koule
E menm malediksyon pou l te ka selebre yon sèl jou libere.
Peyi a te bèl ak koulè wouj pou san ak lespwa,
Ak koulè ble tristès, koulè konsyans lavi.
Peyi a te bèl tou ak ven mil ti lanj gadyen marin
Ki te pot pwoteksyon grann pwisans kontrolè.
Moun ak mòn yo te bèl, bèl te bèl baboukèt!
Prezidan an te tounen kè kontan selebre toupatou,
Se te demand pèp la sou yon rejim sanwont, kokinè
Ki tap dekonstonbre lavi e dechire lalin, bloke lapli,
Fanm ak fanmi vyole, timoun san manje, dlo nan je.
Veye yo! Veye yo! Ann kontinye baleye lakou a!
Vakabon ak makout se nich gèp ak dyondyon,
Yo leve toupatou, nan kazèn koulè jonn krazezo
Kou nan biwo klimatize zotobre eksplwatè.
Yo la tou nan rapò ak data fichye Depatman Deta
E sou yon tèt dola vèt kou yon medsin anmè.
Konpè m vin sèl bèt nan lakou kap chante bèl lomaj
Pou fòs batayon l yo ak bèl ti souri sou lèv li. Happy!
Zèv li tou vin yon lwanj pou l selebre viktwa inivèsèl
Nan yon mond zonbifye k ap chache goute sèl je klere!
Mond moun gounanbouch, moun vant plen ak lespwa.
Moun vivan jwenn grandè yo nan libète total.
Libète ak bèlte, jwisans lavi, lanmò, lanmou
Se sous desten tout moun k ap viv santiman yo
Nan yon teren pyeje, yon tèt-chaje kont-mal-taye,
Oh! Moun yo mande jistis yo fin ase soufwi!
Oh! Mwen pè pou yo pa tronpe w ankò, o gran pèp!
Gran vanyan lejandè ki te fann vant kolon atoufè;
Pèp ki te brile latè menm pou l refize desten bèkèkè,
Ki jodia ap vale yon remèd anmè pou zonbi desale.
Veye yo! Veye yo! siveye vòlè yo nan tamp la!
Sa fè m mal nan kè m e nan kò m pi mal ke oun maladi,
Sa fè mwen vle vomi, sa wonje sansiblite nanm mwen
Lè m pa ka selebre viktwa defèt peyi m bèl jounen sila a.
Jounen retou Titid, jounen krisifiksyon jounen 1804.
Ban n peyi a! Nou mande espas! An n kontinye bale!
Seremoni banbòch yo se lasi nan je depevi byen mennen
Ki maske zo pouri deyè bèlte kadav simityè rekonsilyan
Nan yon chapèl malsite bèl pawòl malandren FMI ak BM
Ap koule nan zòrèy malere dezostobre, zonbi nan mayi
Kap di Ayi Bobo pou wonga zòt malis, majisyen mal gadò!
Pa ban m sannam ka Ozanfè pou chimen lespwa;
Pèp la ap chache lavi avèk rèv li anvi. Vi vivan selebran.
Li pap pran kaka poul pou bè, ni levanjil pou lajan kontan.
Moun yo vle diyite ak respè ak vant plen. Yo vle trankilite.
Yo pa vle bèl jansiv, kakabè, fatra, malafwa pou la fwa!
Kraze zo n se vre men nou pa san santiman;
Madichon kou magouy monnonk lòtbò dlo,
Plis malfetri putchis zenglendo ronronnaj
Nou kenbe la pi rèd, menmsi nou blayi tapi wouj
Pou marin meriken ka vin dodomeya doudouman!
Pèp vanyan pran libète l avèk fòs ponyèt pa l. Je klere.
Li pran l avèk rasin rezistans li li plante ak sakrifis
San koule l asepte pou l konbat laterè laperèz sèvitid!
Fòk nou pa ranplase kout kouto asasen pa lapè simityè;
Nou ka ankò kwè nan yon vi libere, ak solèy ak lanmè!
Menmsi kè m te kontan Kòk la te retounen,
Menmsi m te pataje lajwa pèp ginen lakay,
Mwen pat ka selebre defèt peyi an mwen
Nan yon viktwa Pyrrhus ki gen sant pwazon.
An n bale! An n bale! Chase tout vèmin sou tè a!
Dokiman biwokrat ranplase mechanste ogranjou,
Bèl pawòl ak priyè diskou bon santiman ranplase
Tout zaksyon pou moun vin tounen moun,
Moun kap dechifre mesaj sou tenèb san lojik.
Veye yo! Veye yo! Veyatif piyajè mizè pèp!
Kenbe fèm chè frè m ak chè sè m yo k akwoupi
Nan yon prizon lespri sou yon latè mazakwa;
Kenbe la pa lage! Demen n ap bwè dlo klè, kouwè
Je n ret louvwi, veyatif pou yon konsyans maltrete
Nan yon reyalite pyeje malfektè kou noumenm kreye.
Melodi rekonsilyasyon ant lèt ak sitwon
Nan yon kwelekwekwe banbòch ak kè mare
Sipòte pa monnonk plis benisman lepap
Se sèl konsekrasyon nan lamès bò lakay:
Veye yo! Veye yo! Siveye piyajè vandè mizè pèp!
Moun kap chache nanm yo
Pa kite teyat madigra lòlò je yo,
Yo ret toujou di non kont koze malvire;
Non kont opresyon, dominasyon, okipasyon
Ideyal yo pa de twa fèy gate nan tout forè a!
Moun kap gade lwen ka wè anpil bagay;
Yap toujou rete lib moun kap poze keksyon,
Moun ki ka navige nan lanmè move tan.
Wi nap libere yon jou! Nou pèp lib vwayajè esperans:
Nap reprann gouvènay lawoze. Nap refè lanati danse!
Tontongi, Boston, 15 octobre 1994.
[...]",hat,fineweb2
77,"[...] Gwo bagay kapab reyalize epi fado aleje avèk efò anpil moun ki “gen bon dezi pou angaje nan bon koz.”
Èldè Perry, mwen panse ou se moun 90 an ki pi jèn nan tout Legliz la. Èske nou wè kijan l leve vit sou chèz la.
Frè ak sè byeneme m yo, chak fwa m ap savoure yon bèl tomat fre byen wouj oubyen manje yon bèl pèch ki fèk soti sou pye, panse m tounen bak sou 60 an lè papa m te posede yon ti jaden pèch nan Holladay, nan Uta. Li te fè elvaj myèl tou pou yo te ka fètilize flè pèch yo pou yo te kapab grandi pou finalman vin tounen gwo pèch byen apetisan.
Papa m te renmen myèl li yo e li te etone pa fason dèmilye nan yo t ap travay ansanm pou transfòme siwo ki te soti nan flè pèch yo fè l vin tounen bèl siwo myèl—youn nan manje ki pi nourisan pou moun. Anfèt, ekspè nitrisyon yo di nou se youn nan manje ki genyen tout sibstans ladan l—anzim, vitamin, mineral ak dlo—bagay ki nesesè pou soutni lavi.
Papa m te toujou eseye fè m travay avèk li lè l te konn ap okipe abèy yo, men m te konn trè kontan kite li pran swen myèl li yo. Sepandan, depi lè sa yo, mwen vin aprann plis sou elvaj myèl byen òganize-yon koloni apeprè 60.000 abèy.
Abèy yo antrene pou yo fegonde, rasanble siwo a, epi kondanse li pou fè l tounen siwo myèl. Se travay mayifik yo ke Kreyatè nou an mete nan konstitisyon jenetik yo. Yo estime ke pou l ka pwodui jis yon liv (0.45 kg) siwo myèl, yon elvaj myèl apeprè 20.000 rive 60.000 myèl dwe ansanm vizite dèmilyon flè epi vwayaje ekivalan de fwa tou mond lan. Nan ti bout tan li viv la ki se jis kèk semèn rive kat mwa, kontribisyon yon senp abèy pote nan ‘ruche’ li se apenn yon douzyèm kiyè siro myèl.
Byenke sa parèt ensiyifyan lè nou konpare l ak total la, chak en douzyèm kiyè siwo myèl yon abèy pote a enpòtan anpil pou lavi elvaj myèl la. Myèl yo depann youn sou lòt. Travay ki t ap akablan pou kèlke myèl fè a vin pi lejè paske tout myèl yo fidèlman fè pati pa yo a.
Myèl te toujou yon senbòl enpòtan nan istwa Legliz nou an. Nou aprann nan Liv Mòmon an ke Jaredit yo te pote gouf myèl avèk yo (gade Etè 2:3) lè yo te vwayaje ale an Amerik la sa gen dèmilye ane a. Brigham Young te chwazi abèy kòm senbòl pou l te ankouraje ak enspire enèji kooperatif pyonye yo te bezwen an pou te transfòme vas dezè sèch la ki te antoure Gran Lak Sale a fè l vin tounen vale fètil nou genyen jodia. Se noumenm ki benefisye vizyon ak endistri kolektif yo a.
Nou jwenn senbòl abèy la andedan ak andeyò anpil nan tanp nou yo. Podyòm sa a kote m kanpe a fèt avèk planch ki soti nan yon pye nwaye ki te grandi nan lakou kay Prezidan Gordon B. Hinckley ki dekore avèk foto myèl.
Tout senbòl sa yo temwanye yon sèl bagay: gwo bagay kapab reyalize epi fado aleje avèk efò anpil moun ki “gen bon dezi pou angaje nan bon koz” (D&A 58:27). Imajine sa dè milyon Sen Dènye Jou ta ka akonpli nan mond lan si nou ta fonksyone tankou yon gouf myèl nan angajmen nou konsantre sou ansèyman Senyè Jezikri yo.
Sovè a te ansenye ke premye ak pi gwo kòmandman an se:
“Se pou ou renmen Mèt la, Bondye, ou ak tout kè ou, ak tout nanm ou, ak tout lide ou....
“Men dezyèm kòmandman an ki gen menm enpòtans ak premye a: se pou ou renmen frè parèy ou tankou ou renmen pwòp tèt pa ou.
“De kòmandman sa yo, se yo ki fondasyon tou sa ki nan lalwa a ak tou sa pwofèt yo montre” (Matye 22:37, 39–40).
Pawòl Sovè a di yo senp—men siyifikasyon yo pwofon e ekstrèmeman siyifikan. Nou dwe renmen Bondye epi renmen ak pran swen pwochen nou menmjan ak tèt pa nou. Imajine ki byen nou kapab fè nan mond lan si nou tout mete ansanm, ini antanke disip Kris la, ak bon dezi epi deside pou reponn a bezwen lòt moun ak sèvi moun ki bò kote nou—fanmi nou, zanmi nou, pwochen nou, vwazen nou.
Jan lèt Jak la note a, sèvis se vrè definisyon yon relijyon ki san tach (gade Jak 1:27).
Nou li konsènan sèvis manm yo nan Legliz la ap bay atravè mond lan e espesyalman sèvis imanitè yo bay nan tan kriz—tankou dife, inondasyon, tranblemanntè, siklòn. Repons ijans endispansab e trè apresye sa yo dwe sètènman kontinye kòm yon fason pou nou youn pote fado lòt. Men e konsènan lavi nou chak jou? Kisa k t ap efè konbine dèmilyon ti zak konpasyon ki akonpli chak jou akoz lanmou kretyen sensè nou genyen pou lòt moun? Avèk letan sa t ap vin gen yon efè transfòman sou tout pitit Papa nou ki nan Syèl la pa mwayen lanmou Li l lonje bayo atravè noumenm. Mond twouble nou an bezwen lanmou Kris la jodia plis pase tout lè, e l ap bezwen sa pi plis ankò nan ane k ap vini yo.
Senp aksyon sèvis chak jou sa yo gen dwa pa parèt anpil an yo menm, men, lè nou konsidere yo kolektivman, yo vin egzakteman tankou yon douzyèm kiyè siwo myèl la yon sèl myèl kontribiye nan ruche la. Gen pouvwa nan lanmou nou pou Bondye ak pou pitit li yo, epi lè lanmou sa a reyèlman manifeste nan dèmilyon zak bonte kretyen, l ap adousi ak nouri mond lan avèk siwomyèl lafwa, lesperans, ak charite ki soutni lavi.
Kisa nou bezwen fè pou nou vin tankou myèl devwe sa yo epi fè devouman sa a vin fè pati vrè nati nou? Anpil nan noumenm fidèlman ale nan reyinyon Legliz yo. Nou travay di nan apèl nou e espesyalman jou Dimanch. Mwen felisite nou pou sa. Men èske lespri nou avèk kè nou gen bon dezi pou angaje nan bon koz pandan rès semèn nan? Èske nou jis aji otomatikman, oubyen èske nou reyèlman konvèti nan levanjil Jezikri a? Nan ki fason nou kapab pran semans lafwa a ki t ap nouri nan lespri nou an pou nou plante li pwofondeman nan tè fètil nanm nou? Kijan nou gen gwo chanjman nan kè sa a Alma di ki esansyèl pou bonè ak lapè etènèl nou an? (gade Alma 5:12–21).
Sonje, siwomyèl gen tout sibstans ki nesesè pou soutni lavi mòtèl. E doktrin ak levanjil Kris la se sèl mwayen pou nou jwenn lavi etènèl. Se sèlman lè temwanyaj nou grandi depase sa ki nan lespri nou epi vin ankre byen fon nan kè nou ke motivasyon nou pou nou renmen ak sèvi a ap vin menmjan ak pa Sovè a. Se lè sa a, e sèlman lè sa a, n ap vin disip Kris pwofondeman konvèti ki gen resevwa pouvwa nan men Lespri a pou touche kè pwochen nou yo.
Lè kè nou pa chita sou bagay ki nan mond sa a ankò, nou pa pral espere onè nan men lèzòm ankò, ni pran plezi nan lògèy nou ankò (gade D&A 121:35–37). Men olyesa, nou chèche posede kalite kretyen Jezi te anseye yo:
Nou gen jantiyès ak dousè ak amou enfayib. (gade D&A 121:41).
Nou gen bonte, san ipokrizi, epi san riz (gade D&A 121:42).
Nou santi charite pou tout moun (gade D&A 121:45).
Vèti gani panse nou san rete (gade D&A 121:45).
Nou pa gen okenn dispozisyon pou nou fè mal ankò (gade Mozya 5:2).
Sentespri a ap tounen konpanyon nou tout tan epi doktrin prètriz la ap koule nan nanm nou tankou lawouze ki soti nan syèl la (gade D&A 121:45–46).
Kounyeya, frè m ak sè m yo, mwen pap ankouraje eksè nan relijyon ni fanatik. Tout okontrè! M ap senpleman sigjere pou nou pran pwochen etap lojik la nan konvèsyon total nou nan levanjil Kris la kote n ap asimile doktrin ni an byen fon nan kè nou ak nanm nou pou nou ka aji ak viv konstamman sa nou di nou kwè a avèk entegrite.
Entegrite sa a senplifye lavi nou e li ogmante sansiblite nou nan Lespri ak bezwen lòt yo. Li pote lajwa nan lavi nou ak lapè nan nanm nou—kalite lajwa ak lapè nou resevwa lè nou repanti pou peche nou yo epi swiv Sovè a nan respekte kòmandman L yo.
Kijan nou kapab fè chanjman sa a? Kijan nou ka ankre lanmou Kris sa a andedan kè nou? Gen yon senp pratik chak jou ki kapab fè yon diferans pou chak manm nan Legliz la, enkli noumenm tigason yo ak tifi yo, noumenm jènjan yo ak jènfi yo, noumenm jèn adilt yo ak noumenm papa ak manman.
Pratik senp sa a se: nan priyè maten nou chak nouvo jou nou genyen, mande Papa nou ki nan Syèl la pou gide nou pou nou rekonèt yon opòtinite pou nou sèvi youn nan pitit presye L yo. Epi apresa, kontinye jounen an avèk kè nou ranpli ak lafwa ak lanmou, pandan n ap cheche yon moun pou nou ede. Rete konsantre sou sa, menmjan abèy yo konsantre sou flè yo pou yo ranmase siwo ak polèn nan. Si nou fè sa, sensiblite espirityèl nou yo ap elaji, e n ap dekouvri opòtinite pou sèvi ke nou pa t janm reyalize ki te posib oparavan.
Prezidan Thomas S. Monson te ansenye ke nan anpil okazyon Papa nou ki nan Syèl la reponn priyè yon lòt moun atravè noumenm—atravè oumenm ak mwenmenm—atravè pawòl ak aksyon janti nou, atravè senp zak sèvis ak lanmou nou yo.
Epi Prezidan Spencer W. Kimball te di” Bondye wè nou, e L ap veye sou nou. Men pi souvan se atravè yon lòt moun Li reponn bezwen nou. Sepoutèt sa, li enpòtan pou nou youn sèvi lòt” (Enseignements des présidents de l’église: Spencer W. Kimball [2006], 82).
Mwen konnen si nou fè sa—nan fwaye nou, nan lekòl nou, nan travay nou, ak nan legliz la—Lespri a ap gide nou, e n ap kapab disène moun ki bezwen yon sèvis patikilye ke petèt noumenm sèlman kapab bay. N ap jwenn enspirasyon Lespri a epi n ap gen anpil motivasyon pou nou ede anrichi mond lan avèk lanmou pi Kris la ak levanjil Li a.
Epi sonje, menmjan ak yon douzyèm kiyè siwomyèl abèy la pote nan ruche la, si nou miltipliye efò nou pa dimil, menm milyon efò lapriyè pou pataje lanmou Bondye pou pitit Li yo atravè sèvis kretyen, ap vin gen yon gwo efè byen akimile ki ap pote Limyè Kris la bay mond fènwa sa a. Makònnen ansanm, n ap pote lanmou ak konpasyon pou pwòp fanmi pa nou ak pou moun ki sèl yo, pou pòv yo, moun ki gen kè brize yo, ak pou pitit Papa nou ki nan Syèl la k ap cheche laverite ak lapè yo.
Frè ak sè m yo, mwen priye enbleman pou nan priyè chak jou nou yo, nou mande enspirasyon pou nou jwenn yon moun nou ka rannn sèvis siyifikan, enkli sèvis pataje verite levanjil yo ak temwayaj nou. Nan fen chak jou, se pou nou kapab reponn wi pou kesyon sa yo: “Èske m fè yon bon bagay nan mond lan jodia? Èske m te ede yon moun ki nan bezwen?” (Hymns, no. 223).
Sa a se travay Bondye. Pou nou fè li osi fidèlman ke ti abèy devwe yo fè pa yo a, mwen priye enbleman nan non Jezikri, amèn.",hat,fineweb2
78,"[...]
Citation
Jaf di: Koudetayis yo konnen pou kisa yo vlè fè moun panike pou granmesi. Revelasyon di: Jwet la jwe debo!! Memm jan tou Lavalasyen yo konnen pou kisa yo vlè fè moun panike... pou regle zafe yo. Le yon kamarad vle bay opinyon li e",hat,fineweb2
79,"Klike Kouri al nan byen vit kite sit sa a. Aprann plis
Pou èd touswit, tanpri rele Liy Dirèk pou Vyolans Domestik nan Florid la nan 1-800-500-1119
Misyon Florida Coalition Against Domestic Violence (FCADV) (Kowalisyon kont Vyolans Domestik nan Eta Florid) se pou kreye yon monn san vyolans. Poutèt sa, y ap bay fanm ak timoun jarèt pou elimine vyolans sou moun ak vyolans enstitisyonèl ak opresyon kont tout moun. FCADV ofri kalite pou vin lidè, defans, edikasyon, fòmasyon, asistans teknik, politik piblik ak devlopman, ak sipò nan pwogram sant kont vyolans domestik.
[...]
Nan ane 1977, yon ti gwoup 14 refij nan eta Florid te fòme yon rezo defans pou fanm yo bat, ki te rele Rezo Enfòmasyon sou Refijye. Plizyè ane apre, premye òganizasyon sa a te prezante kòm Florida Coalition Against Domestic Violence. Kowalisyon an, tankou Rezo a, te fonde sou prensip kolaborasyon ak inite pami refij yo. FCADV ap sèvi kòm asosyasyon pwofesyonèl pou 42 sant sètifye kont vyolans eta a, epitou li se premye reprezantan fanm ki pran kou ak pitit yo sou sèn politik piblik la. Manm yo gen menm objektif pou mete yon pwen final nan vyolans domestik avèk itilizasyon edikasyon kominotè, devlopman politik piblik ak sèvis pou viktim yo.
[...]",hat,fineweb2
80,"[...]
SIDA se yon maladi ki paka trete. Sa vle di, pa gen vaksen pou sida kounye la, men gen remed ou ka pran pou fe'w santi'w pi byen si ou gen sida (An Angle, yo rele sida 'aids', ki vle di 'acquired immunodeficiency syndrome'). Pi bon proteksyon pou sida se kapot. Sonje pou nou mete kapot le n'ap fe bagay.",hat,fineweb2
81,"Rezidan yo ak vizitè yo kapab flannen nan tout zòn Distrik 3 a ak lansman nouvo sèvis bis navèt la.
Si w te toujou anvi vizite bon restoran, magazen, ak galeri atizay Distrik 3 yo, gen yon nouvo sèvis bis navèt kap mennen w tout kote w vle ale! Vis Prezidan Audrey M. Edmonson (adwat) ede Susana Baker de Design District, Midtown and Wynwood Experience koupe riban nan yon seremoni inogirasyon nouvo sèvis bis navèt 'Wynwood-Midtown-Design District'. Evennman an te fèt jou 9 avril 2011 nan atelye atis Ernie Vales la, EVL World Studio, 2345 NW 2 Avenue, nan Wynwood.
Bis navèt la ap mennen fanatik atizay yo ak moun ki pral fè shòpin yo nan galeri, magazen, ak restoran nan Miami Art Walk epi gen yon evenman Sware Galeri ki fèt chak dezyèm samdi di mwa nan twa katye yo, tout chita nan Distrik 3 Vis Prezidan an.
[...]",hat,fineweb2
82,"[...] Nou dwe akeri kapasite pou nou wè moun non pa jan yo ye aktyèlman an men jan yo ka devni.
Chè frè m yo, defwa pa ane, bèl Sant Konferans sa a konplètman ranpli avèk detantè Prètriz Bondye a ki rasanble pou tande mesaj enspiran. Gen yon bèl santiman espirityèl ki prezan nan reyinyon jeneral Prètriz Legliz la. Espri sa a soti nan Sant Konferans lan pou l penetre nan chak bilding kote pitit gason Bondye yo rasanble. Nou siman santi espri sa a aswè a.
Sa gen kèk ane, anvan bèl Sant Konferans sa a te bati, yon vizitè Temple Square nan Salt Lake City te asiste yon sesyon jeneral konferans nan Tabènak la. Li te koute mesaj Frè yo. Li te pote atansyon a priyè yo. Li te koute bèl mizik Kè Tabènak la te prezante yo. Li te emèveye pou grandè òg mayifik Tabènak la. Lè reyinyon an te fini yo te tande l di: “M ta bay tout sa m posede si m te konnen sa oratè yo te di la a jodia se vre.” Angwo li t ap di “M swete m te gen yon temwayaj konsènan levanjil la.”
Pa gen absoliman anyen nan mond sa a ki pote plis rekonfò ak bonè pase yon temwayaj konsènan laverite. Mwen panse ke chak gason ak chak jènjan ki la a aswè a gen yon temwayaj, nan yon degre kèlkonk. Si ou santi temwayaj ou pa gen pwofondè ou ta swete a, mwen egzòte w pou w travay pou atenn yon temwayaj. Si temwayaj ou solid ak pwofon, travay pou w kenbe l konsa. Ala nou beni pou n gen yon konesans sou laverite!
Mesaj mwen aswè a, frè m yo, se sa a: gen anpil moun ki gen tikras temwayaj oubyen ki pa gen temwayaj ditou kounyeya la a, moun ki ta ka resevwa e ki t ap resevwa yon temwayaj si nou te dispoze pou fè efò pou pataje pa nou an epi pou ede yo chanje. Nan kèk sikonstans, se nou menm ki ka motive yo pou yo chanje. M ap mansyone premyèman moun ki se manm men ki pou lemoman pa totalman angaje nan levanjil la.
Sa gen kèk ane, nan yon konferans rejyonal ki te fèt nan Helsinki, nan Finlann, mwen te tande yon mesaj memorab e motivan yo te bay nan yon sesyon pou manman yo ak pitit fi yo. Mwen pa janm bliye mesaj sa a, malgre sa gen prèske 40 an depi m te tande li. Pami verite oratris la te pale yo, li te di ke yon fi bezwen pou yo di l li bèl. Li bezwen pou yo di l yo apresye li. Li bezwen pou yo di l li gen valè.
Frè m yo, mwen konnen gason yo sanblab anpil avèk fi yo nan domèn sa a. Nou bezwen pou yo di nou nou gen valè, ke nou kapab e nou gen merit. Nou bezwen yo ba nou okazyon pou nou sèvi. Pou manm ki vin inaktif yo oubyen ki ap ezite pou retounen aktif yo, nou ka chèche, nan lapriyè, pou jwenn yon fason pou touche yo. Envite yo pou yo sèvi nan tèl ou tèl apèl se kapab presizeman motivasyon yo bezwen an pou retounen aktif la. Men dirijan ki ta ka ede yo nan domèn sa a pafwa ezitan pou fè sa. Nou bezwen konnen moun ka chanje. Yo ka abandone move abitid yo. Yo ka repanti pou transgresyon yo. Yo ka detni prètriz la diyman. Epi yo ka sèvi Senyè a ak dilijans. Kite m bay kèk ilistrasyon.
Lè m te fèk vin manm Kolèj Douz Apot yo, mwen te gen okazyon pou m te akonpaye Prezidan N. Eldon Tanner, konseye Prezidan David O. McKay, nan yon konferans pye nan Alberta, Canada. Pandan reyinyon an, prezidan pye a te li non kat frè ki te kalifye pou yo te òdone kòm ansyen. Mesye sa yo sete moun Prezidan Tanner te konnen, paske li te viv nan zòn nan yon fwa. Men li te raple l yo jan yo te ye yon fwa e li pa t konnen ke yo te totalman ranje lavi yo e yo te totalman kalifye pou yo te vin ansyen.
Prezidan pye a te li non premye mesye a e l te mande l pou l kanpe. Prezidan Tanner te chichote ban mwen “Gade li. Mwen pa t janm panse l t ap rive la a. Prezidan pye a te li non dezyèm mesye a, epi li te kanpe. Prezidan Tanner te jantiman touche m ankò epi li te di m etonman li. Epi konsa sa te ye pou tout kat frè yo.
Apre reyinyon an, Prezidan Tanner avèk mwen te gen opòtinite pou n te konplimante frè sa yo. Yo te demontre ke moun ka chanje.
Pandan ane 1940 ak 1959 yo, yon direktè yon prizon Ameriken, Clinton Duffy, te renome pou efò li pou refòme mesye k te nan prizon l yo. Yon kritik te di: “Èske w pa konnen ke leyopa pa ka tounen mouton?”
Warden Duffy te reponn: “Aprann ke m pap travay avèk leyopa. M ap travay avèk moun, e moun chanje chak jou.”
Sa gen kèk ane, m te gen opòtinite pou m te sèvi kòm prezidan Misyon Kanadyen an. Nou te gen yon branch lè sa a ki pa t gen anpil detantè prètriz. Nou te toujou gen yon misyonè kòm prezidan branch lan. Mwen te resevwa gwo enpresyon ke nou te bezwen gen yon manm branch lan kòm prezidan branch.
Nou te gen yon manm adilt nan branch lan ki sete yon dyak nan Prètriz Aawon an men ki pa t vin legliz ni patisipe ase nan reyinyon yo pou l te avanse nan Prètriz la. Mwen te santi m enspire pou m te aple li kòm prezidan branch. M ap toujou sonje jou sa a m te gen entèvyou avèk li a. Mwen te di l Senyè a te enspire m pou m te aple li pou l vin prezidan branch lan. Apre anpil pwotestasyon bò kote pa li, ak anpil ankourajman bò kote madanm ni, li te di l te prè pou sèvi. Mwen te òdone l prèt.
Sa sete yon nouvo depa pou mesye sa a. Li pa t pran tan pou l te mete lavi li annòd, epi li te asire m ke li t ap viv kòmandman yo jan yo te atann pou l viv yo a. Nan lespas kèk mwa sèlman, li te òdone kòm ansyen. Nan apre, madanm ni ak li te finalman ale nan tanp e yo te sele. Pitit yo te sèvi misyon e yo te marye nan Kay Senyè a.
Pafwa, lefèt ke nou frè yo konnen nou bezwen yo e nou apresye yo a kapab ede yo franchi premye etap ki mennen nan angajman pou yo vin totalman aktif la. Sa ka vre pou detantè Prètriz yo kèlkeswa laj yo. Responsablite nou se ba yo opòtinite pou yo viv jan yo ta dwe. Nou ka ede yo simonte feblès yo. Nou dwe akeri kapasite pou wè yo non pa jan yo ye kounyeya men jan yo ka devni demen lè yo resevwa temwayaj konsènan levanjil Kris la.
Yon fwa, m t ale nan yon reyinyon nan Leadville, nan Kolorado. Leadville sitiye nan yon altitid plis pase 3.000 mèt. Mwen sonje reyinyon patikilye sa a akoz elve a, men, mwen sonje l pou sa k te pase jou swa sa a tou. Pa t gen anpil detantè prètriz ki te prezan. Menmjan ak branch nan Misyon Kanadyen an, branch sa a te prezide pa yon misyonè e l te toujou konsa.
Jou swa sa a, nou te fè yon bèl reyinyon, men pandan nou t ap chante chan kloti a, mwen te resevwa enspirasyon ke ta dwe gen yon prezidan branch lokal pou prezide. Mwen te vire gade prezidan misyon an epi m te mande: “Èske pa gen yon moun la a ki ta ka prezide—yon moun zòn nan?”
Li te reponn: “Mwen pa konn youn.”
Pandan nou t ap chante a, mwen te gade mesye yo ki te chita nan twa premye ranje yo. Atansyon m te atire pa youn nan frè yo. M te di prezidan misyon a: “Èske l ka sèvi kòm prezidan branch?”
Li te reponn: “M pa konnen. Petèt li ta kapab.”
Mwen te di: “Prezidan, m aprale avèk li nan lòt sal la pou m entèvyouve li. Pale apre chan kloti a jiskaske nou retounen.”
Lè nou toulède te retounen nan sal la, prezidan misyon an te fini temwayaj li. Mwen te prezante non frè a kòm nouvo prezidan branch. Apati jou sa a, Leadville, nan Colorado, te gen yon manm lokal ki t ap dirije inite sa a.
Frè m yo, menm prensip sa a aplike pou moun ki poko manm yo tou. Nou dwe devlope kapasite pou n wè moun non pa jan yo ye a men jan yo ka devni lè yo se manm legliz la, lè yo gen yon temwayaj, ak lè lavi yo an amoni avèk ansèyman l yo.
Nan ane 1961 an, yo te fè yon konferans mondyal pou prezidan misyon yo, e yo te fè chak prezidan misyon nan Legliz la vini Salt Lake City pou reyinyon sa yo. Mwen te vin Salt Lake City soti nan misyon m nan Toronto (Canada).
Nan yon reyinyon patikilye, N. Eldon Tanner, ki te Asistan Kolèj Douz yo lè sa a, te fèk retounen soti nan premye eksperyans li pou prezide sou misyon nan Grand Bretagne ak Lwès Ewòp yo. Nan reyinyon sa a, li te pale de yon misyonè ki te gen plis siksè l te rankontre nan tout entèvyou l te fè yo. Li te di ke lè l te entèvouve misyonè sa a, li te di l: “M sipoze ke tout moun ou batize yo antre nan legliz pa mwayen referans ou jwenn nan men manm yo.”
Jenòm nan te reponn: “Non, nou jwenn yo tout pa mwayen pòtapòt.”
Frè Tanner te mande l ki sa k te diferan nan apwòch li a—poukisa l te gen siksè fenomenal sa a pandan ke sa pa t konsa pou lòt misyonè yo. Jenòm nan te di ke li te eseye batize chak moun li te rankontre. Li te di ke, si l frape nan yon pòt epi l wè yon moun k ap fimen yon sigarèt, ki pa byen abiye epi ki aparaman sanble anyen pa enterese l—e sitou pa relijyon—misyonè a te eseye imajine kijan mesye sa a t ap ye si l te nan lòt sikonstans diferan. Nan lespri li, li imajine l byen pwòp byen abiye avèk yon chemiz blan ak pantalon blan. Epi apresa, misyonè a wè li menm k ap dirije moun sa a nan dlo batèm yo. Li te di: “Lè m gade yon moun nan fason sa a, mwen gen kapasite pou m rann ni temwayaj mwen nan yon fason ki ka touche kè li.”
Nou gen responsablite pou n wè zanmi nou, frekantasyon nou yo, ak vwazen nou nan fason sa a. Epi ankò, nou gen responsablite pou n wè moun non pa jan yo ye a men jan yo ka devni. M ap priye nou pou n panse avèk yo nan fason sa a.
Frè m yo, Senyè a te di nou yon bagay sou enpòtans prètriz sa a nou detni an. Li te di nou ke nou resevwa li avèk yon sèman ak yon alyans. Li te ba nou enstriksyon pou nou rete fidèl ak lwayal nan tout sa nou resevwa, e nou gen responsablite pou n respekte alyans sa a jiskalafen. Epi lè sa a, n ap resevwa tout sa Papa a genyen.
Kouraj se mo nou bezwen tande ak kenbe nan kè nou—kouraj pou vire do bay tantasyon, kouraj pou leve vwa nou rann temwayaj bay tout moun nou rankontre, pandan n ap sonje ke chak moun dwe gen yon opòtinite pou tande mesaj la. Se pa yon bagay ki fasil pou anpil nan nou. Men nou ka mete konfyans nan pawòl Pòl te voye bay Timote yo:
“Paske se pa yon espri timidite Bondye mete nan nou, men yon espri pouvwa, yon espri lanmou, ak yon espri tèt klè.
“Se poutèt sa nou pa bezwen wont kanpe pale pou Senyè nou an.”3
An Me 1974, m te avèk Frè John H. Groberg nan Zile Tonga yo. Nou te gen yon randevou pou n te vizite wa Tonga a, e nou te rankontre li nan yon rankont ofisyèl. Nou te pale de bagay pwotokòl abityèl yo. Men, anvan nou te ale, John Groberg te di yon bagay ki pa t abityèl ditou. Li te di: “Majeste, ou ta dwe vrèman vin Mòmon, ansanm avèk moun w ap gouvène yo tou, paske lè sa a, pwoblèm ou ansanm ak pwoblèm yo t ap grandman rezoud.”
Wa a te souri anpil epi l te reponn: “John Groberg, petèt ou gen rezon.”
M te panse ak Apot Pòl devan wa Agripa. M te panse ak repons wa Agripa te bay pou temwayaj Pòl la: “Talè konsa ou pral pran tèt mwen tou pou fè m kretyen.”4 Frè Groberg te gen kouraj pou l te rann yon wa temwayaj li.
Aswè a gen plizyè milye detantè prètriz k ap sèvi Senyè a aplentan kòm misyonè. An repons a yon apèl, yo kite kay, fanmi, zanmi, ak etid dèyè e y ale sèvi. Moun ki pa konprann yo poze kesyon sa a: “Poukisa yo reponn si vit konsa e yo si dispoze konsa?”
Misyonè nou yo ta ka reponn ak pawòl Pòl yo, misyonè san parèy la, nan premye jou yo: “Paske tande byen, se pa yon louwanj pou mwen dèske m ap anonse levanjil la; se yon obligasyon pou mwen; malè pou mwen si m pa preche levanjil la!”
Ekriti yo pa gen pwoklamasyon ki pi apwopriye, responsablite ki pi obligatwa, enstriksyon ki pi dirèk pase egzòtasyon Senyè resisite a te bay lè l te parèt devan onz disip yo nan Galile a. Li te di:
“Mwen resevwa tout pouvwa nan syèl la ak sou tè a.
“Se poutèt sa, ale, fè disip pou mwen nan tout nasyon, batize yo nan non Papa a, ak Pitit la, ak Sentespri a:
“Anseye yo pou yo obsève tout sa mwen te kòmande nou yo. Epi, sonje byen, mwen la avèk nou toulèjou, jouk sa kaba.”
Kòmandman divin sa a, ansanm avèk bèl pwomès ki ladan l lan, se deviz nou jodia, jan l te ye nan tan ansyen an. Travay misyonè se yon trè distenktif Legliz Jezikri pou Sen Dènye Jou yo. Li te toujou sa, e l ap toujou rete sa. Jan Pwofèt Joseph Smith te deklare a: “Apre tout sa ki fin di, devwa ki pi gwo ak pi enpòtan an se preche levanjil la.”
Nan lespas de ti grenn ane, tout misyonè aplentan k ap sèvi aktyèlman nan lame wayal Bondye a apral fini travay aplentan yo a e y ap retounen lakay yo al jwenn fanmi yo. Ranplasan yo la a aswè a, pami detantè Prètriz Aawon yo nan Legliz la. Jènjan, èske nou pare pou reponn? Èske nou dispoze pou travay? Èske nou pare pou sèvi?
Prezidan John Taylor te rezime kondisyon yo: “Kalite gason nou bezwen pou pote mesaj levanjil sa a se gason ki gen lafwa nan Bondye; gason ki gen lafwa nan relijyon yo; gason ki onore prètriz yo; ... gason ki ranpli ak Sentespri a ak pouvwa Bondye; ... gason ki gen onè, entegrite, vèti, ak pite.”
Frè m yo, nou tout resevwa manda pou pwoklame levanjil Kris la. Si lavi nou konfòm avèk prensip Bondye yo, moun ki bò kote nou pap janm pouse plent sa a: “Mwason an fini; sezon lete a, e nanm nou pa sove.”
Bèje nanm pafè a, misyonè ki te rachte limanite a, te ba nou asirans divin ni:
“Epi si ou travay pandan tout vi ou pou ou kriye repantans nan mitan pèp sa a, epi ou sèlman mennen yon sèl nanm ban mwen, ala lajwa w ap anpil avèk li nan wayòm Papa m nan!
“Epi kounyeya, si lajwa w ap anpil avèk yon sèl nanm ou pote ban mwen nan wayòm Papa m nan, ala lajwa w ap anpil si ou ta mennen plis nanm ban mwen!”
Konsènan Li menm ki te di pawòl sa yo, mwen deklare temwayaj mwen. Li se Pitit Gason Bondye, Redanmtè nou, ak Sovè nou.
Mwen priye pou nou ka gen kouraj pou lonje lamen nan fratènite, detèminasyon pou n eseye epi eseye ankò, ak imilite nesesè pou chèche gidans nan men Papa nou pandan n ap ranpli manda nou pou pwoklame levanjil la. Responsablite a sou zepòl nou, frè m yo. Nan non Jezikri. Amèn.
[...]",hat,fineweb2
83,"Creole 0.9.5 te lage pa twò lontan de sa, ak vèsyon an plen 0.9.5.1 te lage kòm byen. Ou ka mande tèt ou, Mwen kap chèche dènye nan tablodbò WordPress m', mwen pa wè anyen, ki jan vini?
Sa a se rezon an egzak 0.9.5 rive nan lavi, te gen yon ensèk kritik ki gen rapò ak yon chanjman ki te fèt nan API a mete yo ajou pa WordPress 3.8 sa ki te fè Transposh bloke tout dènye (ki gen ladan pwòp li yo) soti nan tablodbò a.
Se, kisa w dwe fè?
Yo nan lòd yo ajou ak dènye vèsyon an plen, gen yon opsyon kèk:
- enfim aktyèl Transposh Plugin la, tcheke pou konnen dènye, aktyalizasyon vèsyon 0.9.5 soti nan wordpress.org, aktive Plugin la, make “pèmèt aktyalizasyon vèsyon an plen” epi mete ajou ankò
- efase vèsyon ou ye kounye a nan Plugin a ak enstale vèsyon an soti nan wordpress.org epi swiv pwosedi a aktyalizasyon
- manyèlman Download vèsyon an dènye ak jis ranplase dosye yo sou sèvè ou.
Nou se vre wi: regrèt sou deranjman sa a
Ki lòt bagay se nouvo?
More languages yo te ajoute nan motè a Google, chanje kantite total 82 sipòte lang!
Ki sa ki sou 0.9.4?
Se te yon vèsyon bèl, pwoblèm fiks ak Google sipò nan prokurasyon, nou ta dwe te ekri yon pòs plen sou li twò, Se konsa 0.9.4, tanpri aksepte eskiz nou
Jwi vèsyon an nouvo, epi yo pa ezite enfòme nou sou nenpòt pwoblèm
Yo pa t 'ale byen lwen, tanpri gade videyo sa a oswa li enstriksyon ki anba yo.
Ki sa ki ou ta dwe fè jwenn yo tounen?
Jis ajou ak vèsyon an plen lè l sèvi avèk yo lòd sa a:
- Ajou ak vèsyon an dènye nan wordpress.org (ki pral pase pou dènye, gen)
- Tcheke “pèmèt ajou ak vèsyon plen” nan anviwònman yo
- Tcheke pou amelyorasyon ak fè mete yo ajou nan, ki nan tout!
Sa ki nan nouvo nan vèsyon 0.9.3:
- Mizajou ap travay nan sit nou an
- Gen kèk ensèk fikse
- Abilite yo retire Rel = altènatif la ki pa t 'toujou itil
- (0.9.3.1) Nou te lage yon vèsyon sub enkòpore lang yo nouvo ki te sipòte pa Google, fè konte total manm nou yo – 73! (Si yon moun isit la pale Hmong, tanpri kontakte nou)
Nous espérons que vous apprécierez cette version.
Kat lane apre ale nan depo a WordPress, et 189,795 downloads pita, Transposh pral kite depo a wordpress.org.
Apparemment, tout tan sa a widje nou an te gen yon ap mennen nan sit nou an, ak byenke li te posib yo retire li, sa a te kont direktiv ki wordpress.org.
Sa a se yon gid ke nou pa kapab aksepte, nou kwè ke nou te merite kredi pou travay nou. Pa mwens pase twitter, Facebook, oswa nenpòt ki lòt konpayi byen li te ye bay widgets twazyèm pati yo deyò.
Nou menm tou nou pa kapab aksepte lefèt ke yo ap Plugin nou an dwe retire san avètisman, ak san yo pa nenpòt ki lè fè chanjman, dwa soti nan ble a.
Nou pa ka aksepte ke mesaj ke nou afiche sou fowòm nan Plugin yo pral retire jis paske moderatè yo pa renmen yo, oswa deside yo ke yo ap kont règleman yo ke yo te kreye tèt yo. Règ yo pa vle rekonsidere.
Yo se gratis fè okenn desizyon yo renmen, apre tout, hosting yo li yo ak règleman yo. Pa ka inyore ke, Chans pou ase nou pa oblije aksepte yo.
Si ou vle pote plent, pa pote plent isit la, eseye ak pote plent sou fowòm yo, men devine mwen an se ke ou pral dwe dousman, wordpress.org se pa yon demokrasi, ni se li yon sit konfòme gpl, tout bagay dwe gen gratis, nan pri, ak nan diskou, ki se rezon ki fè yo ou te resevwa tòn enfim grefon ke se sèlman sèvi kòm pwomosyon nan yon vèsyon pro. Sa a se tou sa yo sijere ke nou fè ak Transposh. Epi nou pa renmen li, pa gen yon sèl ti jan.
Si y ap fè yon vèsyon pwochen tout tan tout tan dwe ajoute ak sa yo ki sit, li pral yon vèsyon enfim, (san yo pa nenpòt lyen isit la, pou asire w) epi yo pa vèsyon an ki pi ka itilize. Vèsyon an dènye (pa enfim) k ap sèvi dwa isit la sou la download paj. Kote nou pral kounye a gen ajoute yon mekanis aktyalizasyon.
Ezite diskite sou sa a nan kòmantè sa yo isit la.
Se konsa, depi lontan wordpress.org, ak mèsi pou tout pwason ki.
Wi, li te sou kat ane depi yo te vèsyon an premye nan Transposh pou WordPress lage. Ak tout bon, nou te vin yon fason trè lontan.
Transposh se ke yo te itilize pa dè milye de sit tout lòt peyi sou entènèt la, e nou gen anpil itilizatè yo kè kontan (ak kèk mwens kè kontan yo menm ).
Sa a vèsyon, 0.9.2, se pa reyèlman ki sa nou dwe gen pa kounye a, apre kat ane nou ta gen espere ke yon vèsyon yon sèl (petèt menm de) pral deja yo te lage. Men, aparamman, lavi raman kontinye lè w ap planifye li nan.
Tit la nan sa a posts aktyèlman refere a yon nouvo konpòtman nan analizeur nou an, lè nou itilize rankontre yon (ki ta dwe gen yon espas ki pa kraze) nou aktyèlman kase fraz la nan de, ki se pito opoze an egzak nan sa ki bagay sa yo ta dwe. Se konsa, èspere ke sa a se kounye a fiks, epi n ap pa gen okenn ankò kraze!
Lòt chanjman gen ladan yo:
- Debaz sipò pou entegrasyon Woocommerce
- Depase ka la lè grefon lòt oswa tèm lakòz yo process_page a dwe rele prematireman
- Ranje yon ensèk anbarasan lè tradiksyon an menm parèt nan yon paragraf plis pase yon fwa
- Bing te ajoute de lang
- Ranje pinèz la rapòte pa seleksyon dserber lang disallowing sou post kote translate_on_publish te enfim
- Mizajou pou li a. Dosye po, Tik Tradiksyon pa OMER Faruk Khan
Ou ap jwi vèsyon sa-a! Sa a se yon lòd!
Ta dwe gen afiche pi bonè sou 0.9.1 ki se yon vèsyon olye bèl ak kèk amelyorasyon bèl. Men, nou te tann pou sa a animasyon trè bèl, te fè sou Fiverr pa yon animation etonan, sa ki ap pase yo dwe ki gen rapò avèk san nan ekip la isit la
Nou menm tou te kreye yon bèl Widget Galeri paj, jis 'al wè!
Lòt chanjman gen ladan yo:
- Te ajoute kèk èd andedan koòdone nan Admin pou kesyon trè komen (kle – nan, ou pa bezwen kle pa default)
- Pèmèt jQueryUI vèsyon yo dwe surcharje, rezoud konfli anpil (tèm fin vye granmoun, tout sòt de eleman ak vèsyon klase nan jQuery ak jQueryUI)
- Yon ranje lè kèk move grefon insert. CSS nan yon fason apwopriye (sa a ki enfim kapasite nan wè ki lang yo te selecred)
- Te ajoute fonksyon an transposh_echo – wè sit nou devlopman pou dokiman, l '
- Fikse pou widgets, pi fasil enklizyon ak shortcodes, fin vye granmoun dropbox fikse, idantifikasyon retire
- Ajoute kout pyen manyen admin, ki pèmèt lang seleksyon sou aparèy manyen
- Fikse pou pwoblèm minè dekouvri depi 0.9.0
Ki sa yo ou ap tann pou? Download vèsyon an dènye kounye a!
Sou la 12/12/12 (ki sa yon dat bèl) nan 20:12 (yon tan ki apwopriye). Nou te pibliye vèsyon 0.9.0 nan Plugin nou an. Sa a vèsyon gen ladan yo yon rekopye pi gwo nan anviwònman nou yo ak paj administrasyon. K ap soti nan paj la sèl trè long ak opsyon anpil oh nan yon entèfas Slick ongle.
Sa a vèsyon se pa sèlman kosmetik, men li tou te gen ladann de karakteristik gwo pèmèt pa tab la anviwònman avanse nouvo:
1. Enklizyon nan debogaj sipò: Koulye a, nou pral kapab ba ou pi bon sipò lè l sèvi avèk kapasite nan Plugin yo kreye mòso bwa, ak pèmèt aleka debogaj.
2. Règ analyse Avanse: Karakteristik sa a pèmèt ou chanje fason an tèks yo te kase pou tradiksyon sou sit ou. Li pèmèt yon granul sibtilite anpil ak Fitting motè a nan dosye espesifik sèvi ak ou.
Cependant – yo te avèti, sa yo karakteristik, byenke byen teste yo make avanse ak eksperimantal. Sèvi ak yo sèlman si w konprann sa w ap fè.
Gen anpil lòt karakteristik ak fikse ensèk enkli, ke anpil nan yo merite apre pwòp yo, Men pou kounye a, pèmèt ale sou boutèy la chanjman:
* Yon nouvo seleksyon lang widje ki baze sou select2 (Trè bèl bwat chwazi ak drapo)
* Te ajoute ctrl kle pou navigasyon rapid nan anvan / pwochen blòk (Amelyore vitès nan travay ak koòdone nan)
* Yon nouvo opsyon ki pèmèt Reyajiste dosye a konfigirasyon défaut yo rekoumande
* CSS fiks pou ven tèm douz
* Evite loading subwidgets yo ki nan paj sa yo admin
* Retire diferans ant lang editabl la wè, kounye a yon lang kapab fèt sèlman aktif oswa ki andikape
* Mete ajou jQueriUI 1.9.2 (jQuery ta dwe kounye a gen 1.6+)
* Fiks z-endèks la pou style la fin vye granmoun deroulan (patch pa chemaz)
* Fiks ensèk la ak premye gwoup la nan Chinwa ki senp ak tradisyonèl
* Ranje ensèk anpeche ajou nan vèsyon fin vye granmoun
* Siprime avi lè widgets yo kreye dirèkteman avèk fonksyon nou
* Evite reekri adrès nan lang default, sitou fèt canonicals
* Se script nou an nesesè lè widje a pèmèt mete nan lang default
* Finalman te rezoud pwoblèm nan ak MSN tradui ak CR / LF
Nan jou sa yo lage inisyal la, twa pinèz yo te dekouvri ak fiks, si senp yon bagay ki pa ap travay, asire w ke w rafrechi dosye ou.
Jwi sa a vèsyon!
Byen, Google jis gen te anonse sou blog tradui yo ke yo pral sipòte Lao, lang ofisyèl lan nan Laos, pou nou te ajoute kòd la yo egzije yo epi te fè yon lage rapid ak sipò yo bay lang sa a, ki se tou ki te sipòte pa Youn Lè Creole.
Vèsyon an se deja deyò pou yon kèk jou, men vrè pwoblèm nan pou jwenn sa a Post ap viv te jwenn yon foto. Nou se pa byen ke li se nan foto a pi apwopriye, men omwen li rim.
Amize sa a vèsyon nouvo.
Nou se trè fyè prezante sa a lage nan Plugin nou an.
Sa a vèsyon, nan adisyon a amelyorasyon nòmal epi fikse ensèk, finalman entegre tradiksyon pwofesyonèl imen ak yon entegrasyon debaz ki gen OneHourTranslation.com pwofesyonèl tradiksyon sèvis.
Wout la sa a se travay sa ki annapre yo:
- Ale nan OneHourTranslaion.com ak kreye yon kont
- Sèvi ak detay yo kont pwodwi epi antre yo nan paj anviwònman Transposh a
- Lè lè l sèvi avèk koòdone nan tradiksyon, yon admin (ak sèlman yon admin) pral wè yon “Youn Lè Creole nat” bouton
- Peze bouton sa-a pral ajoute fraz la nan yon nat, yon lòt klike sou ap dequeue atik la
- 10 minit apre fraz an dènye te ajoute y ap fè yon pwojè tradiksyon dwe pwodwi sou yon sèl tradiksyon èdtan
- Ba li yon èdtan (oswa mwens nan eksperyans nou an) ak tradiksyon yo ki pral parèt sou sit ou
- Tout moun gen kè kontan, epi ou aktyèlman sipòte pwojè a Transposh (Ye!)
Sa a se pito nouvo, Se konsa, si Murphy frape, jis kontakte nou epi n ap fè tout sa nou kapab fè bagay sa yo travay.
Koulye a,, pou tout rès sa a lage:
- Fiks drapo a Swahili Tanzani jan yo note sa pa Ed lòt bò larivyè Jouden
- Lots of fikse backup sèvis
- Ranje pou yon ensèk analizeur lè gen tradui nan lang default apre yon eleman chwazi
- XSS fiks rapòte pa Infern0_ (mèsi gwo!)
- Pou pwogramasyon: Te ajoute yon fonksyon mondyal retounen lang aktyèl la “
transposh_get_current_language()“
- Sanble tankou Lybia gen yon drapo nouvo twò
- Idantifikasyon widje fiks ki genyen yon antislach pou ke nou pral pase w3c validation
- Mizajou jQueryUI 1.8.23 pou fè pou evite konfli avèk jQuery 1.8 itilize pa kèk tèm
- Pòtigè (Brezil) tradiksyon pa Amilton Junior
Operatè nou yo ap tann pou fidbak ou, si w ap resevwa yon siyal okipe, eseye kontakte nou ankò!
PS. Sa a se vèsyon an trè premye ki te pase 1,000 downloads chak jou, nou ap rekonèt peche.
Sa a vèsyon fiks kèk pinèz ak ajoute sipò pou yon shortcode bèl ki pèmèt ou mete widje a andedan pòs la
Par exemple, sa a:
[tp widget=""flags/tpw_flags_css.php""]
Pral montre:
Li te gen twa zan (ak twa jou, ak trant twa èdtan) depi ke vèsyon an premye nan Plugin Transposh te devwale sou depo a Plugin wordpress.org.
Tan siman ta vole.
Sa a te gen ane a kwasans premye (29th Fevriye) ak yon ane kwasans reyèl pou Transposh. Te Plugin a te telechaje soti nan depo a sou 50,000 fwa nan ane sa a ak te fè yon kwasans danble nan karakteristik ak kantite total lang sipòte. Ak jodi a ak adisyon nan Hmong shingle nou se Plugin nan premye sipòte yon kantite total 66 lang.
Sa a te yon vrèman enteresan (kòm nan, gen yon lavi ki enteresan) ane pou endistri nan tradiksyon otomatik ak grefon, kote Google te prèske tonbe sipò api yo (sèlman pou chanje yon modèl peye) pandan y ap Bing enpoze limit nouvo. Transposh te avèk siksè bat chanjman sa yo, pandan y ap grefon lòt pa t 'siviv.
Ki sa lavni an kenbe pou Transposh? Nou ap dousman bouyi kèk bagay nouvo, ap travay sou vizyon nou yo amelyore tradiksyon sou sit wèb, lè bagay sa yo pral pare – yo pral soti. Pandan setan, sipò ou kontinye enpòtan nou, pafwa yon imel senp ak “Plugin ou se gwo” kondui nou kontinye. Se konsa, si ou kwè nou yo ap fè byen, lage nou yon liy, si ou panse nou ta dwe amelyore bagay, gout nou yon nòt, epi si ou panse ke nou souse, nou fail konprann poukisa ou te li mesaj sa a jiska pwen sa a
Ki vle tèt nou yon gwo 4yèm ane, petèt li pwal fini ak yon moso gato pi gwo",hat,fineweb2
84,"Gade! Men jou jijman Seyè a ap rive! Jou sa a, yo pral piye lavil Jerizalèm. Yo pral separe tou sa yo pran ladan li la devan je nou.
Seyè a pral sanble tout nasyon yo pou y' al fè lagè ak lavil Jerizalèm. Y'ap pran lavil la, y'ap piye tout kay yo, y'ap fè kadejak sou medam yo. Yo pral depòte mwatye nan moun yo. Men, rès pèp la ap rete nan lavil la.
Lèfini, Seyè a pral parèt pou li al goumen ak nasyon yo, jan li te konn goumen nan tan lontan an.
Lè sa a, l'a desann kanpe sou mòn pye oliv yo, ki anfas lavil Jerizalèm, sou bò solèy leve. Mòn lan va fann de bò nèt ale, l'a fè yon fon nan mitan ki soti bò solèy leve desann bò solèy kouche: mwatye nan mòn lan va fè bò nò, lòt mwatye a va fè bò sid.
N'a lonje fon an pou nou kouri chape kò nou jouk n'a rive lòt bò mòn Atsèl. N'a kouri met deyò menm jan zansèt nou yo te fè l' la lè tranblemanntè a te pase sou rèy Ozyas, wa peyi Jida a. Seyè a, Bondye nou an, va vini, l'ap mennen tout moun pa l' yo avè l'.
Lè jou sa a va rive, p'ap gen limyè, p'ap fè fredi, dlo p'ap fè glas.
Se va yon jou ki p'ap tankou lòt jou yo. Ap fè klè nèt. p'ap gen lannwit ankò. Se Seyè a sèl ki konnen lè sa va rive.
¶ Lè jou sa a va rive, bèl dlo dous pral koule soti lavil Jerizalèm. Mwatye nan dlo a ap fè yon branch larivyè desann bò solèy leve, tonbe nan lanmè Mouri a. Lòt mwatye a ap desann bò solèy kouche, tonbe nan lanmè Meditèrane a. Dlo a ap koule san rete, nan sezon fredi kou nan sezon chalè.
Lè sa a, se Seyè a ki pral sèl wa sou tout latè. Lè sa a, se li ki pral sèl Bondye pou tout moun. Se li menm ase tout moun ap konnen.
Tout peyi a pral tounen yon gwo plenn plat, depi Geba nan nò rive Rimon nan sid, ak Jerizalèm nan mitan. Sèl lavil Jerizalèm pral rete byen wo. L'ap soti depi Pòtay Benjamen an rive nan pòtay Kwen an, kote premye pòtay la te ye a, depi Fò Annanyèl rive nan moulen rezen wa a.
Moun va rete la nan lavil la, malè p'ap tonbe sou yo. Y'a viv ak kè poze lavil Jerizalèm.
Seyè a pral voye yon gwo maladi sou tout nasyon ki te fè lagè ak Jerizalèm. Y'ap rete kanpe sou de pye yo, epi tout vyann kò yo ap pouri. Grenn je yo pral pouri nan tèt yo, lang yo ap pouri nan bouch yo.
Jou sa a, Seyè a pral fè yo pèdi tèt yo pran kouri. Yo pral tonbe yonn sou lòt, yonn pral touye lòt.
Sòlda peyi Jida yo pral goumen tou pou defann lavil Jerizalèm, yo pral ranmase dènye richès moun lòt nasyon ki sou fwontyè yo: lò, ajan ak rad an kantite.
Menm maladi a pral tonbe tou sou chwal, milèt, chamo, bourik, sou tout bèt ki te nan kan lènmi yo.
¶ Nan moun lòt nasyon ki t'ap fè lagè ak lavil Jerizalèm yo, genyen ki va chape, ki p'ap mouri. Moun sa yo va moute chak lanne lavil Jerizalèm pou yo adore Seyè ki gen tout pouvwa a, Wa a. Y'a fete fèt Tant yo.
Si yon nasyon va derefize moute lavil Jerizalèm pou yo adore Seyè ki gen tout pouvwa a, Wa a, yon ti degout lapli p'ap tonbe nan peyi yo a menm.
Si moun peyi Lejip yo derefize moute al fete fèt la, menm maladi Seyè a te voye sou moun ki derefize moute yo va tonbe sou yo tou.
Se chatiman sa a ki pral tonbe sou peyi Lejip ansanm ak tout lòt nasyon ki va derefize moute pou fete fèt Tant yo.
Lè jou sa a va rive, y'a make sou ti klòch ki nan lekipay chwal yo: Apa pou Seyè a! Batri koujen ki nan tanp Seyè a va tankou ti bòl ki devan lotèl yo: yo va apa nèt pou Seyè a.
Y'a mete tout mamit ak tout chodyè moun yo ap sèvi lavil Jerizalèm ak nan tout peyi Jida a apa pou sèvis Seyè ki gen tout pouvwa a. Konsa, tout moun ki vle ofri yon bèt pou yo touye pou Seyè a va vin pran yonn pou yo bouyi vyann bèt yo ofri a. Lè jou sa a va rive, p'ap gen moun k'ap vann ankò nan tanp Seyè ki gen tout pouvwa a.",hat,fineweb2
85,"Ayiti 1 an apre, se tit yon konferans Lavwadlamerik ak fakilte kominikasyon Inivèsite Miami an (UM SCHOOL OF Communication) ap òganize nan stidyo C Fakilte a nan 5100 Brunson Drive, Coral Gables, Miami
Prensipal oratè k ap pran lapawòl se reprezantan Etazini nan peyi Dayiti a, Anbasadè Kenneth Merten ak Anbasadè Ayiti nan Washington, DC a, Louis Harold Joseph. Rekonstriksyon Ayiti, se prensipal tèm woumble sa a. Envite ki pra l mennen diskisyon yo—yon seri pwofesè nan Inivèsite Miami ak lidè kominote ayisyen an—pral fè deba sou sijè tankou reskonstriksyon, eleksyon ak laprès.
Pwofesè kominikasyon nan UM School Of Communication an dwe diskite tou sou rezilta yon ankèt ki fèt, sa pa gen lontan, sou fason Ayisyen-Ameriken yo sèvi ak media nan South Florida (Sid Florid) e sou wòl media yo nan rekonstriksyon Ayiti.
Alberto Mascaró, direktè Divizyon Latino Ameriken Lavwadlamerik la, kote Sèvis Kreyòl tabli, di li kontan pou l akeyi Anbasadè Kenneth Merten ak Anbasadè ayisyen an, Louis Harold Joseph—2 prensipal oratè konferans lan. Misye Mascaró ajoute 'nou espere diskisyon yo va jete plis limyè sou sitiasyon ki egziste ann Ayiti jounen jodi a e va eksplore solisyon pou pwoblèm li yo'.
Konferans lan ap demare a nevè (9:00 am) dimaten pou jouk inè (1:00 pm) apre midi e antre an lib.
Ale nan UM SCHOOL OF Communication stidyo C, 5100 Brunson Drive, Coral Gables, Miami",hat,fineweb2
86,"Jwenn yon gade pi pre ki jan anplwaye IRS te prepare yo sèvi nasyon nou an sezon sa a ranpli ak ki jan yo pral kontinye fè tout sa yo kapab ede kontribyab nan dat limit la 15 avril ranpli ak pi lwen pase. Chèche konnen IRS, moun li yo ak pwoblèm ki afekte kontribyab yo Pa Ken Corbin CL-21-05HT, 11 fevriye 2021 IRS la sèvi ak kominike avèk plis moun pase pifò nenpòt lòt òganizasyon piblik oswa prive. Pandan ke moun jeneralman sèlman kominike avèk IRS yo lè yo ranpli fòm taks sou revni endividyèl yo, li enpòtan pou nou tout nan IRS ke eksperyans chak kontribyab la se youn ki satisfè bezwen yo ak preferans yo. Nou rekonèt ke kontribyab yo konte sou nou lè yo bezwen èd pou satisfè obligasyon taks yo si yo vizite IRS.gov pou enfòmasyon, sèvi ak yon zouti sou entènèt, rele nou gratis oswa bezwen asistans nan youn nan Sant Asistans Kontribyab nou yo. Mete kontribyab yo an premye epi satisfè bezwen yo ak atant yo, pandan y ap asire jistis ak konfòmite avèk lwa taks yo, enpòtan anpil pou siksè nan sistèm taks volontè nou an. Depoze Sezon, ki kòmanse ane sa a sou 12 fevriye, reprezante preparasyon vaste ak kolaborasyon tan reyèl andedan ak deyò IRS la. Efò mendèv nou yo, ansanm ak travay enpòtan patnè nou yo fè nan kominote taks la ak endistri lojisyèl ak finansye a, fè li posib pou IRS trete plis pase 150 milyon deklarasyon taks epi bay plis pase $ 400 milya dola nan ranbousman pou kontribyab yo. Chak ane. Anplwaye atravè ajans nou an kòmanse prepare pou sezon an ranpli plis pase yon ane davans pa mete ajou fòm ak enstriksyon, planifye pou anbochaj bezwen, ak pwogramasyon sistèm enfòmasyon teknoloji nou an asire tout bagay kouri fèt san pwoblèm. Chak sezon ranpli vini ak seri pwòp li yo nan defi ak 2021 pa diferan. Kòm pandemi an ap kontinye, nou rete konsantre sou kontinye fè pati nou an sipòte efò gouvènman federal la ede moun ki gen chanjman finansye ak defi. Nan 2020, IRS te bay plis pase 160 milyon nan premye tou Peman Enpak Ekonomik (EIPs) otorize pa Lwa sou CARES. Pandan y ap fè preparasyon final yo pou sezon an ranpli 2021, mendèv nou yo, ansanm ak Trezò, distribiye dezyèm tou Peman Enpak Ekonomik ki otorize pa Lwa sou soulajman taks ki gen rapò ak COVID la. Aksyon rapid nou an te fè posib pa travay la IRS ak Trezò te kòmanse mwa de sa nan patisipe nan yon lejislasyon sa a. Nou te kòmanse bati sou leson yo te aprann ak done nou deja te gen pou premye tou an nan peman pi bonè nan sezon prentan an. Kòm yon rezilta, peman sa yo te kòmanse afiche nan kont labank sou Desanm 29, jis de jou apre lejislasyon an bay pou yo te siyen. Nan tout, nou bay plis pase 140 milyon nan dezyèm peman yo pandan tout janvye ki gen ladan apeprè 40 milyon chèk papye oswa kat debi fè wout yo nan bwat lèt nan kòmansman mwa fevriye. De rapèl enpòtan sou premye ak dezyèm peman enpak ekonomik yo. Premyèman, yo se peman davans nan Kredi Ranbousman Rekiperasyon an, oswa RRC, kidonk nenpòt moun ki ka elijib pou yon EIP men ki pa te resevwa youn oswa ki pa t 'resevwa tout kantite lajan an ta dwe detèmine si yo kalifye lè yo ranpli deklarasyon taks 2020 yo . Enfòmasyon sou Kredi Ranbousman Rekiperasyon sou IRS.gov gen ladan enfòmasyon sou Kredi Ranbousman Rekiperasyon an ki gen ladan etap (an Anglè) pou moun ki pa nòmalman ranpli yon deklarasyon taks. Kredi a pral peye kòm yon pati nan ranbousman ou, kidonk chwazi depo dirèk pral ede w resevwa èd sa a pi vit ke posib. Nan lòt men an, moun ki te kalifye epi ki te resevwa kantite lajan maksimòm tou de peman yo pa bezwen rapòte yo oswa reklame Kredi Ranbousman Rekiperasyon an sou deklarasyon taks yo. Kòm nou kòmanse prepare deklarasyon taks ou, nou ankouraje ankouraje tout moun sèvi ak zouti elektwonik, menm jan tou ou ka vizite IRS.gov, kote ki gen ypi plis enfòmasyon itil. Nou konnen sa ka yon moman estrès pou kontribyab yo, epi nou mande pou pasyans ou pandan nap fè tout sa nou kapab ede ou nan yon fason ki asire sekirite anplwaye nou yo ak kontribyab nou sèvi yo. Operasyon fas-a-fas nou yo ap kontinye limite, epi nou prevwa volim apèl trè lou sou liy èd telefòn nou yo kontinye nan sezon an ranpli. Sou nòt sa a, mwen pa ka estrès ase enpòtans ki genyen nan ranpli elektwonikman epi chwazi depo dirèk. Sa a se fason ki pi an sekirite ak pi fasil yo ranpli yon deklarasyon taks egzat epi pou yo jwenn yon ranbousman. Pi fò moun ka ranpli anliy gratis san yo pa kite konfò lakay pwogram Ranpli deklarasyon IRS gratis la. Lojisyèl la fè tout travay la epi li gratis pou moun ki touche $ 72,000 oswa mwens nan 2020. Ou ka menm gen aksè a FreeFile soti nan yon aparèy mobil ak app IRS2Go la. Anplwaye atravè ajans nou an kòmanse prepare pou sezon an ranpli mwa davans pa mete ajou fòm ak enstriksyon, planifye pou anbochaj bezwen, ak pwogram sistèm enfòmasyon teknoloji nou an asire tout bagay kouri fèt san pwoblèm. Pou kontribyab ki bezwen èd pou prepare epi ranpli deklarasyon yo, mwen kontan rapòte nou sit volontè IRS yo patwone Asistans taks sou revni volontè (Volunteer Income Tax Assistance, VITA) ak Konsèy taks pou granmoun yo (Tax Counseling for the Elderly, TCE), yon fason pou bay asistans gratis pou kontribyab ki pa gen anpil revni, Ameriken ki pi granmoun yo, moun ki gen andikap ak moun ki pa gen Anglè tankou lang prensipal. Mwen rekonesan anpil e mwen trè fyè de travay patnè VITA ak TCE nou yo fè pandan sezon an pou ede kontribyab nan apeprè 11,000 sit toupatou nan peyi a, ki gen ladan baz militè yo. Ane sa a, pou asire sante ak sekirite kontribyab yo ak volontè yo, anpil sit VITA ak TCE ap ofri èd vityèl pou kontribyab yo, swa nan telefòn oswa sou entènèt. Pou lokalize lokal ki pi pre a, itilize zouti rechèch (an Anglè) la sou IRS.gov, aplikasyon telefòn entèlijan IRS2Go oswa rele gratis nan 800-906-9887. Gen kèk sit ki ka toujou ofri èd taks an pèsòn, men yo pral mete aksan sou sekirite ak distans sosyal. Anplis Kredi Ranbousman Rekiperasyon an, ou ta dwe konnen sou Kredi Taks sou Revni, oswa EITC, ki te ede retire fanmi k ap travay nan povrete pou plis pase kat deseni. Chak ane, dè milyon de travayè manke paske yo pa konnen sou EITC a oswa yo pa reyalize yo kalifye. Ak sezon taks sa a, gen yon nouvo règ ki ka ede moun ki touche mwens revni nan 2020. Dapre Lwa sou Relèv taks ki gen rapò ak COVID nan 2020, kontribyab yo ka itilize revni 2019 yo touche pou kalkile kredi a si yo touche plis revni nan 2019 pase nan 2020. Menm bagay la tou se pou kredi adisyonèl taks sou timoun (an Anglè) (ACTC). Opsyon pou itilize revni ane anvan an ap ede maksimize kredi sa yo pou moun ki kalifye yo. Pale de EITC a, sonje ke pa lalwa IRS la pa ka bay ranbousman ki gen ladan EITC a oswa ACTC anvan mitan mwa fevriye-. Kongrè a te pase lwa sa a plizyè ane de sa pou fè li pi fasil pou IRS yo detekte ak anpeche fwod ranbousman. Nou prevwa dosye bonè EITC ak ACTC ta dwe wè ranbousman nan kont labank yo oswa sou kat debi nan premye semèn nan mwa mas si yo te depoze elektwonikman, te chwazi depo dirèk epi pa te gen okenn pwoblèm ak deklarasyon taks yo. Menm jan sa te fèt pandan plizyè ane, yo pa kapab reponn kesyon ranbousman an gratis oswa anplwaye Sant Asistans pou kontribyab yo jiskaske li pase 21 jou depi deklarasyon taks la te ranpli elektwonikman. Sa a 21-jou ankadreman tan kòmanse 12 fevriye, oswa lè se deklarasyon taks ou aksepte pa IRS, kèlkeswa sa ki pita. Sepandan, ou ka tcheke Ki kote ranbousman mwen an ye? sou IRS.gov oswa aplikasyon IRS2Go a pou dat ranbousman pèsonalize ou a 24 èdtan apre yo fin soumèt deklarasyon taks ou elektwonikman. Pa gen okenn bezwen rele IRS la. Zouti sa a se fason ki pi bon pou ou pou w kontwole estati a nan ranbousman ou paske rezilta yo ki baze sou deklarasyon taks ou. Tout sa ou bezwen tcheke estati a nan ranbousman ou se non ou, estati ranpli ak kantite lajan ranbousman ou. Li nan ki senp. Kote ranbousman mwen an? zouti ta dwe mete ajou pou pi bonè dosye EITC / ACTC pa 22 fevriye. Nou ap kontinye tou konsantre sou lòt aspè enpòtan nan sezon an ranpli, ki gen ladan efò nou yo amelyore sèvis nan divès kominote nan peyi nou an. Pou pi byen asiste epi respekte yon fason ki apwopriye kominote sa yo, gen plis enfòmasyon nan lang ki pa angle ki disponib pou ede (an Anglè) kontribyab yo pandan sezon sa a. Pou egzanp, nou ap bay Fòm 1040 ane sa a an Panyòl la pou premye fwa. Nou te fè tou Piblikasyon 1, Dwa ou kòm yon kontribyab, ki disponib nan 20 lang, ak lè kontribyab yo rele nou pou èd, n ap ba yo aksè a sèvis entèprèt nan telefòn nan plis pase 350 lang. Mwen ekstrèmman fyè de IRS la pou avanse pou pi devan sou inisyativ sa yo epi yo pral kontinye elaji sou efò sa yo ede kominote yo defavorize nan peyi nou an. Finalman, menm jan nou mete tèt nan sezon an ranpli, mwen vle rasire ou ke IRS la dedye a sèvi nasyon nou an. Nou te ajoute nan kapasite nou leson yo te aprann ak pi bon pratik nan 2020, epi nou pare, vle ak kapab ede kontribyab yo satisfè dat limit la 15 avril ranpli. Ken Corbin Komisyonè, Divizyon Salè ak Envestisman Chèf Ofisye Eksperyans kontribyab la Konsènan Otè a Ken Corbin se premye Direktè Biwo Eksperyans Kontribyab IRS la. Nan pòs sa a, l ap travay pou li inifye epi elaji efò yo nan ajans lan pou amelyore eksperyans kliyan an pou tout sitwayen k ap entèraji ak IRS la. Ken sèvi tou kòm Komisyonè Divizyon Salè ak Envestisman, responsab pou administrasyon lwa taks ki gouvène salè endividyèl Ozetazini. Li gen responsablite pou 36,000 anplwaye, ki chita nan plis pase 375 sit nan tout peyi a. Kontni ki gen rapò Kredi Taks sou revni (EITC) Ranpli taks federal ou sou entènèt gratis Jou Konsyantizasyon EITC: Kredi taks kritik bay yon ogmantasyon ranbousman siyifikatif ak plizyè milyon (an Anglè) Preparasyon deklarasyon taks gratis pou kontribyab ki kalifye yo Taks sou Erè-Konsèy pou fè pou evite yo YouTube Video(an angle) Gade Pi Pre Li tout sa nou poste yo (an anglè) sou yon varyete pwoblèm ki kadre ak chak moman an patikilye, ki gendwa enterese kontribyab yo ak kominote kontribyab yo Abòne IRS ofri plizyè abònman nan jounal elektwonik sou yon varyete sijè taks. Abòne (an anglè) pou jwenn alèt imel lè yo poste nouvo kontni.",hat,fineweb2
87,"Bailey Ryder se yon enstriktè fè egzèsis vire décapant soti nan Czech Repiblik la. Li te kòmanse bay leson biwo vòt-dans pou ti fi banlye ak itilize yo ri kòm chak nan tèt yo nan misk ta sispann epi fikse nan li nan tout sesyon li. Lè yon moun sijere li sèvi ak anatomi cho imen l 'yo pwodwi kèk reyèl grav boule lajan, Bailey fè yon desizyon bay li yon pran. L 'soti ale-pèsonaj li te madanm renmen chak minit nan li. Bailey santi l nan yo te pi gran an pou nan kou li bite sou VirtuaGirl yo vin chin an tap kòm nan mitan entèrne yo denude pi elit. Bailey gen esansyèl kò Al gade nan Se poutèt sa asire w ke w jwenn li a-jou.",hat,fineweb2
88,"Video a parèt sou Twitter nan hashtag HairFreedom, pandan Iran ap fè fas ak pwotestasyon kont gouvènman an depi lanmò Mahsa Amini ki te gen 22 lane, apre arestasyon li poutèt li ta swadizan vyole regleman estrik pou fanm abiye nan Repiblik Islamik la. Nouvèl yo fè konnen Amini ta kite yon branch cheve li parèt devan vwa li.
Yon lòt kote, Iran sot voye nouvo ranfò militè sou fwontyè wès li ki toupre Rejyon Kurdistan nan Irak, e li menase yon envazyon pa lòt bò fwontyè pou antre nan Kurdistan irakyen an kont gwoup opozisyon Kurd Iranyen yo, dapre sa yon lidè wo-plase Kurd irakyen nan Irak di LaVwadlamerik sou kondisyon pou non li pa site.
Otorite a ajoute ke apre mesaj Iran-an, Minis Enteryè Rejyon Kurdistan an rankontre ak 2 lidè gwoup Kurd Iranyen nan Iran kote li mande-yo pou wete konbatan Pershmerga-yo nan mòn-yo nan rejyon fwontyè-a pou yo pa pouse Iran antre nan Kurdistan Irakyen an.",hat,fineweb2
89,"Zhejiang Feihu nouvo enèji teknoloji co, Ltd. se yon manifakti pwofesyonèl ak ekspòtatè ki enkòpore konsepsyon, R&D, pwodiksyon ak lavant pou nouvo zouti ityòm. Feihu Teknoloji gen plant modèn, premye klas pwodiksyon ak ekipman tès, ki kouvri yon zòn nan 30,000 mèt kare, zòn konstriksyon nan 20,000 mèt kare. Kounye a, gen plis pase 400 baton, ki gen ladan talan wo grade pwofesyonèl, òganizasyon pwisan ak ekip maketing
Pwodwi nou yo kouvri 12 / 16.8v / 21V egzèsis pouvwa, 21V enpak kle, 21V sizo, Mini taye jaden, segondè presyon netwaye zam ak lòt nouvo pwodwi yo. Pwodwi nou yo te pase CE & GS sètifika deja, ak Feihu Teknoloji tou te pase ISO9001: 2015 kalite jesyon sistèm sètifikasyon an. Soti nan enspeksyon an nan matyè premyè ak konpozan nan enspeksyon an sekirite anvan pwodwi yo kite faktori, se pwosesis la tout antye entèdi kontwole pa teknisyen pwofesyonèl asire bon jan kalite a pwodwi premye klas
Faktori nou an ki sitiye nan vil Jinhua, tou pre Ningbo ak Shanghai pò, transpò pratik pou anbake ak vizite. Komèsyal rezo kouvri plis pase 60 peyi yo ak rejyon yo atravè lemond, tankou Azi Sidès, Azi Sid, Mwayen Oryan ak lòt. Asirans kalite ak satisfaksyon kliyan yo se priyorite nan konpayi teknoloji Feihu.
Nou gen yon seri de kontwòl kalite jesyon pwosesis ak sal laboratwa, plis pase 20 kouche ekipman pou fè tès asire ke tout pwodwi ak bon kalite anvan chajman. Feihu Teknoloji baze sou bon lafwa, ase ekipman pou machandiz, pafè apre-lavant sèvis kòm konsèp la, e li te genyen gwo lwanj nan men machann toupatou
Sensèman envite ou vizite nou epi tcheke fabrikasyon pwodwi nou yo, kontwòl kalite ak kapasite faktori.",hat,fineweb2
90,"[...]
Sèlman yon lane aprè Minis Naval Fransè a, César Henri de la Luzerne te nonmen Marquis Marie-Charles du Chilleau gouvènè nan Sendomeng, Du Chilleau te propoze òdonans sa a bay kabinè lejislatif fransè a pou otorize enpòtasyon legal sereyal etranje nan Sendomeng. Se deziyèm òdonans gòvènè a te pwomilge pou li te adrese karans farin nan Sendomeng, sa ki te menase plantè yo ak lafen epi malnitrisyon.
[...]
Dokiman sa yo se de premye lèt nan yon korepondans aleretou konsènan entwodiksyon sereyal etranje nan Sendomeng ant gòvène a, Marquis du Chilleau ak entandan de Marbois, chèf an tèt administrasyon, finans ak lajistis.
[...]
Nan yon lèt adrese a Minis Lamarin Fransè a, César-Henri de la Luzerne, Marie-Charles du Chilleau, Gouvènè Jeneral Sendomeng lan, anonse plan l pou prezante yon òdonans ofisyèl ki ta pral pèmèt Sendomeng enpòte legalman farin ki soti Ozetazini. Lwa komès ki te favorize komèsan nasyon an nan defavè plantè kolonyal l yo te yon doleyans depi lontan nan Karayib la. Gouvènman franse a te bay yon soulajman lè l te elimine tarif nan tout pò yo nan lane 1780 ; men farin te rete yon monopòl nasyonal. Kriz grenn alimantè nan lane 1788 jiska 1789 la te anflame kesyon sa a.
[...]
Tandiske depi lontan zile Sendomeng te konsidere tankou l te fè pati lanpi fransè a, nan lane 1789, 10 depite kolonyal sendomeng yo te santi yo separe avek metwopòl kolonyal la. Franchman, anpil kolon te gen dezi pou yo pran endepandans yo de metwopòl la. Men, endepandans sa t ap sinyifi Lafrans ta pral sikonbe Sendomeng anba tarif dwan ak taks ki pi rèd pou tout pwodwi ki empòte nan koloni a. Depite kolonyal yo fè pati de pwopryetè tè ki pi pisan nan Sendomeng tou, sa ki te bay yo privilèj pou yo fè dappiyanp sou enterè popilè pou yon ekonomi pi janm.",hat,fineweb2
91,"Yon fwa pa an chak fanmi dwe renouvle asirans pitit yo. Anviwon de mwa avan dat pou renouvèlman pitit ou a, w ap resevwa yon lèt nan men Healthy Kids ak KidCare pou di w li lè pou renouvle. Tanpri konekte sou kont entènèt ou a epi klike sou bouton 'Renew Now' (Renouvle Kounye a) la. W ap wè enfòmasyon pi resan nou deja genyen sou ou yo. Pa bliye ranpli pati ki rele relasyon nan fòm renouvèlman an ak nenpòt nouvèl enfòmasyon ou bezwen mete ajou. N ap sèlman mande w pou bay nou prèv kantite lajan w ap touche si nou pa ka jwenn li pa mwayen elektwonik ki koresponn ak lòt sous.
Li enpòtan anpil pou w fè renouvèlman an lè nou mande w la epi bay enfòmasyon ki nesesè yo a tan. N ap kontakte w si gen nenpòt kesyon sou fòm ou a oswa si nou pa tande nouvèl ou. Nou ka rele lakay ou ak yon sistèm telefòn otomatik tou si nou pa tande nouvèl ou. Nou vle ou jwenn fòm yo atan paske sante pitit ou a enpòtan pou nou.
[...]",hat,fineweb2
92,"Jounal soti nan Slovaki. Lis prensipal jounal nouvèl yo sou entènèt nan Slovaki. Mwen te chwazi jounal nouvèl yo paske yo te pwoteksyon pwofesyonèl editoryal yo nan nouvèl chak jou nan Slovaki, ekonomi, finans, politik, nasyonal ak zafè entènasyonal yo. jounal yo sou lis ki anba a yo gratis jwenn aksè nan epi li sou entènèt la.",hat,fineweb2
93,"[...]
Yon reprezantan Depatman Deta peyi Etazini ap vizite Repiblik Dominikèn ak Ayiti
Apati jodi lendi 13 pou rive 17 mas, Asistan Sekretè Deta Adjwen Prensipal Ad Enterim Kenneth Merten ap vizite Repiblik Dominikèn ak Ayiti. Objektif vizit diplomat ameriken an se ranfòse sipò gouvènman peyi Etazini pou patenarya solid nan Emisfè-a ak ekonomi estab nan rejyon an.
Nan Repiblik Dominikèn, Asistan Sekretè Deta Adjwen Prensipal Ad enterim Merten ap rankontre ofisyèl gouvènman-an ak gwoup sosyete sivil yo pou diskite sou pwogrè kap fèt nan kesyon ki konsène enterè de peyi yo, tankou komès ant de peyi yo, kowoperasyon nan domèn pou fè respekte lalwa, ak devlopman ak koperasyon sou zafe fwontyè ant Repiblik Dominikèn ak Ayiti. Nan peyi Dayiti, li ap rankontre avèk ofisyèl gouvènman-an tou, patnè donatè entènasyonal yo, ak aktè nan sektè prive-a kap travay pou sipòte progrè demokratik ak ekonomik peyi-a.",hat,fineweb2
94,"Nan Montrouis, bò pòtay Latibonit. Sou twotwa a, nan mitan lòt pyeton, yon elèv lekòl segondè 16 ane, Jocelyne Julien, tonbe anba bal pandan li tap sot lekòl. Yon zòn li konn pase chak jou pou l antre lakay li. Sepandan lendi 25 janvye 2021 ta pral dènye jou Jocelyne. Jocelyne Julien tounen yon lòt viktim gratis nan konfli ant nèg ame.
Jocelyne pran yon bal nan kou ki mete fen nan lavi li imedyatman. San li toujou frèch tap koule nan kanal la. Ak yon ti riban ble nan tèt li ki rete entak, je li amwatye-fèmen, valiz lekòl li prèske bòzepòl li ak ti inifòm byen repase e byen pwòp. Se te yon lendi, premye jou lekòl semèn nan e dènye jou Jocelyne. Tout moun dlo nan je nan moman yap gade tilezanj la kap benyen nan san li. Yon lò vi ki gaspiyè sou latèbeni pou gran mèsi.
Jij depè Montrouis a, Jones Surpris, di laprès yo arete 3 sispèk, yon fanm ak 2 gason. Youn nan nèg yo se yon polisye e se misye ki ta tire ak you fizi galil nan moman li te pran nan zen ak yon gwoup chofè moto apre yon aksidan.
Nan men jounen lendi 25 janvye an, yon elèv lekòl viktim zak kidnaping nan zòn Bizoton pandan manman li tap mennen li lekòl. Ravisè yo rape elèv la nan men manman l e yo ale ak li. Nan sware menm lendi a, yo kidnape Philippe Samedi Choubert nan zòn Delmas 40 B. Viktim nan se yon biznisman ki retounenn nan peyi l apre plizyè ane li tap viv nan peyi Kanada.
Prezidan Jovenel Moise bò kote pal mande konkou tout moun nan popilasyon an pou ede otorite polis yo konbat fenomèn kidnapin nan li di li kwè gen yon men kache dèyè l. Sa pa gen lontan, Premye Minis Jouthe Joseph, nan yon rankont ak laprès sou zafè sekrite, te di “yon chèf se pa yon jwèt e ke bandi paka ap bay chèf defi.” Pandans tan, to kidnaping nan monte pi wo ke tout ane avan yo e prezidan Jovenel Moise avwe l. Otorite yo poko janm anonse yo arete yo gwo chèf gang oubyen detwi rezo kidnaping yo. Popilasyon an, lage 2 bra balan, kontinye eksprime kòlè li nan mete barik anflame ak manifeste nan lari pou denonse fenomèn kidnapin nan.",hat,fineweb2
95,"Konpayi nou an te patisipe nan 16yèm Egzibisyon entènasyonal sou min, metaliji ak travay metal yo - MiningMetals Uzbekistan 2022.
Soti nan Novanm 3yèm rive 5yèm, 2021, konpayi nou an te patisipe nan 2021 Lachin Shandong Export Komodite (Ouzbekistan) Egzibisyon ki sitiye nan Itec Exhibitions (Anhor Park Lokomotiv, Labzad Avenue 12/1) e li te yon siksè konplè. Nan egzibisyon an, kliyan yo te montre gwo enterè nan pwodwi nou yo ak fè lwanj konsepsyon ak sans nan syans ak teknoloji nan pwodwi nou yo.
Gen anpil distribitè lokal ak manifaktirè pwisan k ap patisipe nan egzibisyon an.Konpayi nou an sezi opòtinite pou prezante pwodwi prensipal nou yo-rapid ekipman konjelasyon, liy pwodiksyon fri, po esterilizasyon, machin anbalaj fim detire ak friteuz vakyòm, elatriye, nan nouvo kliyan. Kilti antrepriz, ankouraje popilarite mak nou an, epi kenbe okouran de kondisyon mache lokal yo, bezwen, elatriye.
Atravè egzibisyon sa a, konpayi nou an te jwenn ke endistri manje lokal la gen gwo potansyèl devlopman ak gwo kandida mache. Nan egzibisyon an, konpayi nou an ankouraje kilti antrepriz la ak prezante pwodwi nou yo entwitif. Atravè egzibisyon an, mwen te aprann tou sou dènye devlopman yo nan mache a, kominike ak kliyan sou konsèp teknik, eksplwate kliyan potansyèl, ak ogmante pati nan mache nan ekipman nou an.
Pwodwi yo ekspoze nan tan sa a se tout seri de nouvo pwodwi ke konpayi an te retire nan premye mwatye nan ane a, ki pa sèlman anrichi chèn pwodwi ki deja egziste, men tou, anpil amelyore compétitivité complète de pwodwi yo. Pwodwi yo se roman, plen sans nan syans ak teknoloji, ak atizana ekskiz. Rekonesans inanim ak lwanj soti nan ekspozisyon kliyan yo.
Platfòm egzibisyon an te rasanble plizyè konpayi pwodiksyon soti nan tout peyi a, reflete devlopman rapid nan endistri manifakti peyi mwen an. Machin INCHOI nou an ap kontinye amelyore kalite pwodwi li yo ak sèvis apre-lavant nan lavni ki baze sou prensip devlopman dirab.
Atravè egzibisyon sa a, konpayi nou an te genyen anpil. Nou pral kontinye travay di pou fè plis moun konnen mak nou an INCHOI epi bay kliyan yo pi bon kalite ekipman.
Tan poste: Nov-24-2021",hat,fineweb2
96,"[...]
Eske m' pa lib? Eske m' pa yon apòt? Eske m' pa t' wè Jezikri, Seyè nou an? Eske nou menm, se pa rezilta travay mwen nan sèvis Seyè a nou ye?
Menm si pou lòt moun mwen pa apòt, pou nou menm se apòt mwen ye. Paske, jan n'ap viv ansanm ak Seyè a, nou se prèv se apòt mwen ye.
Lè moun ap kritike m', men ki jan mwen defann tèt mwen:
Mwen mande yo: Eske m' pa gen dwa pou yo ban m' manje, pou yo ban m' bwè pou travay mwen?
Eske m' pa gen dwa fè tankou tout lòt apòt yo, tankou frè Seyè yo ansanm ak Sefas, pou m' mennen yon sè ki ta madanm mwen kote m' prale?
Eske se Banabas avè m' ase ki pou fè lòt travay pou n' ka viv?
Nou janm tande yon sòlda ap fè sèvis nan lame, pou se li menm ankò ki peye tèt li? Ou ankò, èske yon moun pa gen dwa manje rezen nan pye rezen li te plante a? Osinon, èske yon gadò mouton pa gen dwa bwè lèt mouton l'ap okipe yo?
Pa konprann se sèlman nan zafè lèzòm nou jwenn egzanp konsa. Lalwa Moyiz la di menm bagay la tou.
Men sa ki ekri nan Liv lalwa a: Pa bay bèf k'ap rale kabwèt la baboukèt. Se lapenn Bondye gen konsa pou bèf yo atò?
Nou pa kwè se pou nou l'ap pale pito? Men wi. Se pou nou pawòl la te ekri. Se pou moun k'ap bat tè a fè travay la ak espwa y'ap ba li pa l' nan rekòt la. Se menm jan an tou pou moun k'ap bat pwa a.
Nou simen grenn ki soti nan Lespri Bondye a nan kè nou. Eske se yon zafè sa ta ye si nou rekòlte nan byen materyèl nou yo?
Si lòt moun gen dwa sa a sou nou, èske nou menm nou pa gen plis dwa pase yo? Men nou pa t' pwofite dwa sa a. Okontrè, nou soufri tout bagay pou n' pa antrave mach bon nouvèl ki pale sou Kris la.
Nou konnen sa byen pwòp: tout moun k'ap travay pou Bondye nan tanp lan, manje yo sou kont tanp lan. Tout moun k'ap ofri bèt pou touye sou lòtèl la resevwa pa yo nan vyann bèt yo touye a.
Konsa tou, Seyè a bay lòd pou tout moun k'ap anonse bon nouvèl la fèt pou yo viv sou kont travay bon nouvèl la.
Men, poutèt pa m', mwen pa janm pwofite dwa sa a. Se pa pou fè ankenn reklamasyon non plis kifè m'ap ekri sa. Mwen ta pito mouri pase pou m' ta kite moun wete lwanj sa a nan men mwen!
Tande byen, se pa yon lwanj pou mwen dèske m'ap anonse bon nouvèl la. Sa se yon obligasyon yo fè mwen. Malè pou mwen si m' pa anonse bon nouvèl la!
Si se mwen ki te chwazi tèt mwen pou fè travay sa a, mwen ta ka gen espwa resevwa lajan pou sa. Men, si se fòse yo fòse m' fè travay sa a, lè sa a se yon reskonsablite Bondye ban mwen.
Ki jan yo peye m' atò? Tout plezi m' se pou m' anonse bon nouvèl la gratis, san m' pa egzije anyen nan sa yo dwe m' pou travay m'ap fè a lè m'ap anonse bon nouvèl la.
Mwen lib, mwen pa esklav pesonn. Men, mwen fè tèt mwen esklav tout moun pou m' ka mennen mezi m' kapab vin jwenn Kris la.
Lè m'ap travay nan mitan moun ki jwif, mwen viv tankou yon jwif pou m' ka mennen yo vin jwenn Kris la. Mwen pa anba lalwa Moyiz la. Men, mwen viv tankou si m' te anba l' lè m'ap travay nan mitan moun ki anba lalwa a, pou m' ka mennen yo vin jwenn Kris la.
Konsa tou, lè m' nan mitan moun ki pa konnen lalwa Moyiz la, mwen viv tankou yo san m' pa okipe lalwa a, pou m' ka mennen yo vin jwenn Kris la. Sa pa vle di pou sa mwen pa obeyi lalwa Bondye a. Paske mwen menm, mwen anba lalwa Kris la.
Avèk moun ki fèb nan konfyans yo, m'ap viv tankou si mwen menm tou mwen te fèb, pou m' sa mennen yo vini. Konsa konsa, mwen fè m' tout jan ak tout moun pou m' ka sove kèk nan yo pa tout mwayen posib.
Mwen fè tou sa poutèt bon nouvèl la, pou m' ka resevwa pa m' nan benediksyon l' yo.
Lè y'ap fè konkou pou wè kilès ki ka kouri pi vit, tout moun gen pou kouri. Men, se yon sèl ki gen premye pri a. Nou konn sa, pa vre? Enben, nou menm tou, kouri pou n' ka genyen kous la.
Moun k'ap fè egzèsis pou al nan konkou, yo bay kò yo yon disiplen sevè pou yo ka byen pare. Yo fè tou sa pou yo ka genyen yon kouwòn ki p'ap konsève lontan. Men nou menm, n'ap bay kò nou yon disiplen sevè pou n' ka genyen yon kouwòn k'ap la pou tout tan.
Se poutèt sa, m'ap kouri, men je m' pa soti sou kote pou m' rive a. Mwen tankou yon nonm k'ap tire koutpwen, men mwen pa tankou moun k'ap goumen ak lonbraj li.
Mwen aji di ak kò m', mwen kenbe l' kout, pou mwen menm yo pa voye m' jete apre mwen fin moutre lòt yo sa pou yo fè.",hat,fineweb2
97,"[...]
Yon compressésLè mande tretman medikalyon sistèm vapè dlo te itilize pou peze de lè, ki dabitid te itilize nan aplikasyon pou endistriyèl ak komèsyal. Opsyonèl, ochwa compressés lè a mande tretman medikal kesyon sa te poze baze sou pwen lawouze lè compressés. Genyen de variétés de chèch van compressés aktyèlman ap disponib sou mache a. Yonn se yon adsorption renouvelables mande tretman medikal e lòt la se yon l nan refrijeratè mande tretman medikal. Se konsa jan ou chwazi yon compressés de lè mande tretman medikal?
Kritè a chwazi a adsorbent mande tretman medikal pou chwazi selon aplikasyon an. Jeneralman, nivo de compressés lè ka separe an nan sis klas, sa vle di: lawouze point bezwen pou rete pi ba sa tanperati, fwa sa a fèt pou itilize adsorption a mande tretman medikal pou redwi labou nan lè a. Sepandan, yon okazyon pou kondisyon lawouze point de compressés lè pa trè wo, se poutèt li tou kapab itilize adsorption la mande tretman medikal. Tankou fim nòmal ak micro-jeton, ak presizyon par zòn sa yo ap itilize adsorption mande tretman medikal ki trè byen, tou, mande tretman medikal adsorption ki gen rapò ak pou ejenerasyon chemen, se yon tou yon bezwen fè / pran ka pwoblèm nan, ki tip mande tretman medikal adsorption jeneral pwodwi pwensipal gaz lawouze pwen ak enèji renouvelables konsomasyon de, nou nan acha, ou ka kòmanse depi aspè de sa pou konsidere.
Lè fwizè te achte, li nesesè pou pran an kont karakteristik li, tankou maksimòm inondasyon, minimòm pwesyon kap travay ak yon maksimòm pwesyon travay. Pòsyon pwesyon an, pòsyon a dlo kontan nan lè a natirèl. An plis, bezwen pou pran an kont la glase mande tretman medikal inlet tanperati ak tanperati lawouze point, ki gen baz karakteristik yo, tout moun nan acha a glase mande tretman medikal, yo dwe pran nan kont aspè yo. Men wi, karakteristik sa yo ki an konsiderasyon posede, fè chwa karakteristik yo, ou bezwen konsidere a par oubyen à mande tretman medikal. Jeneral par kalite anviwònman kondisyon pi wo, enstalasyon an plis konplèks, pa konvenab pou tout okazyon pou yo enstale. Enstalasyon mande tretman medikal à relativman senp, anviwònman an se pa tou strik kondisyon, anpil faktori yo tou tankou pou yo enstalede par lè mande tretman medikal.
[...]",hat,fineweb2
98,"Popozision ki sòti nan Konsit LLKM za òganizé, anlè dives pwen grafi épi lòtograf lanng kréyol Matinik.
Dépi travay GEREC koumansé adan lé lanné 70, ékriti an lanng kréyol koumansé simayé toupatou andidan péyi-a. Poutan, magré gwo travay GEREC, rété dives poblenm ki pòkò rézoud (swé asou bagay GEREC pa trapé tan présizé, swé asou bagay pratik-la ka fè moun épi dives mapipi viré kabéché). Kifè ni dives késion anlè manniè matjé désèten bagay nan lanng-lan.
Konsit-la (ki pran diféran fom : sanblé, latilié...), sé an manniè nou ka popozé, atè Matinik, pou nou awmonizé o pi wo, jòdijou, manniè matjé kréyol Matinik. Pou sa, nou ka séyé sanblé tout moun ka bat anlè lanng kréyol Matinik (fòmatè, matjè, militan), nan diféran moman, pou pofondé pliziè pwen.
Senk konsit ja fet, an 2019, 2020, 2021, 2022, 2023, épi an kantité patisipan ki pé chanjé silon sé lanné-a.
Kabéchaj-la pa bout, i ka alé toujou, pou rivé fè o pi bien.
Senkiem Konsit LLKM asou 'Li ek Matjé Kréyol', Sanmdi 30 septanm 2023, [...] Fodfwans.
Dives matjè, fòmatè, militan jwenn pou wouvè mwa kréyol la épi an bokantaj asou 'Mo konpozé nan lanng kréyol'.
Man Michelle Monrose, prézidant komision 'culture, art et patrimoine' la CTM, akéyi nou (bonvini, bon travay).
Man Jozet Burnet-Miatékéla fè mitannè.
Misié Daniel-Joj Bardury prézanté épi espitjé anmizi-anmizi, popozision gwoup travay la asou mo konpozé té préparé. Sa rédé anpil bokantaj-la.
Anbians-lan té bon, adan an larel respé, travay, épi lafanmi.
Mèsi épi bravo pou tou sa ki té la.
Nou ka pran randévou pou pochen konsit-la, toujou asou mo konpozé.
« LANNG KRÉYOL LA, FOS LESPRI-NOU ! »
An konférans LLKM za prézanté dé fwa : an fwa, mèkrèdi 12 jiyé 2023, éti Festival lakilti Lavil Fodfrans té envité’y nan Sénak-la, an déziem fwa éti Lavil Chelchè té envité’y, mardi 24 oktob, Lespas Ozenat.
Lé dé fwa-a, sé misié Daniel Bardury (manm LLKM, Doktè nan Langue et culture Régionale, espésialis grammaire cognitive nan lanng kréyol) épi misiè Jozef Galonde (Liannè LLKM) ki mennen konférans-lan.
An konvwa danmyé-kalennda-bèlè Lakòdinasion bèlè (ki manm LLKM) jwé kat mòso ki montré gwo travay-la sé chanté-a ka fè asou lanng-lan.
Lè 12 jiyé, Erik Pézo épi Janfranswa Liénafa ba nou an bel moman eslam, éti la tou, lanng-lan montré tout fos-li.
Lè 24 oktob, sé Janfranswa Liénafa ki té la pou sa. Twazékant, avan konférans-lan, Joby Bernabé ba nou an gran moman épi lapawol kréyol.",gcf,glotcc
99,"Kantapou létjip Lafrans fanm, yo mennen bon moun Lanmanten jik Jowel an mannay ki fè zafè’y an hannbal-la épi Floréal. Yo jik mété pòtré’y asou an imeb Godisa. Jakson Richarson vini pou té batizé sa le maten an.
Pandan tan-an titak pli wo, pa koté Tivoli, an nouvo parti politik té ka fè larantré’y. Parti-tala wè jou, ja ni si mwa selman, sé « Martinique Écologie ». Fok di tou, ja ni an parti ka di i ékolojis, sé MODÉMAS.
Mé es parti-tala ka di yonndé mo, dé mas an kannaval lézot?
Man pa sav, mé ou sé di yo pa té envité pou ba nouvo parti ékolojik-tala an pal.
Es pas parti-a fè bokantaj-li anba anba an gro piébwa ki ja ni pasé santan, é yo té pè sa potjiré yo nana? Antouléka yo pa vini.
Prézidan nouvo parti-tala sé Loulou. (Sé pa ta Sentlis-la), han han zot pa té wè’y ! Man jik kwè chien-yo pa ka djè alé lachas. Pas Loulou-tala adan an parti ki pou an sel manniè wè. Yo jik di la pansé inik. Manmay fok sav an fransé « inique » vé di séléra, pa bon pies toubannman!
Loulou « Martinique Ecologie-a » sé an konséyé Laréjion ki pran an bout tren adan ta Senpiè a pou i sikilé jik Kawbé. Misié sé pé té trapé an konjésion, lè i wè pa koté Mòn-Obé, té ni anlo pano fotovoltayik asou an tè agrikol. Kidonk épi anlot konséyé jénéral Fodfrans, i mandé pou kaskodé épi kalté politik-tala yo ka mennen an. I lé yo distribié lé riches ant linò épi lisid adan lemond.
Afarel, an chaben ki konpè épi Chaben, té konfian pas i di :
– Si nou pa wouvè zié-nou, tro ta ké baré-nou é nou ké rété pou la pléré!
Misié di épi an bel plodari konmkwa jénes Matinik ka djonmpitizé, Matinik ka bétonizé ek téren agrikol ka vaporé akondi létè oben léro jòdijou.
Sé moun « Martinique Ecologie-a » lé anlot politik pou péyi-a pran anlot chimen ki pa chimen chien éti nou pé garé. Pas yo konstaté Matinik sé péyi ki pli polié an Karayib-la menmsi Lavil Fodfrans fini mandé pou yo rikonnet La Baie des Flamands, kon pli bel bé o mond.
[...]
Bel poveb kréyol 722
«Tout soulié ni pié’y». 
[...]",gcf,glotcc
100,"Lanné 2017 ka komansé, lokazyon pou viré jété on dènyé koudzyé asi 2016. Péyi rich pa asi anho, kon Langlètè, Lamérik, Lafrans, Litali pasé onlo tribilisayon lanné-la sa. 2016 fè nou sonjé si nou té ka kwè nou an sékirité adan sé péyi-la sa nou ni pi kou réfléchi ankò.
Men abyengadé, a on nivo pi pèwsonèl, onlo bon biten rivé mwen an 2016.

Dyablès ka vwayajé.
Sé an 2016 an chayé enpé liv dèyè do an mwen a Bèwlen. Sa ban mwen lokazyon vwè pa ni pon koté ola pèp an nou pa ka rivé pozé valiz a-y, travay é pawtisipé adan sa ki ka fèt la yo yé la.
Piplis, épi tèknoloji é koudmen, ni mwayen fè Dyablès vwayajé plen dòt koté. Sé pousa an kontan an vwè bout mèt bann-annons a Dyablès dèwo lanné-lasa osi. Ni moun ki pa sav ni on woman fantastik an kréyòl ki parèt. Kontinyé ba-y lavwa.
An 2016, nou kontré osi. Zò palé mwen dè liv-la, men siwtou zò palé antrè zòt. Zò palé ba dòt moun osi. Moun ki poko té konnèt liv-la. Zò di yo a ki pwen zò enmé Dyablès, ankijan zò touvé-y pi fasil a li ki zòt té ka kwè. Ki fè enpé moun komandé Dyablès asi sit nichtwèl an mwen parapòt a zòt. Mèsi !
Désèwten pawtajé avi a yo épi moun toupatou, kon Tyitelle, Orijinal Meaty oben kkiss. Selmanti, an tibwen chagriné davwa an pa té pé vin kouté sosyété L’Ascodela bokanté asi liv-la. Erèzdibonè, jounalis a 97Land té la pou ban nou nouvèl.

Wou-aprann rakonté.
Sé an 2016 vidéyo a TEDx-la sòti osi. Adan vidéyo-la sa an té ka envité tout moun a pran tan rakonté sa yo ni a rakonté an kréyòl.
Pas dapré mwen kréyòl sé sa ki pi chouké an kilti a gwadloupéyen. Kidonk, menm si tout gwadloupéyen pa ka viv men jan-la, menm si i ni gwadloupéyen a lajan é gwadloupéyen san lajan, menm si ni gwadloupéyen ki trapé lenstriksyon é dòt ki pa trapé, jenn kon vyé, avòté kon matrité, si nou ka palé menm langaj-la ni mwayen yenn konprann lòt pi myé.
Sé pou sa an té ni on pansé pou SPEG, sendika a ansényan Gwadloup ki té ka fété 40 lanné a-y an 2016.
An té kontan osi, palé épi timoun lékòl pou espliké-yo ka rakonté pé sèvi adan on sosyété pannan simenn a kréyòl lékòl. An palé épi timoun ki an kolèj é timoun ki an lisé pou di yo ankijan, dapré mwen, litérati fèt pou rédé-nou pòté on koudèy nèf asi sa nou yé pou vwè ka nou ka kenbé, ka nou ka jété adan mès é labitid an nou.
Sé pousa an ka kontinyé pawtisipé adan Séna a Jèwti Dambury. Sé on manifèstasyon ki ka ègzisté dèpi 5 lanné é ki ka chèché a fè moun rantré an litérati a Karayib-la san pwotokòl. Davwa twòp pwotokòl ka mèt distans, é distans ka anpéché nou sanblé.

Pou 2017.
Pou 2017, an ka swété nou chèché rèspé. Rèspé pou sa zansèt an nou lésé ban nou. Rèspé pa vé di “pa mannyé” men “fè-y sèvi é lésé tibwen pou dòt touvé”. Rèspé pou kò an nou pas sé adan-y nanm an nou ka vwayajé. Rèspé pou limanité, ki vé di pou chak nonm, chak fanm, chak zanfan fè silans douvan lapenn a lézòt, di mèsi pou sa lézòt ka ba-w, menm jan pou yo fè silans douvan lapenn a-w, é di-w mèsi pou sa ou ka ba-y. Rèspé pou sa Latè ka pòté davwa sé-y tousèl ki pé pòté-y.",gcf,glotcc
101,"ADN Awa ! [...]
Randévou a sizè é dèmi dimaten a Kanpèch pou kontinyé planté lespwa
[...]
I - POU KANPÈCH FÈ KANPÈCH É KONTINYÉ NOURI GWADLOUPÉYEN
A - Ka ki kanpèch ?
On pyébwa ki ka bay méyè bwa pou chabon, ki ka bay méyè flè pou miyèl, ki ka bay koulè, ki ka pousé koté ki dlo ra... on pyébwa ki nouri maléré an tout tan ;
On koté an bout a Gwadloup la ou pé dékouvé ankijan péyi la bèl, obò lanmè Latlantik, koté a gran van é a bèl soley ;
On koté la Kalina (Krayib) fouté Fwansé on glann an monman yo té vlé pwan péyi la, détwi pèp Krayib, é enstalé mès é labitid a yo, fè konmès a nonm yo woté pa fòs an péyi Lafrik pou travay pou yo anba sistenm a lèsklavaj ;
On koté kapitalis é kolonyalis fè lajan kon kann avè swé a nèg an kann ;
On lantoupwiz kapitalis fwansé gannyé pou ayen, an men a sosyété Bopò (1978) pou fè poul fè zé ;
On lantoupwiz ola 48 a 30 fanm é nonm té ka travay pou fè kapitalis gannyé plis ki 2,5 milyon léwo chak lanné, fè 60 000 poul ponn 15 milyon zé chak lanné avan-y koulé ;
32 lekta tè, 15 hanga é 3 milyon léwo zouti é matéryél ki kapitalis désidé vann 3 milyon swadizan pou yo pé woupwan sa yo pèd san di tou sa yo mèt a koté pannan sé 28 lanné la yo kontrolé lantoupwiz la ;
On lantoupwiz lèwowè on gwoup travayè lisansyé désidé anfinaldikont kolé tèt é lajan a yo, lyanné avè dot fanm é nonm Gwadloup pou kréyé on lantoupwiz la sé yo é nou Gwadloupéyen ki ka kontwolé ka pou pwodwi, avè kimoun, ankijan é pou toultan ;
On lèspwa pou nou Gwadloupéyen kapab travay pou nou kréyé on sistenm ki pé ké sanm ta kapitalis-komèwsan é posédan, ki kapab konstwi nonm, rèspékté laliwondaj, démontré an ki jan nou Gwadloupéyen pé nouri nou, nou menm padavwa bato é aviyon pé pé pa on jou chayé machandiz an Gwadloup pou alimanté é nouri sistenm a kapitalis ;
On lokazyon pou nou konpwann ankijan apwé Fwansé détwi pèp Krayib, maré fanm é nonm Lafrik anba lèsklavaj, yenki pou plis lajan, dékatyé é démouné fanm é nonm Gwadloup anba kolonizasyon é lasimilasyon, nou douwé jòdila chouké nou an konsyans, avè mémwa é gannyé fòs é pouvwa ki ni pou gannyé an sosyété Gwadloup a jòdila....
NOU KA PWAN KANPÈCH ! NOU KA WOTÉ BWA KANPÈCH AN MEN A YO !
Kanpèch sé on koutkyanm, a pa on kout nonm ;
Kanpèch sé on lyannaj a tout lidé é tousa nou fin pa konprann, nou fanm é nonm Gwadloup apwé nou fwékanté lékòl a Fwansé, istwa é èspériyans a dot pèp asi latè, konésans a péyizan é travayè, més é labitid a pèp Gwadloup.
B - Ka nou vlé ?
Fè fanm fè fanm... !!! Fè nonm fè nonm... !!! San janmen manjé an men a yo... !!!
Kalbandé lespwatasyon kapitalis é kolonyalis !
Kontinyé nouri lalit !
Tè Gwadloup sé tan nou, nou ka pwan-y !
Pitit an nou é pitit a pitit an nou ké viv, grandi, pwan fòs, travay an Gwadloup adan on sosyété on laliwondaj, san pwoblenm ni an tèt a yo ni an kò a yo.... avè lèspwa a Kanpèch !
Pwévwa avan twota maré nou, padavwa pi plis fanm é nonm asi latè ka pwan fè anba kapitalis é mondyalizasyon, davwa yo planté manjé pou nouri lòksidan.
C - An ki jan fè kanpèch fè Kanpèch ?
ASI 32 LÈKTA TÈ NOU KAY :
Planté manjé, lévé zannimo pou vyann, prodwi kouran élèktrik é gaz ;
Konsèwvé sa nou pwodwi ;
Vann é bokanté sa nou pwodwi ;
Wouvè lékòl pou èspliké é nouri èspéryans nou vlé dévlopé ;
Wouvè pòt pou montré nou Gwadloupéyen é pèp péyi dèwò sa nou fè, avè tèt an nou é dé men an nou ;
Kréyé on lèspwi, on drapo, on chanté, lenj é koulè pou lyanné pép Gwadloup asi Kanpèch ;
Sanblé lajan san pasé pa sistenm a kapitalis.
D - Pa ki chimen nou ké pasé ?
Sanblé tout Gwadloupéyen nou konnèt, ki konnèt é ki konpwann sa pou fè an lèspwi a Kanpèch é ki kapab, agrikiltè, enjényè an tout métyé kon prodiksyon a kouran, a gaz, a pwason, mèt-a-mannyòk an transmisyon a konésans, an komès, an tourism, an sistenm a lajan. Yo dwèt pé fè lidé, lèspwa é lèspwi a Kanpèch éklò.
Gadé vwé sa ki ni an péyi déwò... (Commerce Equitable, SEL, Songhaï, La Bonne Bouffe...) é pwévwa an péyi Krayib.
Konmansé planté manjé é planté nonm toupannan nou ké fè lèspwi la pwan plas an tèt an nou.
II – SA KI JA BITYÉ JA BITYÉ !
Adan pawòl douvan la nou sòti palé la tini on lidé dévlopman a nonm pou dèmen. Fò tout fòs politik ki tan nou mofwazé pou dè bon an tout sòt matyè lékonomi. Fò nou menné pi ho, pi ho konsyans o pèp la, pou nou libéré on moso a andidan an nou menm douvan migan kolonizasyon – mondyalizasyon. Pou nou fè douvan fò nou gadé sa ki ja bityé.
A – Ki lespéryans nou ja menné ?
1 – Okipasyon a tè asi Bòn – Vèn (Lansbètran) é tè a « Cnie Fruitière » (Manten)
Prèmyé okipasyon ki fèt an péryòd la « UTA – UPG » vwè jou sété koté lanné 1976 – 77. Pou yonn, an limit Lansbètran é Kannal, tè bitasyon « Dadoud – Lagarde, Bonne -Veine » té ni onpil kolon. Yo di « Awa ! », misyé Simonet pé ké opozé yo lévé timoun a yo é nouri fanmi a yo. Evè koudmen, yo bityé tè. Jis jòdila, yo ka kontinyé travay tè lasa.
Okipasyon tè Manten konmansé an 1978. « La terre à ceux qui la travaillent ! », mi sé konsa lé sendika bwanné lé go popwyétè é raché zongonn a kapitalis fwansé an tè Gwadloup. Onlo Gwadlouyéyen montré solidarité avè lit a travayè a tè. Kolonyalis fwansé fèmé dé militan adan lajòl a yo.
2 – Okipasyon tè Galbas
Koté lé lanné 1980, okipasyon tè Galbas konmansé. Sé on lèspéryans ola onlo militan pòté fòs a yo. Jòdi-la, lé 120 èkta tè Galbas divizé an plizyè espwatasyon. SCA Galbas ki asi 60 èkta ka fè kann é zannanna. Asi rèstan la tini twa èspwatasyon, yo chak asi 20 èkta. ni plizyé esplwatasyon asi Galbas.
3 – Réfòm fonsyé an lanné 1981
Tout okipasyon a tè oblijé kolonyalis fwansé rèvwè distribisyon a tè an péyi an nou. Sé konsa RF fèt an 1981. Adan plizyè « GFA » (Groupement Foncier Agricole) tousa antré an plas an Nò Gwadloup, an plen Zabim, Mònalo é Moul, é apwé an Nò Granntè... asi 11.000 èkta. Kolonyalis fwansé mété milyon lajan an men a pwopriyétè kapitalis.
Alèkilé, péyizan mwayen Gwadloupéyen pousé asi tè Gwadloup men tè Gwadloup pòkò ka ba pèp Gwadloup manjé sa-y fò-y manjé. Kolonyalis fwansé ka simé sibvansyon pou nou kontinyé manjé asi pò – la.
B – Ki lèspéryans nou ja fè dòt koté ki an tè ?
Lalit a mouvman sosyal la fè nou konstaté : dèpi kapitalis fin siwoté lajan a Léta, lajan a Konsèy Réjyonal, lajan a Konsèy Jénéral, lajan a Konmin, yo ka fèmé lantoupwiz, yo ka chapé kò é yo ka vonmi travayè an lari la. Evè sa, mouvman sosyal la konpwann, travayè pa pòk, yo pa bwak, yo pé gidonné lantoupwiz a yo... Sé sa ki bay pi plis on dizenn lantoupwiz ola sé travayè ka kontrol... : « SAG, Station Valkanërs, Patisserie René... », é dot ankò.
C– Voyé zyé an péyi déwò... « SONGHAÏ »... an péyi Bénen (Lafwik)
Dèpi lanné 1985, ni fanm é nonm an péyi Bénen ka fè tè Lafwik poté manjé kon kann. Yo ka fè vyann, pwason, légim... yo ka fè rasin, yo ka fè fwi, yo ka fè fòwmasyon, yo branché entèwnèt, é dòt ankò.
Nou ka woutyenn lé senk pwen kapital ki lèspéryans Songhaï ka mèt douvan pou konstwi on pwojé :
Gadé laliwondaj ola pwojé la kay bityé ;
Gadé ki fanm é nonm ki la é ka yo ja pòté an laliwondaj la ;
Gadé an ki sosyété nou yé lè nou kay bityé ;
Gadé ola tèknoloji rivé an men a fanm é nonm ki an péyi la ;
... Apwé tousa, gadé kijan nou pé sanblé lajan andidan pèp la.
D - Ki lagrikilti ki fò ni pou nouri pèp Gwadloup ?
ON LAGRIKILTI KI KA RÈSPÈKTÉ :
Nonm la ;
Laliwondaj la ;
Wouchouké adan péyi Gwadloup pou nouri pèp la ;
Pwodiktè la ki ka fè tè fè manjé la... pou-y pé viv kon toutmoun !
POU BOUT !!!
Fò an mwa oktòb 2008 KAK (Kè A Kanpèch) pé di ola nou kay èvè Kanpèch é opita an Janvyé 2009 wouvè kè a bwa Kanpèch.
I fò nou di é èspliké sa ki èstratéji an nou pou pèp la.
Fò pèp la ka konpwann klè – klè – klè, sa nou ka désidé.
Fo-y ka konpwann sa nou ka fè konm si, sa-y santi, sa-y di lèwowè-y hélé :
« Pa mannyé Kanpèch ! », nou militan, nou konpwann sa ki fò té fè.
Nou douwé kiltivé volonté a pèp la adan on lign politik, ki fwi a réflèksyon an nou asi sa-y santi pou dèmen.
Si nou kenbé fil a-y, nou ké gannyé !
Si nou lagé fil a-y, nou pèd konba !
Sépousa l’UGTG désidé bay balan a KANPECH
POU KONTINYÉ PLANTÉ LESPWA A KANPECH : GRAN KOUDMEN NASYONAL
Randévou a sizè é dèmi dimaten a Kanpèch, pou planté mannyok, patat, malanga, jiwomon, kann, pwa, ...
Laprémidi nou ké prézanté Pèp <...> sa Travayè kay fè si tè a zansèt annou.
PA KONTÉ SI PYÉ A LÉZOT POU MACHÉ !!!
ANNOU KONTINYÉ NOURI LALIT - NOU KÉ GANNYÉ !!!
KÈ A KANPÈCH (KAK)
[...]",gcf,glotcc
102,"Lendi bonmaten, anlo moun té anrajé anlè lawout. Kisiswa sa ka vini pa lisid oben sa ki sòti dan linò, tout moun té blotjé épi lé taksiko.
Sé chofè-a ki anba lopsion l’USET té lé atoutfos izé Jozet. Asiparé, manzel té ké ponmet yo katrèvenmil éro. Yo di yo pa ni asé, pas dapré lakat marin épi katjil yo, sé sansenkant mil éro yo té ké ni bizwen pou yo pati laritret. Lè nou sav, sèten ni twa dwa taksi, nou ka konprann poutji yo ka goumen.
Yo pa dakò pas asou katrèvenmil éro-a. Konsèy jénéral ka ba yo karant mil douvan douvan, ek lèrestan sé épi Laréjion i pou wè sa.
Pres tout moun sav, sé jou-tala Laréjion, si yo pa toutafetman débantjé, lajan matla-a fonn kon sinobol anba gwo chalè sé jou-tala.
An menm balan-an, té ni grev Konsey jénéral pas anlo travayè poko sav ki manniè krab-la ké dékalé-a.
Yè anlè an radio, Brino Nestò pa mété dlo an bouch-li pou di bravman:
— Sé katmil ajan Konsèy jénéral ek réjional-la pa asiré trouvé an plas. Sinon bidjé TCM-lan ké sèvi pou péyé yo!
Sé bien pou sa, sé ajan Konsèy jénéral débréyé bonmaten-an pou fidjiré épi prézidant-lan.
Epi kanpàn élektoral-la sé kandida-a pa ka djè palé di personel-la. Yo tout ka fui, oben ka di yo ké ni tan wè sa apré. Poulemoman, fodra éli yo pou yo pé otjipé di sa. Sa ka mété moun entjet. Anlo poko menm sav si yo ké alé voté, jijéwè ba kimoun. Poulemoman ja ni 9 lis é yo poko sav kiles yo ké chwézi, yo mélé kon farin é sann.
Sa ki pli tris-la, sèten ja menm paré achté vwa, ek dot lé asepté vann vwa yo tou pou an portab, é menm 50 éro. Afos swadizan yo mélé.
Fout sa red kanmenm, lè nou ni an dwa ek nou pa sa sèvi’y. Savrè sé pa tousa ka fè ni blokaj an péyi-a.
[...]
Bel poveb kréyol 722
« Tout soulié ni pié’y ». 
[...]",gcf,glotcc
103,"House of Àṣẹ (pwononsé a-ché) sé on koté èspésyal pou pratik pèp antiyè, kréyòl èvè AfwoKalina. Isidan, nou ka pratiké é nou ka louanjé Kenbwa a zansèt annou.
House of Àṣẹ ka konsantré asi nétwayaj, gérizon épi pwotèjman (pou kò a-w épi kaz a-w) pou ou pésa atiré é kenbé lanmou, lapè épi fè kabrit fè bèf a kaz a-w (ki sé lajan, on bon travay oswa enpé kréyativité épi bénédisyon espirityèl).
House of Àṣẹ ka konsantré asi nétwayaj, gérizon épi pwotèjman (pou kò a-w épi kaz a-w) pou ou pésa atiré é kenbé lanmou, lapè épi fè kabrit fè bèf a kaz a-w (ki sé lajan, on bon travay oswa enpé kréyativité épi bénédisyon espirityèl).
Livrézon pou mèsi
Pou tout komann pasé €45
Fèt a lamen an sérémoni
Tout atik fèt a lamen & sosé an àṣẹ
[...]
Kaz a Kenbwa tradisyonèl é modèn asi entènèt. Poukisa: pou woukonèkté épi tradisyon annou èvè woumété kenbwa la pou i yé an limyè, lwen lidé a méchansté é rayisans.",gcf,glotcc
104,"An ay fè on lantou Brisèl é an pa vwè pon-on moun ki ni lòks ! An vwè moun a rajou, moun a périk, an ji vwè on nègrès a chivé défrizé. Men zéwo lòks !
Men a pa sa tousèl an konstaté. Brisèl ka touvé-y sé kapital a la Beljik. Beljik sé on péyi on jan espésyal.
Dabòpouyonn, lwa-konstitisyon a yo - lwa pi fondamantal, lwa-reldo a on péyi - ka palé-w dè “Communauté”, Réjyon, é Réjyon “Linguistique”. Lawvwè on biten rivé adan lwa-konstitisyon a on péyi, sa ka vin chouké an lalwa a péyi-la é sa ka vin rèd pou woté-y pas lwa-konstitisyon sé on karésol pou tout larestan lwa.
Kidonk, dépi an awtik-dé, lwa-konstitisyon a péyi Beljik ka diw ni twa “Communauté”. Yo ka di “Communauté” men nou té ké di “Nasyon-Moun”. I ni Nasyon-moun ka palé Fransé, Nasyon-moun ka palé Flaman (ki ka sanm lang a moun LaOland), é Nasyon-Moun ka palé Alman. Nenpot-la ou ka rété an péyi-la ou andwa di adan ki Nasyon-moun ou yé. I ni twa réjion : réjyon walon, réjyon flaman, é réjyon Brisel.
Adonk, an ay Brisèl é, prèmyé biten, an pa vwè pon-on moun a lòks Brisèl. Pa mandé mwen poukwa, mwen-menm pa ni lesplikasyon. Fo-w sav ni bon enpé nèg an vil-lasa davwa Beljik sé péyi ki kolonizé Kongo, menm jan Fransé kolonizé Sénégal oben LaGwadloup. Ou ji ni on bann-désiné a Tenten ka palé sa. Men lè an rantré an magazen-la an pa vwè-y. Sèwtènman paskè bann-désiné-lasa rasis kon patini, é yo pa dwèt té vé pran polémik épi moun !
Dézyèm biten an vwè, sé dé lang-la, ki fransé ki walon, tou lé dé a menm nivo. Tout sé pano-la maké an fransé é an flaman an pa ni on lang ki maké pi gro ki lòt oben ki pi drèt ki lòt. Lè ou ka rantré adan on boutik yo ka di-w bonjou an dé lang.
Lè an vwè sa, an konprann magré chimen nou ja fè, magré mannèv sa ki té avan nou ja pòté, ka rété-nou bon travay a fè si nou vé lang kréyol rivé menm wotè ki fransé.",gcf,glotcc
105,"[...]
Mi zafè an péyi-la ! Misyé Louwa ka mayé fi-a-y. Lavwa ka bay toupatou.
Toutmoun ka sòti la yo sòti, yo tout kay vwè si yo ka rivé mayé èvè tifi-la. Sa ki ja mayé pran dévenn, yo té ka di an kyè a yo : « Si an té pé démayé » padavwa fi a misyé Louwa sé on bèl fanm toubòlman, évé a pa lajan i pa tini !
Tout nonm déwò : jenn kon vyé, mi kon vèt, avòté kon matrité. Ni sa i bèl, ni sa i lèd. Ni sa ki an dégenn. Tini nèg nwè, chaben, milat, tout jan kalité nonm. Yo ka vin pa dis, pa trant, yo ka sòti an tout sèksyon, an tout koté la chyen ka japè pa kyé.
Lè yo rivé, yo ka fè-yo rantré yonn dèyè lòt adan on bèl kaz, èvè bèl tapi, bèl chèz, bèl fotèy. Tout biten la kléré olendeng. Apré la yo rantré, yo kay adan on dòt ti pyès a kaz la, pli bèl ankò ; sé adan ti pyès-lasa misyé Louwa ka mandé yo sa i ni pou mandé yo. Ja ni près mil nonm ja pasé. Yo ka viré lakyé dan fès ; yo pa ka réponn sé kèksyon-la. O, O, adan péyi-lasa té ni on fanmi moun maléré kon lapyè. Yo té ka rété adan on sòt kalité kaz, près tonbé. Sé timoun-la pa té ni apa, yo té ka viv épi manman-yo. Yo té a twa jenn nonm an kaz la ; dènyé-la té ni ven lanné. Ti lajan-la yo té ka gannyé-la té tèlman kout, yo pa té menm pé manjé èvè sa. Mé dènyé gason la pa té ka travay, i té malad. Tout pyé a-y té plen é chik kifé yo té ka kriyé-y Ti-Chika.
Tèlman sa té ka fè-y mal i té ka maché si kan a pyé. Sa té ka fè manman-y lapenn vwè-y malad. Apapoudi i pa té ka ba chik-la rimèd ; yo té ja éséyé tout biten ; fèy a piman, rasin a kròk-chyen pilé, agoman. Yo pa té pé fè plis padavwa yo pa té ni lajan pou voyé-y o doktè. Jous frè a-y té wont-li. Toutmoun té ké fè jé épi Ti-Chika.
Lè manman-la tann di Misyé Louwa ka mayé fi a-y, i di sé tiboug a-y la : « Poukisa zòt pa kay vwè si zò ka rivé réponn sé kèksyon-la, sa té ké ranjé zafè annou toubòlman ».
Ti-Chika réponn : « Sé vwé a-w anman, nou té ké pé ay vwè ».
Sé frè la pran ri, tèlman yo té ka ri, yo té ka toufé : « Vou, Ti Chika ou anvi mayé, é èvè fi a misyé Louwa. Ou pa gadé-w ? i pé ké jen vlé-w. Nou ké alé, vou ou ké rété isit. »
Manman-la, i té pisimyé Ti Chika, pran dèyè gason a-y : « Zò two mové. I sé on nonm kon tout nonm. I ni menm dwa ki lézòt ».
Sé frè la di : « Sa ka gadé-w; si ou vlé i alé anman. Mé i pé ké maché dòt koté ki dèyè do annou. Ti Chika two malfouti. »
Lélandemen maten sé twa boug-la lévé gwan bonnè, pipirit chantan ; yo ay lavé kò a-yo an ti sous la ; aprésa, yo mété on lenj pwòp. Lenj-la té pyèsté toupatou. Lé dé pli gran pati douvan, bon gaz. Manfou a Ti Chika ka vin dèyè.
Maléré-la ka fè sa i pé pou maché vit ; plis i ka ba kò a-y bann, plis sé frè-la ka apiyé. Ti-Chika pa ni labitid mété soulyé, jòd-la i mété on pè pépa pou i pé parèt pli byen. Soulyé-la ka ankavé sé chik a-y la. I ka kyenbé jan i pé. Douvan-la, sé frè la ka ri kon kouyon.
Toupannan yo ka maché, Ti-Chika jwenn on zékal-a-zé. I kriyé frè a-y : « Frè o frè, an touvé on zékal-a-zé. »
- Ka ou kouyon konsa Ti-Chika ka ou pé fè évè on zékal-a-zé ?
- An ka gadé-y ou pa jen sav. I pé rivé sèvi mwen.
Ti Chika fouwé zékal-a-zé la an pòch a-y.
Yo kontinyé maché. Ka fè cho. Swè ka koulé si tout kò a yo. Sòlèy-la ja ho an syèl-la. Pa ni on ti lonbraj si bò chimen pou ba-yo on favè. Si a pa té pou mayé èvè fi a Misyé Louwa yo té ké ja viré bò si bò.
Té ja ni enpé tan yo té ka maché. Ou anki tann : « Frè, gay-sa, an touvé on kaka chyen sèk. »
Sé dé frè la viré gadé, yo tousé gyèl a-yo :
« Mé Ti Chika ola ou sòti, ou ka kriyé-nou pou on kaka chyen sèk ? Gay malpwòp-la ka kyenbé sa an men a-y. Apa ti kouyon ou kouyon. »
Yo anki ba Ti-chika do.
Ti Chika pa di ayen, i fouré kaka chyen-la an pòch a-y, évè i di: « An ka gadé-y, ou pa jen sav i pé sèvi mwen. »
Bod lanmè lwen, mé dènyé kilonmèt-la rèd. Ti Chika té ké enmé tiré soulyé-la, kouché tibwen obò chimen, pas yo rivé koté détwa pyé fanbwayan, mé mandé sé frè la menm sa i ka pasé dèyè ; yo ka akséléré. Fo Ti-Chika maché koutkilon. Ka ou vlé fè, chyen maré sé pou bat. Ti-Chika kalé brandi-branda. Pyé a-y chiré, tout sé chik-la plen san. Ti gout pli lwen (yo ja près rivé) Ti Chika jwenn on klou wouyé. I pa di ayen i anni fouré-y an pòch a-y.
Yotoulétwa fin pa rivé aka misyé Louwa (Bondyé Bon). Mésyé ! lè yo vwè kaz-la yo mankyé tonbé mal. Apa ti mòso kaz : flè toupatou : ibiskis, wòz kayenn, lowryé tout koulè.
Yo ka bouwé èvè tout sé nonm nèy-la ka viré.
Lè yo rivé, yo fè yo rantré adan prèmyé gwan pyès kaz-la. Yo kriyé pli gran frè-la an prèmyé. On ti monman aprè, i té ja viré, lakyé dan fès : i pa té menm sa réponn on kèksyon.
Menm biten, menm bagay pou dézyèm-la. Aprésa, yo kriyé : « Misyé Ti-Chika. »
Mésyé kyè a Ti-Chika té ka bat bidiboum. Lè i rantré an dézyèm ti pyès-la, i vwè Misyé Louwa èvè on kalité bèl ti-fi, koté-y, i manké pran kouri pas i sonjé apa jan li i ké rivé touvé sé répons la.
Lè fi a Misyé Louwa vwè Ti-Chika, i di an kyè a-y : « Bondyé Sèngnè, ola tala sòti ? An ja vwè tout grosè, tout koulè, tout jan. An pò tò kò jan vwè yonn kon tala. I lèd, i pyèsté, kijan i ka maché la ? ka i an pyé a-y ? An pa bizwen chaléré kò an-mwen, a pa li ké touvé ayen. »
Yo fè Ti-chika sizé, i té ka pèd adan fotèy-la. Ti-Chika té tèlman pè, i pa té pé gadé misyé Louwa an koko zyé. Misyé Louwa pa té on mové nonm, i vwè Ti-Chika té pè, i palé janti ba-y : « An swèf, mé an té ké vlé bwè dlo, adan on biten moun pa ni labitid bwè dlo. Es ou pé ban mwen biten-lasa ? »
Ti-Chika kyansé, i pèd lakat. Mé i pa tadé rouprann sans a-y i di : « Mi on zékal a zé bwè dlo a-w adan. »
Misyé Louwa rété èstébékwé : Prémyè fwa on moun té ka rivé réponn on kèksyon a-y.
Fi a misyé Louwa pa té kontan menm, menm menm. i mété-y ka priyédyé pou vyé ti-boug lasa pa touvé ayen ankò.
Misyé Louwa di Ti-Chika : « An fen ès ou pé ban mwen on biten moun pa ni labitid manjé. »
Ti-Chika tiré kaka chyen sèk la an pòch a-y i ba misyé Louwa li, èvè i di : « Kaka chyen sèk lasa ké plen vant a-w. »
Fi a misyé Louwa komansé tonbé léta : yo pasé alkali, yo voyé kriyé dòktè enfimièz ; lè i wouvè zyé a-y i di konsa : « Apa vyé nonm lèd-lasa an ké mayé èvè-y. »
Sé anni lè yo di Ti-Chika pòkò fin i santi lèspri a-y tigout mwens terbolizé.
Pannansitan misyé Louwa ka mò (an kyè a-y). Mé on pawòl, sé on pawòl. Pa ni moyen routouné si sa. I wou a-y koté Ti-chika ankò : An ni on tou adan chiminé a lizin an-mwen ka ou pé fè pou bouché-y ? Ti-Chika réponn : « Mi on klou wouyé, bouché tou a chiminé a-w. Mi déba mi ! fi a misyé Louwa rété kenz jou malad, ka pléré, ka hélé anwmé, ka woulé atè. »
Pannansitan tout dòktè a misyé Louwa té ka okipé dè Ti-chika, ka gyéri bobo a-y : yo pwopté-y, yo ranjé-y, yo ba-y manjé. Ti-Chika vin bòtzè, bòtzè. Ponmoun pa té ka woukonnèt li. Lè fi a Misyé Louwa wouvwè-y i pa té pé konprann sé té Ti-Chika. I di konsa : « Ou ka vwè sa ! On bèl ti boug, sé lanmizè i té ka rann li lèd. » Yo bay bag. On moman apré, mayé-la fèt gwan zafè aka chopin bèlè, tout pyé anba tab.
Ti-Chika té on bon ti gason. I fè fè on bèl kaz ba manman-y. Magré tousa frè a-y té fè-y i pa té ni yo si kyè a-y. I touvé on bon jand' travay ba yo aka misyé Louwa. Bon détwa tan apré, sé frè-la mayé èvè kouzin a madanm a Ti-Chika.
Mwen, on jou an té ka pasé douvan kaz a Ti-Chika, an di : « Mé Ti-Chika o chik a-w pasé ? » I fou mwen onsèl koulpyé a dépyé an vin échwé-la pou rakonté zòt sa.
[...]",gcf,glotcc
106,"Dimanch pasé tout moun té douvan télé-yo pou té gadé final Lakoup dimond ant Lafrans kont Larjantin. Pandan tout simenn-an, yo plen tet-nou épi nouvel asou dé étjip-la. Lè sé pa Messi éti nou pa ka espéré kon lé jwif. Sé té Mbappé yo té ka ba nou.
Anlo moun té douvan télé-yo, otan sa ki pou Lafrans, sa ki pou Brésil ki ja pran fè, oben lé nouvè sipòté Matinik ki Arjanten.
Sel bagay, match-tala ba moun falfret, mal-bouden, mal vant-déranjé, mal-fwa, mal-tjè, asiparé jik ni yonndé moun éti tonbé léta, lè sé pa tonbé dekdek.
Andidan match-tala, nou konstaté sé té yenki pou lé blé yo té yé. Adjilbè konnet an boug malen kon an rat. Avan match-la, misié di i pou lé blé. Mé i pa janmen di i té pou blé pal kon triko Larjantin-an oben blé fonsé kon ta Lafrans-lan. Alafen match-la, i di étjip-li a genyen, é dapré’y i té ja sav rézilta-a. Mé I pa chonjé I di sé té Giroud éti té ké matjé dé bi ek Lafrans té ké genyen dé zero. Mantè pa ni mémwa.
Apré simenn foutbol-tala, asiré tout moun ké ni a otjipé di nwel ek joudlan pas chanté nowel ka alé ovantatè.
Biyé avion pli chè, pliziè konpayi ba lesplikasion-yo pou ba kò-yo rézon davwa yo mété sé biyé-a osélélé.
Dapré an pati, sé palakoz Kovid-la, éti yo pa travay. Kidonk yo ka éséyé ritrouvé kalibich épi lékont. Sé pou sa sé asou ka vwayajé yo ka apiyé.
Anlot konpanyi di sé padavwa lésans-lan pli chè é fok péyé.
Epi pou bout, dot di tou fò, sé palakoz Likrèn. Menmsi anlo moun viré koumansé vwayajé nou ka konstaté biyé-a pa ka sipann wosé é adan tout bagay-tala Likrèn ni bon do.
[...]
Bel poveb kréyol 693
« Difé mò, sann fret ».
[...]
Bel poveb kréyol 722
«Tout soulié ni pié’y».
[...]",gcf,glotcc
107,"Aaaah arrété fè mwen chié dé labiè mwen brè
Ou pé di mwen boulé ! pa véyé zafè mwen 
Barman ba mwen en kou pou mwen ratrapé kô mwen 
Et si ou mwen non ou kay brilé en enfè 
Mwen cé en bon tibolonm en boug sérieu 
Man ka travaille tou lé jou mèm lé jour férié 
Ah non sauf le dimanche ! mwen té oublié Le dimanche sé rhum épi dlo périé 
Pa zavè tchou mwen ki ni en malédiction 
Mwen pa sav sa mwen fè mai man ni bon pichon 
Chak fanm mwen trapé ka pren mwen pou en pigeon 
Yo ka sicé lagen mwen men paka minyin en nichon 
Hé hé a la tienne i passé
Sé pa cho mhh c'est glacé 
Méssié mwen aléééé mwen ka déplacé 
Mwen ni poul mwen pou nouri épi bèf mwen pou maré 
Pa d'alcool au volant, abô moto mwen yé 
Mwen sé an père responsable, mwen sé en nonm mayé 
Lè i ni ligne dwèt, mwen ka roulé tou dwèt 
Lè i ni an virage mwen ka poussé'y sa pli sage

REFRAIN : Ti bolonm ou ka brè rhum rhum rhum 
Avant ou té ka fai sa po fai ganm ganm ganm 
Atchelmen ou pé pa rété sans bwè rhum rhum rhum 
Sé sa nou ka diy i pa ka tenn tenn tenn 
Ti bolonm lan ka mété coy ka bwè rhum rhum rhum 
Avan sé té pou ganm ganm ganm 
Atchelmen i pé pa rété sans bwè rhum rhum rhum 
Mai i pa ka tenn tenn tenn
Hé bé ga Gilbè, gilbè sa i di a 
Ho ou dwé mwen an kou mé pa ici a 
Bon man key passé bô cay ou apré midi a 
Man key minnin crase la ou sav Martini a 
Yé i ja midi, mwen poko minm mangé 
Ba mwen alé gadé sa antoinette mété enlè difé 
Hé fô mwen gadé pa ki chimin man key passé 
Jôdi a dimanche ni police ka drivé
Héé man rivé Antoinette ba mwen mangé 
Pa kité cracha mwen sec a té a man key énervé 
Mansel a minin mangé mwen ba mwen pass man key déclenché 18 ans nou mayé 
Ou sav bien mariw té pou rivé 
Sa ka fai combien l'anné man rimatché laissé allé 
Mais wéti mansel Antoinette dépi lè a man ka palé

Wéti madanm lan Yo sé diy kay la vide 
Mais sa pa possib Antoinette déssenn an vil 
Man pa inmin surprise hein tchè mwen fragile 
Wéti téléfone lan man key passé an kout fil 
Way way way way kissa ka alé la a 
Dépi talè a man ka tombé anlè messagerie a 
Antoinette zafè cow hein pass ou sav kissa man ka brè an kou pou sa",gcf,glotcc
108,"Lasimenn pasé té ja ka ba’y nef jou moun té ka vréyé labou, pas bò kay yo té sal pou toutbon. Mé sé pa labou selman, man jik tann yonndé dé mo ki pa té djè prop, mé mwen menm pa ni dlo pou lavé’y. Kidonk man pa ka pran lapenn répété tout.
Man tann kontel:
– Ou pé di mwen, sé moun an té ja fè lagrev pandan vakans-lan, pou kouri dèyè touris épi yo viré koumansé dret jou larantré-a?
Man tann tou:
– Zot ka vréyé labou, mé lè ni opérasion mòlòkòy zot pa ka djè wouspété!
An manman yich ki ni twa tianmay lékol di konsa:
– Tianmay nou ja ka pran fè lékol, épi zafé yo chanjé sé jou-a, an plis la SME ka mété lagrev. Sé an bann bandi, yo mérité jété an dlo!
Anfen sé té an sel démélé san konprann. Sé grévis la menm di:
– Nou pé ké moli, pa menm pou an tibren dlo, pas lajan nou pa ka wosé é tout bagay ka vini chè!
Adan tout lo pawol-tala ni an bagay ki fè mwen pété ri – pas man pa té kontan non pli – mi sa an boug Lanmanten di:
– Sé vàn la SME a vini étélijan, yo fèmen kò yo tousel, pou sipòté sé grévis la pas yo menm tou yo ja tro vié, yo ka pran trop fè!
Asiparé kom ki diré, lapolis té ka véyé é i pa kolé pèsonn, mé konmen vàn dlo rivé fèmen kanmenm.
Ni yonn ki di – toujou ni yonn pou malpalé - :
Adan sé grévis la ni anlo ka résité!
Antouléka, man pa sav ki moun ki ni rézon, mé sa man asiré sé ki sèten koté pa té ni dlo. Sirtou dan lé wotè, dlo a pa té ni asé fos pas i té pri an notaj, i pa té ka rivé monté mòn.
Man konnet yonndé ké pofité fè mannev pou viré mété sitèn, bonm dlo lavandé ; es sa pé ké fè moustik la viré éklò?
Pétet an lè nou ké rété ki dlo zié nou... pou nou pléré!
[...]
Bel poveb kréyol 722
« Tout soulié ni pié’y ». 
[...]",gcf,glotcc
109,"[...]
Randévou a sizè é dèmi dimaten a Kanpèch pou kontinyé planté lespwa
[...]
I - POU KANPÈCH FÈ KANPÈCH É KONTINYÉ NOURI GWADLOUPÉYEN
A - Ka ki kanpèch ?
On pyébwa ki ka bay méyè bwa pou chabon, ki ka bay méyè flè pou miyèl, ki ka bay koulè, ki ka pousé koté ki dlo ra... on pyébwa ki nouri maléré an tout tan ;
On koté an bout a Gwadloup la ou pé dékouvé ankijan péyi la bèl, obò lanmè Latlantik, koté a gran van é a bèl soley ;
On koté la Kalina (Krayib) fouté Fwansé on glann an monman yo té vlé pwan péyi la, détwi pèp Krayib, é enstalé mès é labitid a yo, fè konmès a nonm yo woté pa fòs an péyi Lafrik pou travay pou yo anba sistenm a lèsklavaj ;
On koté kapitalis é kolonyalis fè lajan kon kann avè swé a nèg an kann ;
On lantoupwiz kapitalis fwansé gannyé pou ayen, an men a sosyété Bopò (1978) pou fè poul fè zé ;
On lantoupwiz ola 48 a 30 fanm é nonm té ka travay pou fè kapitalis gannyé plis ki 2,5 milyon léwo chak lanné, fè 60 000 poul ponn 15 milyon zé chak lanné avan-y koulé ;
32 lekta tè, 15 hanga é 3 milyon léwo zouti é matéryél ki kapitalis désidé vann 3 milyon swadizan pou yo pé woupwan sa yo pèd san di tou sa yo mèt a koté pannan sé 28 lanné la yo kontrolé lantoupwiz la ;
On lantoupwiz lèwowè on gwoup travayè lisansyé désidé anfinaldikont kolé tèt é lajan a yo, lyanné avè dot fanm é nonm Gwadloup pou kréyé on lantoupwiz la sé yo é nou <...> ki ka kontwolé ka pou pwodwi, avè kimoun, ankijan é pou toultan ;
On lèspwa pou nou <...> kapab travay pou nou kréyé on sistenm ki pé ké sanm ta kapitalis-komèwsan é posédan, ki kapab konstwi nonm, rèspékté laliwondaj, démontré an ki jan nou <...> pé nouri nou, nou menm padavwa bato é aviyon pé pé pa on jou chayé machandiz an Gwadloup pou alimanté é nouri sistenm a kapitalis ;
On lokazyon pou nou konpwann ankijan apwé Fwansé détwi pèp Krayib, maré fanm é nonm Lafrik anba lèsklavaj, yenki pou plis lajan, dékatyé é démouné fanm é nonm Gwadloup anba kolonizasyon é lasimilasyon, nou douwé jòdila chouké nou an konsyans, avè mémwa é gannyé fòs é pouvwa ki ni pou gannyé an sosyété Gwadloup a jòdila....
NOU KA PWAN KANPÈCH ! NOU KA WOTÉ BWA KANPÈCH AN MEN A YO !
Kanpèch sé on koutkyanm, a pa on kout nonm ;
Kanpèch sé on lyannaj a tout lidé é tousa nou fin pa konprann, nou fanm é nonm Gwadloup apwé nou fwékanté lékòl a Fwansé, istwa é èspériyans a dot pèp asi latè, konésans a péyizan é travayè, més é labitid a pèp Gwadloup.
B - Ka nou vlé ?
Fè fanm fè fanm... !!! Fè nonm fè nonm... !!! San janmen manjé an men a yo... !!!
Kalbandé lespwatasyon kapitalis é kolonyalis !
Kontinyé nouri lalit !
Tè Gwadloup sé tan nou, nou ka pwan-y !
Pitit an nou é pitit a pitit an nou ké viv, grandi, pwan fòs, travay an Gwadloup adan on sosyété on laliwondaj, san pwoblenm ni an tèt a yo ni an kò a yo.... avè lèspwa a Kanpèch !
Pwévwa avan twota maré nou, padavwa pi plis fanm é nonm asi latè ka pwan fè anba kapitalis é mondyalizasyon, davwa yo planté manjé pou nouri lòksidan.
C - An ki jan fè kanpèch fè Kanpèch ?
ASI 32 LÈKTA TÈ NOU KAY :
Planté manjé, lévé zannimo pou vyann, prodwi kouran élèktrik é gaz ;
Konsèwvé sa nou pwodwi ;
Vann é bokanté sa nou pwodwi ;
Wouvè lékòl pou èspliké é nouri èspéryans nou vlé dévlopé ;
Wouvè pòt pou montré nou <...> é pèp péyi dèwò sa nou fè, avè tèt an nou é dé men an nou ;
Kréyé on lèspwi, on drapo, on chanté, lenj é koulè pou lyanné pép Gwadloup asi Kanpèch ;
Sanblé lajan san pasé pa sistenm a kapitalis.
D - Pa ki chimen nou ké pasé ?
Sanblé tout Gwadloupéyen nou konnèt, ki konnèt é ki konpwann sa pou fè an lèspwi a Kanpèch é ki kapab, agrikiltè, enjényè an tout métyé kon prodiksyon a kouran, a gaz, a pwason, mèt-a-mannyòk an transmisyon a konésans, an komès, an tourism, an sistenm a lajan. Yo dwèt pé fè lidé, lèspwa é lèspwi a Kanpèch éklò.
Gadé vwé sa ki ni an péyi déwò... (Commerce Equitable, SEL, Songhaï, La Bonne Bouffe...) é pwévwa an péyi Krayib.
Konmansé planté manjé é planté nonm toupannan nou ké fè lèspwi la pwan plas an tèt an nou.
II – SA KI JA BITYÉ JA BITYÉ !
Adan pawòl douvan la nou sòti palé la tini on lidé dévlopman a nonm pou dèmen. Fò tout fòs politik ki tan nou mofwazé pou dè bon an tout sòt matyè lékonomi. Fò nou menné pi ho, pi ho konsyans o pèp la, pou nou libéré on moso a andidan an nou menm douvan migan kolonizasyon – mondyalizasyon. Pou nou fè douvan fò nou gadé sa ki ja bityé.
A – Ki lespéryans nou ja menné ?
1 – Okipasyon a tè asi Bòn – Vèn (Lansbètran) é tè a « Cnie Fruitière » (Manten)
Prèmyé okipasyon ki fèt an péryòd la « UTA – UPG » vwè jou sété koté lanné 1976 – 77. Pou yonn, an limit Lansbètran é Kannal, tè bitasyon « Dadoud – Lagarde, Bonne -Veine » té ni onpil kolon. Yo di « Awa ! », misyé Simonet pé ké opozé yo lévé timoun a yo é nouri fanmi a yo. Evè koudmen, yo bityé tè. Jis jòdila, yo ka kontinyé travay tè lasa.
Okipasyon tè Manten konmansé an 1978. « La terre à ceux qui la travaillent ! », mi sé konsa lé sendika bwanné lé go popwyétè é raché zongonn a kapitalis fwansé an tè Gwadloup. Onlo Gwadloupéyen montré solidarité avè lit a travayè a tè. Kolonyalis fwansé fèmé dé militan adan lajòl a yo.
2 – Okipasyon tè Galbas
Koté lé lanné 1980, okipasyon tè Galbas konmansé. Sé on lèspéryans ola onlo militan pòté fòs a yo. Jòdi-la, lé 120 èkta tè Galbas divizé an plizyè espwatasyon. SCA Galbas ki asi 60 èkta ka fè kann é zannanna. Asi rèstan la tini twa èspwatasyon, yo chak asi 20 èkta. Ni plizyé esplwatasyon asi Galbas.
3 – Réfòm fonsyé an lanné 1981
Tout okipasyon a tè oblijé kolonyalis fwansé rèvwè distribisyon a tè an péyi an nou. Sé konsa RF fèt an 1981. Adan plizyè « GFA » (Groupement Foncier Agricole) tousa antré an plas an Nò Gwadloup, an plen Zabim, Mònalo é Moul, é apwé an Nò Granntè... asi 11.000 èkta. Kolonyalis fwansé mété milyon lajan an men a pwopriyétè kapitalis.
Alèkilé, péyizan mwayen Gwadloupéyen pousé asi tè Gwadloup men tè Gwadloup pòkò ka ba pèp Gwadloup manjé sa-y fò-y manjé. Kolonyalis fwansé ka simé sibvansyon pou nou kontinyé manjé asi pò – la.
B – Ki lèspéryans nou ja fè dòt koté ki an tè ?
Lalit a mouvman sosyal la fè nou konstaté : dèpi kapitalis fin siwoté lajan a Léta, lajan a Konsèy Réjyonal, lajan a Konsèy Jénéral, lajan a Konmin, yo ka fèmé lantoupwiz, yo ka chapé kò é yo ka vonmi travayè an lari la. Evè sa, mouvman sosyal la konpwann, travayè pa pòk, yo pa bwak, yo pé gidonné lantoupwiz a yo... Sé sa ki bay pi plis on dizenn lantoupwiz ola sé travayè ka kontrol... : « SAG, Station Valkanërs, Patisserie René... », é dot ankò.
C– Voyé zyé an péyi déwò... « SONGHAÏ »... an péyi Bénen (Lafwik)
Dèpi lanné 1985, ni fanm é nonm an péyi Bénen ka fè tè Lafwik poté manjé kon kann. Yo ka fè vyann, pwason, légim... yo ka fè rasin, yo ka fè fwi, yo ka fè fòwmasyon, yo branché entèwnèt, é dòt ankò.
Nou ka woutyenn lé senk pwen kapital ki lèspéryans Songhaï ka mèt douvan pou konstwi on pwojé :
Gadé laliwondaj ola pwojé la kay bityé ;
Gadé ki fanm é nonm ki la é ka yo ja pòté an laliwondaj la ;
Gadé an ki sosyété nou yé lè nou kay bityé ;
Gadé ola tèknoloji rivé an men a fanm é nonm ki an péyi la ;
... Apwé tousa, gadé kijan nou pé sanblé lajan andidan pèp la.
D - Ki lagrikilti ki fò ni pou nouri pèp Gwadloup ?
ON LAGRIKILTI KI KA RÈSPÈKTÉ :
Nonm la ;
Laliwondaj la ;
Wouchouké adan péyi Gwadloup pou nouri pèp la ;
Pwodiktè la ki ka fè tè fè manjé la... pou-y pé viv kon toutmoun !
POU BOUT !!!
Fò an mwa oktòb 2008 KAK (Kè A Kanpèch) pé di ola nou kay èvè Kanpèch é opita an
Janvyé 2009 wouvè kè a bwa Kanpèch.
I fò nou di é èspliké sa ki èstratéji an nou pou pèp la.
Fò pèp la ka konpwann klè – klè – klè, sa nou ka désidé.
Fo-y ka konpwann sa nou ka fè konm si, sa-y santi, sa-y di lèwowè-y hélé :
« Pa mannyé Kanpèch ! », nou militan, nou konpwann sa ki fò té fè.
Nou douwé kiltivé volonté a pèp la adan on lign politik, ki fwi a réflèksyon an nou asi sa-y santi pou dèmen.
Si nou kenbé fil a-y, nou ké gannyé !
Si nou lagé fil a-y, nou pèd konba !
Sépousa l’UGTG désidé bay balan a KANPECH POU KONTINYÉ PLANTÉ LESPWA A KANPECH : GRAN KOUDMEN NASYONAL
Randévou a sizè é dèmi dimaten a Kanpèch, pou planté mannyok, patat, malanga, jiwomon, kann, pwa,…
Laprémidi nou ké prézanté Pèp Gwadloup sa Travayè kay fè si tè a zansèt annou.
PA KONTÉ SI PYÉ A LÉZOT POU MACHÉ !!!
ANNOU KONTINYÉ NOURI LALIT - NOU KÉ GANNYÉ !!!
KÈ A KANPÈCH (KAK)
[...]",gcf,glotcc
110,"Popozision ki sòti nan Konsit LLKM za òganizé, anlè dives pwen grafi épi lòtograf lanng kréyol <...>.
Dépi travay GEREC koumansé adan lé lanné 70, ékriti an lanng kréyol koumansé simayé toupatou andidan péyi-a. Poutan, magré gwo travay GEREC, rété dives poblenm ki pòkò rézoud (swé asou bagay GEREC pa trapé tan présizé, swé asou bagay pratik-la ka fè moun épi dives mapipi viré kabéché). Kifè ni dives késion anlè manniè matjé désèten bagay nan lanng-lan.
Konsit-la (ki pran diféran fom : sanblé, latilié...), sé an manniè nou ka popozé, <...> pou nou awmonizé o pi wo, jòdijou, manniè matjé kréyol <...>. Pou sa, nou ka séyé sanblé tout moun ka bat anlè lanng kréyol <...> (fòmatè, matjè, militan), nan diféran moman, pou pofondé pliziè pwen.
Senk konsit ja fet, an 2019, 2020, 2021, 2022, 2023, épi an kantité patisipan ki pé chanjé silon sé lanné-a.
Kabéchaj-la pa bout, i ka alé toujou, pou rivé fè o pi bien.
Senkiem Konsit LLKM asou « Li ek Matjé Kréyol », Sanmdi 30 septanm, Fodfwans.
Dives matjè, fòmatè, militan jwenn pou wouvè mwa kréyol la épi an bokantaj asou « Mo konpozé nan lanng kréyol ».
Man Michelle Monrose, prézidant komision « culture, art et patrimoine » la CTM, akéyi nou (bonvini, bon travay).
Man Jozet Burnet-Miatékéla fè mitannè.
Misié Daniel-Joj Bardury prézanté épi espitjé anmizi-anmizi, popozision gwoup travay la asou mo konpozé té préparé. Sa rédé anpil bokantaj-la.
Anbians-lan té bon, adan an larel respé, travay, épi lafanmi.
Mèsi épi bravo pou tou sa ki té la.
Nou ka pran randévou pou pochen konsit-la, toujou asou mo konpozé.

KONFÉRANS LLKM
« LANNG KRÉYOL LA, FOS LESPRI-NOU ! »
An konférans LLKM za prézanté dé fwa : an fwa, mèkrèdi 12 jiyé, éti Festival lakilti Lavil Fodfrans té envité’y nan Sénak-la, an déziem fwa éti Lavil Chelchè té envité’y, mardi 24 oktob, Lespas Ozenat.
Lé dé fwa-a, sé misié Daniel Bardury (manm LLKM, Doktè nan Langue et culture Régionale, espésialis grammaire cognitive nan lanng kréyol) épi misiè Jozef Galonde (Liannè LLKM) ki mennen konférans-lan.
An konvwa danmyé-kalennda-bèlè Lakòdinasion bèlè (ki manm LLKM) jwé kat mòso ki montré gwo travay-la sé chanté-a ka fè asou lanng-lan.
Lè 12 jiyé, Erik Pézo épi Janfranswa Liénafa ba nou an bel moman eslam, éti la tou, lanng-lan montré tout fos-li.
Lè 24 oktob, sé Janfranswa Liénafa ki té la pou sa. Twazékant, avan konférans-lan, Joby Bernabé ba nou an gran moman épi lapawol kréyol.",gcf,glotcc
111,"Sé nan lanné 1981 an éti an krey manmay ki té ka djoubaké alantou lang ek killti kréyol la, désidé chwézi an jounen pou pé sa gloriyé yo. Sé manmay-tala ki té sanblé adan dé asosiasion kontel Banzil Kréyol, té désidé ba lang kréyol la an lot balan. Poutoubon, yo té las wè wouchachè ek langannis sèvi épi lang-lan yenki kon an bagay yo ka étidié kivédi an sijé létid. Pou konpwann lidé yo, annou mété an tet nou on krey doktè pou moun mò, panché anlè jistiman an kadav ek ka koupé’y an ti mosò pou kouprann tou sa ki nan bouden’y ek pou ki rézon Bazil chayé’y alé.
Alos ki fè, sé wouchachè ek langannis-lan désidé ba nich foumi an an bel kout pié, ek désidé sèvi lang kréyol la pou fè wouchach, kivédi, sé épi lang kréyol la li menm, yo ké panché asou lang ek kilti kréyolopal la. Lidé-a té bel, lidé-a té nef. An lot soley té ka lévé ba lang-lan, an lot van té ka vanté.Van lespwa, menm si lè tan kité tan, nou wè sé té lespwa mal papay.
Men si nou ka wè sé anlè rézilta doubjak nou ka wè vayansté litè, poutoutbon chiraj-la pa ay lwen. I sòti owa kaz ek rivè bò kay vwazin-lan. Sé di ki manniè konbatan pa té vayan. An chay rézon ka esplitjé sa, men nou pé ké pozé anlè yo atjelman. Sé pa sa ki té potalan. Sa ki té ni potalans sé zafè yo éséyé, wi yo éséyé! Sa anchay di nou pa lé fè pou lang ek kilti kréyol la.
Eséyé tiré lang ek kilti kréyol anba kabann-lan éti listwè mété’y la, éséyé asepté sa menm listwè-tala fè di nou san bésé tet douvan pies dot kilti. Eséyé pèmet manmay lékol Matinik ni an chans konnet ki moun ki Pierre Belain d’Esnambuc, sav sa lanné 1635 ka riprézanté nan listwè Matinik. Yo éséyé fè Manmay péyi a pran plézi adan an swaré bèlè san di an fon kò yo , sé an bagay “vié neg”. Si sé sa, nou tout sé dé « vié neg ». Davrè nou tout sòti adan menm pies kann-lan. Menm séla éti kolon-an lévé jip ayel-yo, ek kifè jòdi a yo sé milat (mi an mo nou enmen isi a), sé bien an chan kann-lan i té yé lè sa fet. « Vié neg – la » pasé toupatou, davwè nou sav sa yo té ka sèvi lè yo té bel neg , bien vidjok, bien doubout. Yo té konsidé’y menm manniè ki an chouval vayan.
Sa vré lavi sé an fanm aveg ka fè sa i lé épi chak di nou, ek si détwa tjenbé chans-la (kon nou tout) éti sistenm fwansé a pòté ba yo, kontel lékol, jistis, lalwa, nou ké abo fwoté kò nou épi tout ti grenn sab lanmè, nou pé ké pé rifè listwè. Nou pé ké pé voyé afritjen alé ek gadé yenki fransé-a, anglé a oben panniol-la. Ek Si nou sa aksepté lidé–tala, pa ni rézon pou nou pa aksepté sa ki vini épi konstriksionnay listwè nou. Lang, kilti, mes ek labitid. Ek si an tet tout moun lang fransé a sé ta nou, fok nou sa pran lang kréyol la tou. Si ni an bagay éti neg endé pou fè ek dévlopé sé bien lang kréyol-tala. Adan fransé-a nou pa fè ahak. Yo pòté’y ba nou, nou pren’y, manjé’y, valé’y ek rikraché’y. Nou pa sa tiré oben mété ni an pwen ni an vigil. Sof lè an mo ki sòti adan liv an manmay isi a ka pran plas-li adan diksionnè fransé a. Men nou sav ki moun ka pwopozé mo ek sé popilasion-an ki ka fè’y viv oben mò.
Men lè man ka di aksepté lang-lan, sa potalan. Davwè manmay ké lévé mouch wouch, yo ké hélé kréyol sé ta yo. Yo ké di yo ka palé lang-lan. Lè yo pa ka kriyé’y patwa. Yo ké di sé bagay nou ki tan nou. Man ké tann moun di tou, lè yo kolè sé an kréyol yo ka palé, davwè pou yo kréyol sé lang émosion. Es sa lé di Fransé ek anglé pa ni émosion? Davwè sé bien nan lang-yo éti yo ka palé lè yo kòlè? Lè yo ka jouré ? Dapré mwen yo pa ka palé kréyol!
Man menm tann an manmay di pa ni lontan, fok pa nou aprann manmay kréyol lékol, davrè sé bagay nou ki tan nou, ki sòti nan fondok nannan nanm-nou. Ek fok nou gadé sa ba nou, fok pa lézot aprann li. Panniol pa ka sòti nan fondok nannan nanm Panniol-la?!!!!Ek Alman-an?!!!!
Sé menm manmay-la ka di kréyol sé bagay yo a, paré pou lévé gaoulé dèpi an krey manmay désidé fè dot bagay épi’y ki jouré, ki voyé vié blag, ki di an madanm an pawol sal an lari asou lajè fes-li. Ek man di “fes”. Yo ka jis di’y sa yo ka santi yo té ké fè èvè lajè karisti’y. Men nou konnet sé moun-tala, yo kon sa épi kelkiswa lang-lan éti yo ka sèvi-a. Poutoubon, dèpi manmay lé fè litérati, fè diez épi lan kréyol-la, dépi pwofésè lé aprann zélev péyi-a dé bagay asou listwè ek kilti Matinik, dépi an boug ka prétann di an madanm: sik a koko anmè bò’w, ou sé zétwel nwèsè lavi-mwen. Es ou lé nou batjé ansanm-ansanm asou zel lavi, ek met dousin an legzistans-nou. Si ou di mwen non, man ka mandé Bazil randévou, ladjè paré pou pété. Padavwè lang kréyol la an tet yo pa ni pou fè sa. Poutji? Ki manmany ki di sa? Ki désidé sa? An manmay an péyi lot bò ? Man pa ka kwè. Nou menm épi nouk nou ni nan tet nou? Man sèten.
Menm manniè, man ka tann anchay manmay ka di kréyol difisil pou li, pou matjé. Dot ka di ankò sé pa lapenn yo aprann davrè yo ja pa palé kréyol. Alos si sa vré pies Panniol pa pou alé asiz asou an ban lékol pou aprann lang-la, davrè yo tou sa palé panniol. Si yo pa sa matjé’y ek li’y, sé an bon bagay, sa lé di ki menm manniè ki tout lang, fok asiz ek aprann larel li. Si i ni an lang ki red pou matjé, sé bien fransé-a, pou matjé son “o” selman, ni pliziè manniè, annou wè: “o” coco, “au” saut, “eau” beau, “aux” maux, ek nou ké arété la davrè ni dot, an kréyol yo ka matjé “o” an sel manniè “o” kontel “koko”. Man té ké lé an moun di mwen an ki sa lang lan difisil oben kiles ki pi difisil ant kréyol-la oben fransé a. Lentansion-mwen sé pa met fwansé ek kréyol yonn kont lot, sa pa vré, lang kréyol twop jenn pou prétann fè fanm douvan fransé-a. Lang fransé a ni an listwè ki long kité long ka alé. Kréyol sé an jenn lang ki mérité ni chans li tou. Davrè i ka chayé dèyè’y tou sa nou yé, ek tou sa nou lé divini. I ka chayé listwè Matinik. I ka chayé l’Afrik, l’Ewop, l’Anmérik, l’End, i ka chayé kal bato, kolon ki débatjé pou éséyé labouré, Karayib ki rifizé antrè anba lestravay, neg yo chayé pou labouré ek travay kann, ki konstwui, swé, mò pou péyi-a ouvè zel-li. Kréyol-la ka chayé van libèté 1848, van 1946. Kelkanswa sa nou pé di asou direksion péyi-a pran, listwè ka fè ta’y san mandé pèsonn sa i ka vann.
Men sa ki sèten, fok nou pran titak tan pou ba kò-nou an chans. An chans ba lang kréyol la an lanmen, an dousin, an lov. Men, sa sé an désizion nou chak ni pou pwen épi pwop kò-nou silon sa lang-lan ek kilti-a ka riprézanté ba nou. Silon lidé nou ka fè asou sa nou yé ek sa nou lé. Petet manniè nou ké réponn, ké fè, nou pé ké bizwen ankò an jounen kréyol oliwon latè. Davrè tou lé jou ké an jounen lang ek kilti kréyol an lavi-nou.
Pou bout, fok nou sav si nou lé wouchachè pa bò l’Anmérik, l’Almany ek Japon kontinié étidié lang-nou kon an bagay siantifik pòtalan, lè nou menm ka konsidéré’y kon an patwa san twop lentéré. Man ja ka tann manmay ka di : davwè wouchachè an péyi dèwò ka étidié lang ek kilti kréyol pa lé di ayen, pas siantifik ka étidié tou bagay, kontel nich foumi, koulè zékal tòti, oben sivilizasion ki ja bésé rido-yo kidévi éti disparet ja pran.",gcf,glotcc
112,"Senkan apré i pati an péyi san chapo, Neg fondamantal-la, toujou an tjè moun <...>. Li éti ki fè anlo neg santi yo neg pou bon.
Mé si i fè an nouvo filzofi épi la Négritid, ni yonndé moun éti ki égri, san fè létid. An gran konsit fet Latriom, la té ni tout kalté moun:
– Sézérofil éti ka fè tout bagay pou liv Sézè kontinié fè fil kon an sèvolan an siel limanité.
– Sézérolat, sé pa milat selman éti ki rayi neg, sirtou lè’w di yo sé an nègres ki manman yo. Sézérolat rayi neg, pa menm palé di Sézè limenm. Y opa djè valé sa dous kon siro lè Sézè té di yo fok yo émé Lafrik.
Epi ni lé Sézéromàn, sé tala ni la Sézéromani, yo pé paf è dé fraz si yo pa sòti’w an fraz Sézè. Sézè di si, Sézè di sa.
Anfen pou palé di an dènié kalté, sé lé:
– Sézérofob, sé tala ka wouspété dépi janvié 2013. Lè ou wouvè lapot zorè’y ou, mi sa ou ka tann yo ka di :
– Poutji yo pa ka kité gran-nonm lan pozé tibren?
– Poutji yo ka palé yenki di Sézè, Sézè, Sézè sé li yonn ki fè pou Matinik?
Konsit lasimenn pasé a épi gran-grek ki sòti tout oliwon latè, ka montré nou ki pawol jéyan-tala poko fè moun kabéché. Pas Sézè Emé pa té anvi nou mété pies vié mas an fidji lidantité nou. I pa té lé non pli nou kouri vidé an kannaval lézot.
Mé sa sé an Sézérolad
[...]
Bel poveb kréyol 722
« Tout soulié ni pié’y ».
[...]",gcf,glotcc
113,"Sé sa anlo moun ka mandé, mé sa vré, lè an bagay nouvo, tout moun lè wè’y. E sé pa <nou> selman. Es nou pé blamé yo?
Man konnet yonndé moun ki garé gwo BM yo, kisasayésa gwo loto, ében yo garé sa pou sa pran an ti-dousin TCSP.
(Sa vré mwen menm poko batjé, mé asiré simenn-tala man abò).
Pou dépi jou éti yo ka palé di zafè BHNS-tala, yo jik fè lafet pou di, i pé ké janmen woulé épi moun abò.
Eben menmsi anlo moun wè’y ka sikilé a vid, yo fout ni dwa fè an ti-kou tou. Adjilbè ja pran an ti-swi. E dapré misié sé pa kon sé bis MOZAIK-la, sa jis klimatizé. Epi chalé sé jou-tala sa pa néglijab.
Lè moun an Frans, yo ka pran métro, tram, tren, poutji yo pé pa pran BHNS-la. Menmsi sèten fè lafet pou di komva sel BHNS yo konnet: sé kann béach Enès-la!
Sé moun lan ni rézon kité loto yo pou pran an dousin BHNS pou zafè anboutéyaj-la kom moli tibren.
Mé es sé taksiko-a ké moli?
Antouléka dapré sa man tann, yo pa lé katrèvanmil éro selman. Sirtou si yo té ponmet yo plis an tan Konsèy Jénéral.
Sel bagay nou ka swété, sé ki yo pa blotjé nouvo transpò-tala. Pas moun linò atlantik ek linò karayib ka espéré tou, an nouvo model transpò. Sirtou lè yo ka anvizajé vréyé moun Kaz-Pilot jis Préchè alé péyé lenpo yo jik pa koté Trinité. Si pa ni transpò ba tout moun, ki manniè yo ké fè?
Pou tousa tan yo fè nou atann, annou pran an ti-dousin!
[...]
Bel poveb kréyol 722
«Tout soulié ni pié’y».
[...]",gcf,glotcc
114,"« Manman, lagrev baré mwen, misié Michel pa lé bay dé fran ». An 1900, Sé ouvriyé-a ka pran bon fè. Sé patwon-an ka pijé yo opiwo. Sé travayè-a ka mandé yo péyé yo 2 fran pou an tach. Sé pi gwo réklamasion-an. Yo ka mandé tou pou yo fini épi sistenm « ptjan-an », ta « kayidon-an », épi ta dimijounen an.
Grev-la ka démaré lendi 5 févriyé 1900 Sentmari/Trinité. Sé travayè-a ka déplasé, sòti dan an bitasion, alé dan an lot, sòti dan an réjion, alé dan an lot, pou yo fè travayè ki pòkò an grev sispann travay épi rantré an lagrev-la. Apré Loren, Marigo épi Trinité, lagrev-la ka rivé Wobè épi Lanmanten, mèkrédi 7 Févriyé. Anlè 21 lizin, 8 an lagrev-la.
Mèkrédi 7 Févriyé, direktè lizin Franswa ka mandé yo vréyé larmé épi lajandamri pou « potéjé » lizin-lan. Liétnan Kkan ka débatjé Franswa épi an krey jandam. Popiétè lizin-lan ka lojé yo nan lizin-lan menm.
Jedi 8 févriyé, apochan 400 grévis ki sòti Wobè ka rivé an katkwazé Wobè-Franswa. Sé jandam-lan ka tiré : dis travayè touvé lanmò-yo, 12 blésé grav.
Apré yo tiré anlè sé travayè-a, mouvman-an pa ka fébli, okontrè i ka pran fos ek i ka genyen réjion lisant épi lisid. Désèten koté, ni yonndé ensandi. Sé pou sa chanson-an ka di : « Yo brilé kann bétjé, yo ensandié bitasion-yo ». Sé bétjé-a obijé négosié.
Key ni dé négosiyasion : yonn ka fet Sentmari, lé 13 févriyé, éti sé travayè-a ka konté asou dé politisien (Parti républicain deprogiste) pou défann lentéré-yo ; an lot ka fet Tibouk Lavièsalé, lé 15 févriyé, éti sé travayè-a ka nonmen moun anpami yo menm pou défann yo.
A lofisiel, grev-la ka bout lé 15 févriyé 1900. Men pou travay-la viré pran tout koté vréman, sa ka trennen jik an koumansman mwa mars-la, soutou dan Linò éti anlo travayè pa dakò épi akò-a ki fet Sentmari.
Rézilta-a pa fò : yo ka tiré pitjan-an, kayidon-an épi dimi-jounen an, men pou lapey, dé koté sé 1,25 fran, dot 1,50 fran. Épi lajistis ka kontinié adan larel sé jandam-lan, menm apré travay-la viré pran : yo ka rété 105 moun an févriyé-mars 1900.
Twazékant, lagrev-tala ka siyalé lantré klas sé ouvriyé-a nan listwa Matinik. I ka démaré anlot tan adan gran konba-a ka alé a kont pijman ek pou lonnè-respé.
[...]",gcf,glotcc
115,"Magré mwa mas-la dit dépi lontan, ni anlo moun ka alé wè Athon ovantatè pou mandé’y mas. Misié ka fè yol, i pa ka fè mas.
Atjelman tout ka fè débriya épi machin-yo pou koud. Sé pa lenj yo ka fè mé mas alé-viré. Mé es sé mas-tala bon?
Asiparé komkidiré fok sa fet o nom « AFNOR ». Es sé pa anlot manniè kontrolé moun?
Maskarad
Madanm Adjilbè té ja fè an tjò mas, i té konté vann yonndé pou trapé an ti-lanmonné-kod. Mé Istanislas di konsa tout moun ankazé pé pa vann mas. Es tousa pa an maskarad ?
Léta pa lé ped linò, yo trouvé anlot manniè fè lajan. Épi milion yo ponmet moun, yo bizwen lajan antré.
Épi sé jou dézankazaj-la, an sel mo ou ka tann:
« Mété mas-ou! »
Délè man ka mandé kò-mwen es sé mas-la pa ka ri tout lo makakri-tala?
Anlo moun ka alé vizité fanmiy-yo ka viv an masak, pas yo pé pa menm wè yo lopital. Ki malad, ki fanmiy ka pran doub fè.
Mas koko
Ni an konpè Adjilbè ki ni an montray asou Mas koko, misié pofité viré-mété sa déwò. Mé yo di’y i pa ka respekté distans sosial. Kivédi i ka fè moun sanblé kon adan an bal toufé yenyen. Tandik ki fok moun omwen a dé met.
Masabiel
Ni an group moun éti désidé fè an won Masabiel pour trapé an gras, pou viryis-tala pa kontinié rapé moun an fanmiy-yo ek mennen ba Bazil.
Antouléka, Adjilbè di mwen i ka espéré le 11 mé kon tè sek an tan Karenm. I paré telman, i ni wonz mas. Apré i éséyé yonn adan yo, madanm-li di’y konsa:
— Tiré mas-la an fidji’w, man pa ka rikonnet ou!
Sé ki san mas, misié té ni an fidji monstré. Ban mwen mété ta mwen pou man pa trapé pies kontravansion.
[...]
Bel poveb kréyol 560
« Fonmi chayé ravet» mé viryis-la fè tout moun doubout dwet. »
[...]
Bel poveb kréyol 722
«Tout soulié ni pié’y». 
[...]",gcf,glotcc
116,"[...]
Ou sé on maléréz ki goumé pou lévé 9 pitit aw. Ou chayé sann an panyé, raket an sak min ou pa jen koubé léchin douvan mizè a la vi, pas ou chwazi kan aw. Van vanté, Kokoyé vèt tombé min ou rété jouké adan la lit pou rann vi an nou méyè, pou zanfan Gwadloup touvé travay an péyi a yo, pou yo pé okipé dè avèni a yo é de vi a fanmi a yo.
Simone, ou sé on ti hach ki ka koupé gwo bwa. Non sèlman travay pa jan fèw pè, men ou touvé mwayen dè té ni tan é fos pouw té milité o sérié adan dé owganizasyon ki maké vi a la Gwadloup. Jodijou ou sé on vétéran an aktivité a l’Union des Femmes Guadelou-péennes é o Parti Communiste Guadeloupéen. Ou lité a koté a fanm Gwadloup pou nou té raché méyè kondisyon dè travay é sa yo ka kriyé « droits sociaux » kon Sécurité sociale, congés de maternité, allocations familiales, retraite des vieux travailleurs, dwa a fenm dè pé travay é jéré lajan a yo... Ou pa manké ponw konba pou té wouvè zyé a manman zanfan. Pa examp komba nou menné pou nou té raché lisé a Sentann et avan sa, prèmyé kolèj a Sentann. Men sa ké two long pou nou sité yo tout.
Poutan la vi paté jenti avew. Ou pran kalot rèd, min ou toujou rèbondi. Mi sé sa ki on fanm doubout, on fanm poto-mitan, ki kimbé kaz la doubout, ki an bo tan, ki an mové tan.
Jodi jou nou sav ou ti bwen fatigé. Sa nowmal pas ou ja byen roulé. Men nou kontan dè vouèw ankô byen doubout, é nou soulajé dè diw jodila kè nou inméw tou plen, tou plen.
Vi an nou té rèd men i té bèl osi, pas nou ka kwè adan on avèni méyè kè nou préparé avè les zot zanmi é kanmarad.
Mèsi Simone pou lé ti moman dè ri o zécla nou téka ni, menm lè nou té ja las travay, pas ou té ni dé ti pawol pikan ou té ka di é nou téka oubliyé tout penn.
Simone, la militante, la battante, ou sé on examp pou fanm Gwadloup. Timoun aw pé èt fyer dè manman yo, é ayen pa té ké pli bèl kè yo pwan flanbo la an men aw.
O swè la Jacqueline, Florent, Régina é mwen menm nou vin diw o non a tou lé zanmi é kanmarad aw : « Heureux anniversaire et longue vie parmi nous ! ».",gcf,glotcc
117,"[...]
PENGAD (Tansyon) ! On dosyé konplé ka fè on bon ventenn paj. Pa pè ! Pa bigidi nonplis ! Sé padavwa sé 3 kréyòl-la adan menm dosyé-la (Rényonné-la apa).
Dabòpouyonn, prèmyé prèmyé travay a-zòt sé chwazi kilès sijé kréyòl zòt pou pasé : Gwadloupéyen-la ? Matiniken-la ? Guiyané-la ? Rényonné-la ?
Poudé, chwazi sé kèsyon-la ki ka korèsponn èvè séri bak a-zòt la. Pou tout sé séri-la, annisòf pou L, éprèv-la ka diré dézè d’tan. Pou sé L-la i ka diré twazè d’tan.
Poutwa, avan zòt kouri réponn sé kèsyon-la é èsprimé zòt an kréyòl, tanprisouplé, pran titak tan li sé tèks-la avan. An jénéral, sé L-la ka ni 3 tèks é sé lézòt séri-la ka ni 2 sèlman.
Alèla, zòt près paré pou réponn sé kèsyon-la é èsprimé zòt an kréyòl. Ka manké dé travay fondal pou fè pannan tout lanné-la, sé antrenné zòt li é maké kréyòl-la toulongalé. Pa konpwanndi si zòt pa fè sé 2 antrennman-lasa avan jou a éprèv-la, zòt ké alèz douvan sé tèks-la, piplis siwvwè sé tèks litérè, kivédi adan on kréyòl zòt pa ni labitid sèvi épi-y.
Konnyéla, zòt paré pou réponn. Mé ki modèl kèsyon zòt ké jwenn anba zyé a-zòt ? Kijan pou réponn ? Konmen tan pou pasé asi yo ? An ki lang pou réponn ?
Chak sijé bak dékatiyé an 2 mòso:
mòso 1: Konprann tèks-la. I ka pézé 10 pwen.
mòso 2 : èsprimé-w an kréyòl (bay grennsèl a-w). I ka pézé 10 pwen osi.
Adan mòso 1 la, korèktè-la vlé sav si zòt ka konprann tèks-la (antoutjan, sé tit a-y !!). Kidonk, zòt ka réponn dapré tèks-la. On pawòl fondal, kivédi pòtalan oben enpòwtan (zòt vwè sa ! A pa kréyòl lari pou sèvi èvè-y, on) pou sonjé : rèspèkté konsign-la. Siyanka yo ka mandé zòt, anplis, sité tèks-la, sèvi èvè pawòl a makè-la, antoutjan, zòt ni pou (oblijé) fè-y, kivédi bay pasaj-la ka korèsponn la èvè lign a-y ( « ...... », lign ...). Konmen tan ? Sa sé afòs antrenné, zòt ké sav kijan pou jéré tan a-zòt. Sonjé gadé on titak tan okoumansman pou li sé tèks-la byen toubònman, on titak tan anbout pou wouli travay a-zòt é korijé fòt òtograf zòt fè. Pétèt éséyé lanmwatyé tan pou chak mòso !!! Ki lang pou palé ? kréyòl, yenki kréyòl. Fransé pa adan !!
MOSO 1: Konprann tèks-la. I ka pézé 10 pwen
I séparé an plizyè kalité kèsyon :
Ki dokiman ? : idantifyé tèks-la (pasaj a on woman, istwèkout, artik, kont, fab...), ki larèl, ki sijé i ka bòdé...... ?
Ki védiyans (sans) a sé mo-la, sé pawòl-la ?: dékatiyé, èspliké ka yo vlédi, toujou dapré tèks-la.
Ki analiz ? : kèsyon ki ka pèrmèt fouyé tèks-la, konprann istwa-la (kimoun, ola, kitan, kijan, pouki, ki liyannaj, ki diférans, ki wòl...).
Ki nosyon ? Ki nosyon yo ka bòdé ? Dékatiyé pouki yo ka bòdé nosyon-lasa oben sé nosyon-lasa...... é dòt kèsyon ankò... !
MÒSO 2: Esprimé-w an kréyòl. I ka pézé 10 pwen osi
Bay grennsèl a-zòt anlè on lidé ki liyanné èvè tèks-la. Pé ni plizyè konpozisyon pou fè. Chak konpozisyon ni on kantité lign pou rèspèkté (toujou konsign-la !!) dapré séri-la zòt ka pasé la.
Ògannizé grennsèl a-zòt. On ti pawòl-douvan, on dékatman é on pawòl poubout, séparé an paragraf ka montré on bon siktirasyon, kontriksyònman a lidé. (Men tansyon !! Pa maké tit « pawòl douvan », « dékatman » ni « pawòl poubout ». Sa pa adan !!).
Bokanté lidé, séparé lidé, opozé lidé, sanblé lidé, mé pa bliyé sèvi èvè mo zouti (pou liyanné lidé, paragraf...) zòt aprann an klas a-zòt oben adan lèkti a-zòt.
Bwa pou nou alé !!
[...]
PANGAD (Tansion) ! An dosié konplé ka fè an bon ventenn paj. Pa pè ! Pa bigidi nonpli ! Sé davwè sé 3 kréyol-la adan menm dosié-a (Rénionné-a apa).
Dabòpouyonn, primié primié travay -zot sé chwézi kiles sijé kréyol zot pou pasé : Gwadloupéyen-an ? Matinitjé-a ? Guiyané-a ? Rénionné-a ?
Poudé, chwézi sé kèsion-an ki ka koresponn épi séri bak zot la. Pou tout sé séri-a, annisof pou L, éprev-la ka diré dézè di tan. Pou sé L-la i ka diré twazè di tan.
Poutwa, avan zot kouri réponn sé kèsion-an ek esprimé kòzot an kréyol, tanprisouplé, pran titak tan li sé teks-la avan. An jénéral, sé L-la ka ni 3 teks é sé lézot séri-a ka ni anni 2 selman.
Atjelman, zot pres paré pou réponn sé kèsion-an ek èsprimé kòzot an kréyol. Ka mantjé dé travay fondal pou fè pannan tout lanné-a, sé antrennen kòzot li ek matjé kréyol-la toulong. Pa konpwanndi si zot pa fè sé 2 antrennman-tala avan jou éprev-la, zot ké alez kòzot douvan sé teks-la, piplis sianka sé teks litérè, kilédi adan an kréyol zot pa ni labitid sèvi épi’y.
Aprézan, zot paré pou réponn. Men ki modèl kèsion zot ké jwenn anba zié zot ? Koumanniè pou réponn ? Konmen tan pou pasé asou yo ? Nan ki lang pou réponn ?
Chak sijé bak dékatiyé nan 2 mòso:
mòso 1: Konprann teks-la. I ka pézé 10 pwen
mòso 2 : esprimé kow an kréyol (bay lidé ‘w). I ka pézé 10 pwen, tou.
Adan mòso 1 lan, korektè-a lé sav si zot ka konprann teks-la (antoutmanniè, sé tit li !!). Kidonk, zot ka réponn dapré teks-la. An pawol fondal, kilédi pòtalan oben enpowtan (zot wè sa ! Sé pa kréyol lari pou sèvi épi’y, on) pou sonjé : respekté konsign-la. Sianka yo ka mandé zot, anplis, sité teks-la, sèvi épi pawol matjè-a, antoutmanniè, fok zot fè’y, kilédi bay pasaj-la ka koresponn la épi lign lin a ( « ...... », lin ...). Konmen tan ? Sa sé afos antrennen kòzot, zot ké sav koumanniè pou jéré tan zot. Sonjé gadé an titak tan okoumansman pou li sé teks-la bien toubannman, an titak tan anbout pou viréli travay zot é korijé fot òtograf zot fè. Pétet éséyé lanmwatié tan pou chak mòso !!! Ki lang pou palé ? kréyol, anni kréyol. Fransé pa adan !!
MOSO 1: Konprann teks-la. I ka pézé 10 pwen
I séparé an pliziè model kèsion :
Ki dotjiman ? : idantifié teks-la (pasaj an woman, istwèkout, artik, kont, fab…), ki larel, ki sijé i ka bòdé...... ?
Ki lédiyans (sans) sé mo-la, sé pawol-la ? : dékatiyé, esplitjé sa yo lédi, toujou dapré teks-la.
Ki analiz ? : kèsion ki ka permet fouyé teks-la, konprann istwè-a (kimoun, koté, kitan, kimanniè, poutji, ki liyannaj, ki diférans, ki wol...).
Ki nosion ? Ki nosion yo ka bòdé ? Dékatiyé poutji yo ka bòdé nosion-tala oben sé nosion-tala...... é dòt kèsion ankò... !
MÒSO 2: Esprimé kow an kréyol. I ka pézé 10 pwen, tou.
Bay lidé zot asou an pawol ki liyanné épi teks-la. Pé ni pliziè konpozision pou fè. Chak konpozision ni an kantité lign pou respekté (toujou konsign-la !!) dapré séri-a zot ka pasé a.
Ògannizé lidé zot. An ti pawol-douvan, an dékatman ek an pawol poubout, séparé an paragraf ka montré an bienbon siktirasion, kontriksiònman lidé. (Men tansion !! Pa matjé tit « pawol douvan », « dékatman » ni « pawol poubout ». Sa pa adan !!).
Bokanté lidé, séparé lidé, opozé lidé, sanblé lidé, men pa bliyé sèvi épi mo zouti (pou liyanné lidé, paragraf...) zot aprann an klas zot oben nan lèkti zot.",gcf,glotcc
118,"[...]
« An ka ansényé fransé dèpi on dizenn lanné. An koumansé travay an Giyan. Aba-la an té ka fè léson ba timoun adan lang natirèl ayo, adan kréyòl. Lè an vin Gwadloup an toujou travay èvè timoun ki pa ka rivé suiv adan lékòl. E kréyòl toujou sèvi mwen onlo.
[...] nou ka fè téyat an kréyòl, kont an kréyòl, é ou ka santi sé timoun la ka viv adan lang ayo. Yo kontan. Tala la rakonté jan papa'y ka tchouyé kochon, on dòt kijan gran manman-y mò é jan yo fè véyé'ay... Nou ka travay on lo asi kilti an nou, mès é labitid an nou, valè an nou...
Gwadloupéyen pa té ni chans. Sa ki édé mwen sé pratik pédagojik an tini dèpi nanni nannan. Sa sèvi mwen onlo prinsipalman pou pasé loral la. E pou lékri, lè an rousouvwè nòt an mwen, an vwè an té pran on bèl davans. An ka pansé sé sa ki pénalizé kandida ki téni yenki on lisans an lang é kilti kréyòl, yo pa téni èspéryans a CAPES, yo pa téni pratik pédagojik nonplis, é yo pa ni tan té trapé pon fowmasyon pou préparé konkouw la. Erèzdibonnè an té ja travay kréyòl adan lékòl èvè timoun. An ka priédyé pou lanné prochenn yo mété on préparasyon an plas. »",gcf,glotcc
119,"Apré on Bac Litérè an Gwadloup, an pasé dé lanné lé Zété-Zini, é trapé on Associate of Arts in English & Psychology.
2001-2002 - An té Asistan Pwofésè an Anglé a Los Angeles Mission College, é an té ka édé étidyan an travay a-yo, espésyalman étidyan ka palé pangnôl.
2004 - Entèrprèt a Hong Kong é Séoul pou sosyété a Jé Vidéo.
2007 - Master an Anglé a Paris - Sorbonne. Sant Etid Médyéval Anglé.
Ki moun an yé ?
An fèt é an lévé an Gwadloup; é « lang-manman »-mwen sé Fwansé é Kréyol Gwadloup. An toujou té enmé lang anlo, é an désidé an té ké étidyé litérati é lenguistik. Apardè Anglé é Pangnôl, an ka travay pou pwofondé konésans an mwen an Powtigé é Alman.",gcf,glotcc
120,"Misié té ka fè wol mò, pas anlo moun té lé téré’y avan i pati. Misié té ka fè koy lis lis yo jik kriyé’y Félis.
Antouléka i rivé genyen twa asou set étap la. Sa ki konnet lanmè té ja santi sa pas i anpami sé dé yol la ki pa koulé an prolog Robè a. Magré Aton fè tousa i té pé, magré tousa yodi konmkwa i té ké ni an vié yol, magré yo chanjé dat larivé a, pou mété’y mardi ousédi sa pa fè misié ayen. Bien okontrè.
Ni dé malpalan, (toujou ni) éti pa matjé pou di:
– Vié lodè wawet Robè, té ké an finaldikont an zenzen!
Lè’w bien gadé, sa pa opozé Félis genyen tour la pas sa té ka rivé an komin li.
Félis razé favori’y pou i té sa bien di i pa favori, ek pou pèsonn pa kwè i té favori pou toutbon. Sé bien sa éti yo kriyé fè wol mò pou wè ki manniè yo ka téré’y.
Dimanch asou an lanmè kalmisiré, yo rété pasé sétè anlè lanmè. Lanméri Ofranswa té jik oblijé limen limiè pou sé dènié pou sé dènié yol la. Asiré si i pa koulé i ké rivé douvan akay li Robè.
Andidan tour-tala, ni an bagay ki tris kanmenm. Piè jis ni mar apré pasé karannsizan ka pran lonbraj. I té bien anvi wè an kout yol tou. Lè yo pale misié di déviré an Frans pou fè an zafè lekzamen pou té ladjé an manniè définitiv. Sa fè’y ped tet-li.
Pou premié fwa an tour yol ka rivé le mardi, Félis désidé rivé douvan pas i té lé montré moun i poko té mò.
[...]",gcf,glotcc
121,"Luil ésansiyèl a vétivè (Vetiveria zizanioides, syn. Chrysopogon zizanioides) sé on luil kè nou ka rousouvwè onlo, plis kè sé lézòt la. An plis dè sa sé pi rèd la kè nou ni pou analizé. Déja pou yonn, ou ka touvé onlo sèskitèrpénoyid adan-y, é adan yo ni on pakèt kè nou pa konnèt. Pi mové ankò, aparèy la kè nou ka sèvi épiy, on GC, pa ka fè onlo diférans pou sèten adan yo. Kanmenm sa, nou kapab diw ki luil ou ni an men aw. Pas, dinenstan yo soti menm koté la (menm péyi la, menm réjion la) konpozisyon chimik a yo ka sanm onlo (Tablo 1). Ki vé di kè ou ka touvé près lé menm kantité a sé menm konpozé la.
Pa ni lontan dè sa, yo voyé on échantiyon (on ti tak luil) ban nou ki pa té ka sanm pon dòt. Nou pa té jen vwè konpozisyon la sa. Pou dé ka kon tala, pli souvan ki janmé sé pas on biten polué luil la, dòt lè sé pas on moun mété on dòt luil adan-y. Mè pas nou pa té ka touvé ki luil ou ki poluan sa té pé yé, sa té on ti mannyè rèd pou pé di plis biten asi sé rézilta la. Nou èspliké kliyan la kè dwèt té ni on pwoblèm, pas luil ay pa té ka sanm pon dòt kè nou té konnèt. É, nou diy sa nou té ka pansé asi sa. Kliyan la di nou kè asiré pa pétèt, mè pa té ni pon dôt luil adan-y, davwa sé moun la ki té fèy (on koopérativ a prodiktè an Papwazi di Wès) té ka travay yen ki èvè vétivè. Alôs i kriyé koopérativ la, é yo voyé rizonm (pyé a pyé vétivè la) la ban nou. Nou distilé luil la menm jan la ki yo. Nou fè tout biten kon yo. Apré sa nou analizé luil la é i té ni menm konpozisyon la ki échantiyon a yo. Kou la sa, nou té sèten kè té ni yen ki vétivè, sa té vlé di kè luil la yo té voyé ban nou té plis ki pwôp.
Tablo 1 : Moyèn a konsantrasyon (kantité %) a tout sé konpozé la ki pli enpòwtan adan on luil a vétivè. Nou mèt sé valè la kè nou miziré (ti bwen plis ki 100 analiz) anlè 3 variyété ki té ka soti dè Ayiti, dè Endonézi, dè End é ta Papwazi la.
Adan tablo l, nou mété yen ki sé konpozé la ki pli enpòwtan pas fo ou gadé an lespri aw kè luil la sa trè konplèks. Sé valè la ki adan tablo la, ka sanm sa i pé ni adan liv a lasians. An plis dè sa, nou touvé dé valè, adan travay a P. Champagnat et al. pou dé variyété ki ka vin dè brézil, dè Salvadò, dè Mèksik, dè Chin, dè Réinyon é dè Madagaska. Kon nou menm, yo paa touvé on lo 10 épi-gama-eudésmol adan sé zot luil la, alòs kè ni on pil adan ta Papwazi la. Ni 3 Konpozé kè nou touvé yen ki adan vétivè a Papwazi la valérianol èvè alpha-agarofuranne é 4-épi-cis-dihydroagarofuranne. Dòt ékip té ja touvé sé konpozé la sa adan dòt variyété, mè sa ra, é sé konsantrasyon la té fèb toubônman.
Tou sa pou di kè luil la pèp Méya ka fè an Papwazi di Wès pa ka sanm sé lé zôt la menm. Jis lòdè la pa menm la, i ka santi bon toubônman. É kon nou ka viv adan on sosyété ki toujou ka chèché dòt kalté luil, dé nouvoté, si yo pé sa vann li, sa té ké ba pèp Méya on bèl pal.
Istwa la sa fè nou sonjé, kè ni onlo biten kè nou ni pou dékouvè anlè sé plant aromatik la. Dé lè, nou pé kwè kè luil la pa bon, ou kè on moun mèt on biten adan-y, mè sé pas nou pa konnèt yo tout. Toujou ni on chans pou kè sé on « kémotip* » kè nou pa konnèt ou byen pou kè plant la ka soti dè on koté ki ispésial. An plis dè sa, istwa la sa, sé on bèl ègzanp ki ka montré nou ki jan sé prodiktè la, sé vandè la, sé laboratwa la pé travay ansanm pou touvé on mannyè pou soti adan dé sitiasyon kon ta la. Lè on laboratwa ka touvé on biten ki pa kay, i ni pou di kliyan ay ka i touvé. Sé on biten ki pé rèd a tann, mè dé lè, tou sèl ay, kliyan la pé pa sav ou asiré ka i ni adan luil ay. Pi bèl mannyè la pou i sèten dè sa i ni an men ay, sé dè travay èvè on laboratwa. Yo ké pé vérifié yo menm a yo tout biten. Yo ké pé ba kliyan la on atèstasyon pou kè, dinenstan sa vré, i pé ay kriyé tou wo kè i ka vann on nouvo pwodui.
*kémotip : (en. chemotype ) adan menm èspès la, dé lè ni dé plant ki pa ni menn konpozisyon chimik la. Kanmenm sa ou gadé yo èvè on mikroskop, ou ka vwè menm biten la. Ou ni pou testé konpozisyon ay, pou sav kè yo diféran. 
[...]
Tansyon : Nou pa mandé pon moun lajan pou fè sé tès la kè nou té bizwen pou prézanté travay la sa. Nou fè yo pas nou té vlé sav é pas sa toujou intérésan lè konésans adan domèn an nou ka vansé.",gcf,glotcc
122,"Pou moun ki ka di kréyòl pé pa maké, sa pa vré, kréyòl sé on lang ki té yenki palé mè yo komansé maké’y dèpi lanné 1757 èvè on tèks tit a’y sé Lisette quitté la plaine makèdpawòl-la sé DUVIVIER DE LA MAHAUTIÈRE. Aprésa an lanné 1885, Alfred PARÉPOU on gwiyanè maké Atipa, ki sé prèmyé liv an kréyòl.
Ki jan nou ka maké kréyòl jòdijou ?
Jòdijou kréyòl ni larèl (règles) a’y, GEREC-F (Groupe d’Études et de recherches en espace Créolophone et Francophone) vwè jou an lanné 1976, sé wouchach a moun ki pèwmèt tousa fèt. Moun kon BERNABÉ maké liv otila i ka woupran tout larèl a lang kréyòl (pou ay pli lwen gadévwè Précis de syntaxe créole, Jean BERNABÉ).
Nou tini twa mannyè maké’y, GEREC 1 (standard) otila sé piplis gwadloupéyen ka sèvi èvè’y, GEREC 2 é sé matinikè ka woulé èvè’y é pou bout GEREC 3.
Sé twa mannyè maké-la :
GEREC 1 GEREC 2 GEREC 3
Mès Mes Mess
Pat Pat Patt
Pyé Pié pié
Kon tablo-la ka montré nou, GEREC 2 ka woté sé aksan-la asi « e » é « o » lèwvwè son-la pé pa chanjé. Kidonk sé on mannyè pou rann lèkti pli fasil.
Èvè GEREC 3-la « s » é « t » ka doublé apré on vwayèl (a, e, i, o, u) men lèwvwè i nazal i pa ka doublé (an, en, on).
Ès zò konprann ?
Aprézan nou kay gadé ki fòt ki ka wouvin piplis adan sé maké la. Souvantfwa moun ka gadé an lèspri a-yo mannyè fransé-la ka maké pou yo maké kréyòl men a pa konsa sa ka fèt.
Kréyòl pa tini pon lèt initil kidonk lè ou ka li’y ou ka sèvi èvè tout sé lèt-la.
Kifè pou maké « moi » an kréyòl sé « mwen » é pa « mwin » pas son « in » sé pou maké mo kontèl « lalin, farin ».
An fransé nou ka maké « fait » men an kréyòl sé « fè » pas kon an ja di zòt nou ka li tout sé lèt-la. Kidonk nou kay maké on fraz kontèl : « Tu me fais rire. » an kréyòl sa ka ban nou « Ou ka fè mwen ri. » Nou ka vwè an kréyòl pa ni pon lèt initil.
A ki moman nou ka doublé lèt-la ?
Pou nou maké mo kon « kann, bannann » nou ka maké son ã (an) èvè nou ka rajouté « n » pou fè son « n ».
Nou rivé an bout a jaden a Jak, mèsi pou lèkti a-zòt sa ka fè mwen plézi, an ka èspéré ou touvé sa té a gou a kè a’w. An ka di’w adan on dòt solèy !
Pa pè pozé mwen kèsyon si ni dé biten ki pa klè oben si ou vlé sav tibwen plis asi sa.
Bèl bo.
[...]
Mèsi an chay pou maké tala Chatengn !
Mwen ni ankò anlo travay pou aprann palé lang mwen é mwen ka trouvé sa bel di wè mannyè ou enmeny, mannyè ou sa paléy bel !",gcf,glotcc
123,"Jupiter sa roun planèt jéyant gazéz. A pli gròs planèt di Sistenm solèr, pli voliminéz ké masiv ki tout ròt planèt-ya réyini, ké senkyenm planèt-a pa so distans o Solèy (aprè Mercure, Vénus, Latè-a ké Mars).
Jupiter sa ensi ofisyèlman dézigné, daprè bondjé romen-an Jupiter, asimilé o bondjé grèk Zeus.
Senbòl astronomik-a di planèt-a té « ♃ », ki sa roun rouprézantasyon èstilizé di lafoud di Jupiter, oben ki dérivé di roun yéroglif oben, kou sala ka rousoti di sèrten papyrus d'Oxyrhynque, di lèt grèk-a zêta, inisyal di grèk ansyen Ζεύς (Zeús).",gcr,glotcc
124,"Hiver : kanpangn di Boleslas III Bouche-Torse, rwa di Pològn, kont Swientopelk di Poméranie, révòlté ; i ka briga li asou Noteć, prè di Naklo.
2 févriyé : larchévèk-a di Vyenn Gui di Bourgogn sa éli pap à Cluny pa sis kardinal-ya ki té akonpagné Gélase II annan so ègzil. Sa chwa sa ratifyé atè Ronm.
9 févriyé : I sa kouronnen annan katédral-a di Vyenn anba non-an di Calixte II (finisman di pontifika an 1124).
Annan roun lèt ki voyé o pap Calixte II à lokazyon-an di so avenman, Louis VI, san dout asou konsèy-a di Suger, ka proklamé so kò rwa dé Fran.
25 févriyé : an Lèspagn, priz di Tudèle o Arab pa Aragonè, pa rwa-a Alphonse Ie d'Aragon, ki swivi di sa di Tarazona, Ágreda, Soria, Borja ké ròt vil.
Prentan : èspédisyon di Jean II Comnène kont Seldjoukid-ya. I ka roupran Laodicé o pronmyé aso, épi ka rantré atè Konstantinòp, pitèt pou réyaji à roun ségon tantativ di priz di pouvwè pa so sò Anne Comnène o profi di so mari Nicéphore Bryenne. Konplo-a ka échwé é Anne sa anfèrmé annan roun kouvan. Jean II Comnène roupati an kanpangn é ka pran Sozopolis an 1120. Koumansman di roukonkèt-a dé kot di Cilicie pa Jean II Comnène o dépan dé Seldjoukid (finisman an 1137).
[...]
Tègs-ya sa disponnib anba lisans Creative Commons Attribution-pataj annan menm kondisyon-yan ; ròt kondisyon pouvé apliké yékò. Wè kondisyon-yan di litilizasyon pou plis détay.",gcr,glotcc
125,"Friedrich Wilhelm Nietzsche (prounonsé [ˈfʁiːdʁɪç ˈvɪlhɛlm ˈniːt͡sʃə], souvan fransizé an [nit͡ʃ ]) sa roun filològ, filozòf, powèt, pyanis é konpozitò alman né 15 òktòb 1844 atè Röcken, an Prusse, é mouri 25 out 1900 atè Weimar, an Almagn.
Òv-a di Nietzsche sa ésansyèlman oun jénéyaloji kritik di kiltir ògsidantal modèrn-an é di ansanm di so valò moral-ya (isou di entèrprétasyon krétchen di monn), politik (démokrasi-a, égalitarism-a), filozofi (platonism-a, mè soutou sokratism-a, ké tout fòrm-yan di djwalism métafizik) é rélijyéz (kristchanism-a ké bouddhism-a).
[...]
Tègs-ya sa disponnib anba lisans Creative Commons Attribution-pataj annan menm kondisyon-yan ; ròt kondisyon pouvé apliké yékò. Wè kondisyon-yan di litilizasyon pou plis détay.",gcr,glotcc
126,"Rock-a sa roun janr mizikal ki aparèt andan lannen-yan 1950 o Étazini é ki ka dévlopé so kò an diféran anba-janr à partir dé lannen 1960, notaman o Étazini é o Rwayom-Ini. Li ka pran so rakaba annan rock 'n' roll-a dé lannen 1940 é 1950, li-menm grannman enfliyansé pa rhythm and blues ké country-a. Rock-a égalman enkòrporé dé éléman ki ka provini ròt janr don folk, blues, jazz ké lanmizik klasik. Tèrm-a « rock » sa jòdla itilizé kou roun tèrm jénérik ki ka enkli dé fòrm artistik kou pop music-a, lanmizik soul, é pafwè menm hip-hop-a, okèl li sa souvan opozé.
[...]
Tègs-ya sa disponnib anba lisans Creative Commons Attribution-pataj annan menm kondisyon-yan ; ròt kondisyon pouvé apliké yékò. Wè kondisyon-yan di litilizasyon pou plis détay.",gcr,glotcc
127,"Adi Shankara (sanskri : Ādi Śaṅkara, devanagari : आदि शङ्कर ; pafwè aplé Ādi Śaṅkarācārya ; de Śaṅkara oben Śaṃkara, « sala ki ka apòrté félisité-a », oun dé épitèt di Shiva), sa, o viiie syèk, oun dé pli sélèb mèt spiritchwèl di hindouism-a, filozòf di lékòl òrtodòks-a Advaita Vedānta, é komantatò dé Upanishad védik, di Brahma Sūtra é Bhagavad-Gita. Li té gen pou mèt Govindanātha é té ka mennen oun lavi rénonsan itinéran (saṃnyāsin) ki ka alé di roun monastè oben di roun tanp à rounòt, di roun kominoté à rounòt.
[...]
Tègs-ya sa disponnib anba lisans Creative Commons Attribution-pataj annan menm kondisyon-yan ; ròt kondisyon pouvé apliké yékò. Wè kondisyon-yan di litilizasyon pou plis détay.",gcr,glotcc
128,"Jen : èspédisyon di Saladin à lès-a di Jourdain. I ka mété syèj-a divan Kérak é Montréal. Nur ad-Din ka maché bò'd sid-a pou roujwenn li, mè Saladin, ki ka prétèksté maladi-a di so papa Ayyoub, ka roupran larout-a di Léjip-a à so apròch. Ayyoub, ki ka vini di sonbré annan koma-a à laswit-a di roun chit di chouval ka mouri éfèktivman 9 out. Nur ad-Din, ki ka konstaté ki li gen pyès wonm di konfyans an Léjip, ka désidé di pran an lanmen pèrsonèlman zafè-ya di péyi.
Jwiyè : Nur ad-Din, an kanpagn kont soultan-an di Rum Kılıç Arslan II ka pran Marash. Oun trété d'alyans kont Krwazé-ya sa signé ant Dé wonm-yan. I pa roumété an koz alyans bizantin-an di Kılıç Arslan.
25 sèptanm : trété ant Pise é Saladin. Pise, ki éklipsé oun moman an Léjip pa konkèt ayyubid-a, ka routrouvé so drwè komèrsyal-ya é ka obténi di nouvèl konsésyon (drwè d'itilizé so pròp pwa é mizour é souprésyon di pratik vègzatwè : vant fòrsé, ègzaksyon dé douanyé).
[...]
Tègs-ya sa disponnib anba lisans Creative Commons Attribution-pataj annan menm kondisyon-yan ; ròt kondisyon pouvé apliké yékò. Wè kondisyon-yan di litilizasyon pou plis détay.",gcr,glotcc
129,"Bahamas, an form long Commonwealth dé Bahamas, an anglè The Bahamas é Commonwealth of The Bahamas, sa roun péyi anglofonn, ki, byen ki sitchwé o nò di lanmè dé Karayib, sa tradisyonèlman konsidéré kou ka fè parti dé Karayib.
[...]
Tègs-ya sa disponnib anba lisans Creative Commons Attribution-pataj annan menm kondisyon-yan ; ròt kondisyon pouvé apliké yékò. Wè kondisyon-yan di litilizasyon pou plis détay.",gcr,glotcc
130,"10 mè : lanprò-a di Mali Kanga Moussa, ki pati fè pélrinaj-a di La Mecque, ka rivé an Léjip. I ka vizité Kèro 19 jwiyé-a é ka enprésyoné tout moun pa so magnifisyans. Li sa rèsponsab di chit-a di kour di lò an Léjip.
[...]
Shōchū no hen : lanprò-a di Japon Go-Daigo Tenno sa trayi alò ki li té ka konspiré kont shogun di Kamakura.
Soultan-an di Delhi Ghiyath al-Din Tughlûq ka mennen oun raid kont Bengal-a. Asou chimen-an di routour, an désanm 1324, i ka pasé pa Tirhut. Prens endou Harisimha Deva, ki pa pouvé rézisté à li mè pa lé soumèt so kò, ka anfwi so kò atè Népal.
Dé prens endjen, ki ka fwi dominasyon musulman-an, ka établi yé kò atè Népal é ka fondé dinasti-a d’Ayodhya é di Malla. Dinasti-a di Malla ka régné di XIVe o xviiie syèk jouk envazyon-an dé gèryé rajputsen 1768.
[...]
Tègs-ya sa disponnib anba lisans Creative Commons Attribution-pataj annan menm kondisyon-yan ; ròt kondisyon pouvé apliké yékò. Wè kondisyon-yan di litilizasyon pou plis détay.",gcr,glotcc
131,"21 mè : dé navir fransé, ki koumandé pa Augustin de Beaulieu, ka vizité bè-a di Sen-Augustin atè Madagaskar.
21 novanm : rivé asou Mayflower, ki té annan tanpèt-a, Pilgrim Fathers, 102 piriten anglé ka débarké an Lanmérik (Nouvèl-Langlétè), atè Kap Cod é ka fondé 20 désanm-an kolonni-a di Plymouth, pronmyé lavil di Massachusetts, rò di konsésyon-an ki ogtrwayé pa lirwè-a (1622). Sa Pilgrim’s fathers-ya (41 antou) té divèt fwi Nottingham (1608), pou établi yé kò atè Leydedans Provens-Ini-ya. Yé ka signen roun akò, Mayflower Compact-a, ki sa à baz-a di roun démokrasi kalvinyenn. Dizwit fanm ki maryé ka rivé ké Mayflower-a. Trwa di yé sa ansent, don roun ki ka akouché di roun timoun ki mouri-nèt òbò di bato. O prentan 1621, sèl kat di sa fanm-yan ka viv òkò.
26 novanm : òrgannizasyon di roun nouvèl konpagni an Nouvèl-Lafrans ki donminen pa pèrsonnalité-a dé frè di Caen.
[...]
Tègs-ya sa disponnib anba lisans Creative Commons Attribution-pataj annan menm kondisyon-yan ; ròt kondisyon pouvé apliké yékò. Wè kondisyon-yan di litilizasyon pou plis détay.",gcr,glotcc
132,"26 jen : Palman ékosè-a ka ògtrwayé monnonpòl-a di koumèrs bò'd Lafrik-a ké Lenn-yan à Konpagni ékosè-a di Darién. Tantativ-a di enstalé roun kolonni ékosè an Lanmérik santral ké échwé. Guillaume III d'Orange sa sousyé di pa alyennen so kò Lèspagn-an annan so lalit kont Louis XIV.
Out - sèptanm : khan di Dzoungari Galdan ka anvayi òkò péyi-a Khalkha.
10 novanm : fondasyon di Lòrd libannen maronit-a, ki ankourajé pa patriyarch-a Étienne Al-Douaihi.
Kot Dilò-a : koumansman di règn di Osei Toutou, asantehene (rwè) di konférasyon Ashanti-a (finisman an 1717).
Gran Zimbabwé : à lanmò-a di rwè di Boutoua, Dombo, nouvèl monomotapa, Mhandé Pedro, ka òbténi oun sirsi. Li ka abandonnen so kapital pou réjyon-an di Tete. Anvan finisman-an di syèk, sigsésò-a di Changamiré Dombo ka roupran lofansiv-a é ka enpozé roun tribi o monomotapa. Dinasti-a dé Changamiré ka régné asou réjyon-an jouk 1830.
[...]
Tègs-ya sa disponnib anba lisans Creative Commons Attribution-pataj annan menm kondisyon-yan ; ròt kondisyon pouvé apliké yékò. Wè kondisyon-yan di litilizasyon pou plis détay.",gcr,glotcc
133,"Bondjé ka dézigné oun fika oben fòs souprenm ki ka striktiré linivèr-a ; a soulon krwayans-ya swé di roun moun, swé di roun konsèp filozofik oben rélijyé. Prensip fondatò annan rélijyon monotéyis-ya, Bondjé sa fika souprenm, inik, transandan, inivèrsèl, kréyatò di tout kichoz, doté di roun pèrfèksyon absoli, ki ka konstitchwé prensip-a di sali pou mounité-a é ki ka révélé so kò annan déroulman-an di listwè-a. Kou antité filozofik, Bondjé sa prensip-a d'èsplikasyon é d'inité di linivèr-a.
[...]
Tègs-ya sa disponnib anba lisans Creative Commons Attribution-pataj annan menm kondisyon-yan ; ròt kondisyon pouvé apliké yékò. Wè kondisyon-yan di litilizasyon pou plis détay.",gcr,glotcc
134,"Jayinism-an oben jinism-an (du sanskrit : जैनमतम्, IAST : jainamatam de Jina, « venkò » ké mata « dòktrin ») sa roun rélijyon ki probabman koumansé à aparèt bò'd xe oben ixe syèk anv. J.-K.. Jayinism-an oben dharma jayin ka konté prè di dis milyon di fidèl annan monn-an, asèt ké layik ki konfondou, an majorité an Enn (30 000 an Éròp ké 100 000 o Étazini).
Lòbjèktif-a di lavil-a pou jayin-yan sa menm-an ki pou endouism-an, bouddhism-an ké sikhism-an : adèp-a divèt atenn iliminasyon-an ki ka mennen o finisman dé transmigrasyon di so lam aplé moksha oben nirvana.
[...]
Tègs-ya sa disponnib anba lisans Creative Commons Attribution-pataj annan menm kondisyon-yan ; ròt kondisyon pouvé apliké yékò. Wè kondisyon-yan di litilizasyon pou plis détay.",gcr,glotcc
135,"11 janvyé : tout koumèrs dirèk ant Filipin-yan ké Lèspagn-an sa proyibé ké trafik-a tout antché sa asiré pa galion-an di Manille ki ka travèrsé chak lannen Pasifik-a annan Dé sans, anr Acapulco ké Manille. Li ka enpòrté dé prodjwi anmériken é éropéyen é ka èspòrté dé prodjwi chinwa (laswa, té, pòrsélenn, livwè). Défisit-a sa sòldé pa métal présyé anmériken.
18 janvyé : batay di Nong Sarai (provens di Suphanburi). Naresuan, souvren di rwayom d'Ayutthaya, ka tchwé prens léritché birman-an Mingyi Swa an konba sengilyé à do di léléfan. Li ka anvayi answit Kanbòdj-a é ka pran kapital-a Lovêk, don li ka dépòrté popilasyon-an pou ripéplé so provens-ya di nò.
11 avril, Lafrik oryantal : koumansman di konstriksyon-an di fòrtérès-a di Fò Jésus atè Mombasa pa Pòtidjé-ya pou sékirizé larout-a dé Lenn kont Otoman-yan (finisman an 1596).
9 mè, lagèr Imjin : entèrvansyon-an di roun pwisan kò èspédisyonnèr chinwa, ki konjigé o léfò di léro nasyonnal koréyen, lanmiral Yi Sunshin (1545-1598), ka kontrenn Japonnen-yan à évakiyé Séyoul.
Koumansman dé chantché di l’Alameda Central atè Mègsiko.
[...]
Tègs-ya sa disponnib anba lisans Creative Commons Attribution-pataj annan menm kondisyon-yan ; ròt kondisyon pouvé apliké yékò. Wè kondisyon-yan di litilizasyon pou plis détay.",gcr,glotcc
136,"[...]
Paj sa a te tradui otomatikman soti nan lang angle.
Objektif nou se pèmèt chak moun vin yon manm aktif nan sosyete Icelandic, kèlkeswa background yo oswa kote yo soti.
[...]
Deklarasyon taks pou ane revni 2023 – Enfòmasyon enpòtan
Enfòmasyon sou deklarasyon taks 2023 an espayòl. Enfòmasyon an Ris sou ranpli yon deklarasyon taks nan 2023. Enfòmasyon sou odnośnie zenznaia podatkowego 2023. Nouvèl Ane 2023 Deklarasyon taks 2024, pou ane revni 2023, louvri soti 1ye rive 14 mas.
[...]
Ekstansyon pèmi rezidans pou Ikrenyen
Ekstansyon peryòd validite pèmi rezidans ki baze sou depa mas Minis Jistis la te deside pwolonje peryòd la nan validite nan Atik 44 nan Lwa sou Etranje, sou kòz pwoteksyon kolektif nan emigrasyon mas soti nan Ikrèn, akòz envazyon Larisi a. Ekstansyon an valab jiska 2 mas 2025. Chak moun bezwen pran foto yo pou yo ka jwenn pèmi a pwolonje. Anba a ou jwenn plis enfòmasyon sou ekstansyon pèmi a: Ukrainian: Ekstansyon peryòd validite pèmi rezidans lan sou baz depa mas Icelandic: Framlenging dvalarleyfa væna ålåsfågål
[...]
Èske w nouvo nan Islann, oswa ou toujou ap ajiste? Èske w gen yon kesyon oswa ou bezwen èd? Nou la pou ede w. Rele, chat oswa imèl nou! Nou pale angle, Polonè, Ukrainian, Panyòl, Arab, Italyen, Ris, Estonyen, Franse, Alman ak Icelandic.
[...]
Aprann Icelandic
Aprann Icelandic ede w entegre nan sosyete a epi ogmante aksè a opòtinite travay. Pifò nouvo rezidan nan Islann gen dwa pou jwenn sipò pou finansman leson Icelandic, pa egzanp atravè benefis sendika travayè yo, benefis chomaj oswa benefis sosyal. Si w pa travay, tanpri kontakte sèvis sosyal la oswa Direksyon Travay la pou w konnen ki jan ou ka enskri pou leson Icelandic.
[...]
Evènman ak sèvis bibliyotèk vil Reykjavík prentan sa a
Bibliyotèk Vil la dirije yon pwogram anbisye, bay tout kalite sèvis epi òganize aktivite regilye pou timoun ak granmoun, tout gratis. Bibliyotèk la ap bouze ak lavi. Pa egzanp, gen Kwen Istwa a, pratik Icelandic , Bibliyotèk Grenn , maten fanmi ak plis ankò. Isit la ou jwenn tout pwogram nan.
[...]
Pibliye materyèl
La a ou ka jwenn tout kalite materyèl nan Sant enfòmasyon miltikiltirèl la. Sèvi ak tab la pou wè sa seksyon sa a gen pou l ofri.
[...]
Mwen vle enfòmasyon sou k ap viv nan Islann
Mwen bezwen yon nimewo idantite (kennitala)
Mwen gen timoun ki gen laj 0–5
Mwen gen timoun ki gen laj 6–18
Mwen bezwen swen sante
Map chache lojman
Mwen vle etidye
Èd konsènan vyolans
Mwen vle travay
Mwen bezwen sipò finansye
Mwen bezwen sipò sosyal
Mwen pap travay
Mwen gen yon andikap
Mwen retrete
Mwen bezwen enfòmasyon sou transpò
Mwen vle deplase nan Islann
Mwen se yon sitwayen Inyon Ewopeyen/EFTA
Rete pou plis pase 3 mwa
Rete pou mwens pase 3 mwa
Mwen pa yon sitwayen Inyon Ewopeyen/EFTA
Mwen vle etidye nan Islann
Mwen vle travay nan Islann
Mwen gen yon manm fanmi an Islann
Mwen vle chèche azil nan Islann
Lòt rezon pou deplase nan Islann
Mwen se yon pwofesyonèl k ap travay sou pwoblèm imigran
[...]
Èske w nouvo isit la oswa ou toujou ap ajiste? Èske w ap chèche repons oswa ou bezwen èd? Nou la pou ede. Rele, chat oswa imèl nou!",hat,glotcc
137,"Pwogram Rechèch Agrikilti Nòdès ak Edikasyon (SARE) pral òganize yon konferans nan Burlington, Vermont, 19 - 21. Anfaz la se sou rejyonal sistèm nitrisyonèle pwal gen atelye travay sou maketing, pwodiksyon ekolojik, manje nòt politik ak planifikasyon, aprantisaj nan kiltivatè egzanplè, ak kominikasyon nan agrikòl la kominote.
Oratè modèl la pou konferans lan pral Russell Libby, egzekitif direktè nan kiltivatè òganik yo ak Asosyasyon jaden, ak oratè a fèmen yo pral Bill McKiben, otè ak entelektyèl nan-rezidans ak Kolèj Middlebury.
Evènman pral kòmanse ak tours fèm sou Oktòb 19 ki pral eksplore ortikol dirab, zèb ki baze sou chak jou, ti fèm minimòm fwomaj, konpoze komèsyal, ak sik erab. Pwogram SARE la pral prezante tou Prim Patrick Madden, ki rekonèt kiltivatè eksepsyonèl atravè nasyon an ki te adopte pratik inovatè ak dirab sou fèm yo.
Pral gen tou sesyon afich ak ekspozisyon devlope pa plis pase 100 kiltivatè, chèchè, ak edikatè, ak yon resepsyon anime pa youn nan konferans lan ko-patwone, Gwoup travay Agrikilti Dirab. Asosyasyon Kominikatè Nòdès la, tou yon konferans ko-patwone, pral kenbe yon reyinyon manm ak kontribye nan kominikasyon agrikòl yo atelye travay.
Yon pwogram konferans konplè ak materyèl enskripsyon yo sou liy nan www.uvm.edu/~nesare. Lajan bous detid disponib, e gen yon rabè pou enskripsyon yo te resevwa anvan 2 out.",hat,glotcc
138,"Prezidan Joe Biden te byen resevwa lòt jou la a nan Mezon Blanch Premye-Minis japonè Suga Yoshihide ke yo rele tou Yoshi, kote 2 lidè yo te eksprime angajman pou defann e fè vanse kèk prensip ki enpòtan pou yo tou le 2, tankou dwa moun ak rèy lalwa.
Alyans Etazini-Japon an rete solid tankou wòch, se pawòl Prezidan Biden ki kontinye pou l di:
'Nou angaje pou n travay ansanm pou n afwonte defi bò kote LaChin tankou Lanmè Ès LaChin nan, Lanmè Sid LaChin nan, ak Kore di Nò, pou asire yon avni k ap genyen yon rejyon Endo-Pasifik lib.'
Tou 2 nasyon yo te antann yo sou yon seri angajman pratik pou yo ranfòse alyans la nan kad Tèt Ansanm Etazini-Japon pou yo anfòm pou Konpetisyon e ka Reziste nan Move Tan. Yon demèn kle nan koperasyon an se pwal mete nou anfòm pou konpetisyon e pou vini ak nouvote, kote nou pwal santre sou avans nan syans ak teknoloji, pou repete Prezidan Biden ki kontinye pou l di:
'Nan tèt-ansanm sa a, nou gen pou n asire n ke nou mete envestisman ak pwoteksyon nan teknoloji ki pwal kontinye fè li pi difisil pou lòt peyi fè konpetisyon ak nou... Konsa nou pwal travay ansanm nan yon pakèt domèn - soti nan pouse rezo 5G ki gen sekirite e ki toujou byen mache; rive nan ogmante koperasyon nou nan distribisyon materyèl pou sektè ekstrèmman enpòtan tankou semi-kondiktè; e rive tou nan fè rechèch ansanm nan domèn tankou entelijans atifisyèl, nan ADN, nan òdinatè ki ka fè kalkil konplike, elatriye.'
Nan sa ki konsène pandemi COVID-19 la, Etazini ak Japon pwomèt pou yo kopere nan distribisyon vaksen kont COVID-19 toupatou sou tè a e fabrike pwodui ke mond la bezwen pou mete fen nan pandemi an, epi tou bati sekirite nan domèn sante mondyal k ap la pou lontan.
Etazini ak Japon pran angajman tou pou yo pran aksyon djanm pou reponn menas ki nan kriz klima a. Vrèman vre, tou le 2 nasyon yo antann yo pou aji kòmsadwa distans pou ane 2030 pou limite ogmantasyon tanperati mondyal la pou l pa depase 1.5 degre santigrad, pou n pa gen okenn degajman gaz natirèl nan lane 2050 pou pita e yo lanse tèt-ansanm Etazini-Japon sou Klima a.
Dènye pati nan nouvo tèt-ansanm nan se pwal mentni relasyon ant pèp yo nan anpil pwogram boukantay entènasyonal e nan pwojè ak rechèch y ap fè ansanm.
Prezidan Biden afime ke 'Japon ak Etazini se demokrasi solid,' e Tèt-Ansanm Etazini-Japon an pou konpetitivite ak rezilyans pwal pwouve ke 'demokrasi yo toujou ka fè konpetisyon e ranpòte viktwa nan 21èm syèk la.'",hat,glotcc
139,"Ningbo Hongtai te etabli an 2004, ki chita nan vil Yuyao ak aksè transpò pratik, toupre pò Ningbo.Hongtai se yon manifakti dirijan angaje nan rechèch, devlopman, pwodiksyon, lavant ak sèvis nan seri jetab, espesyalman pèsonalize napkin papye, ak lòt re...
Li piplis
Estati Devlopman Devlopman Devlopman Devlopman Tad Papye Jetab Endistriyèl ak Tandans pa admin sou 23-09-14
Analiz de estati devlopman ak tandans endistri enprime tas konpostabl Lachin nan nan 2023, ak pwomosyon nan konsyantizasyon anviwònman an ankouraje devlopman rapid nan endistri a Nan dènye ane yo, gouvènman an te bay yon seri de politik ki enpòtan yo aktivman bati yon gr...
Li piplis
Komès etranje Lachin nan montre 'fòs fò'
pa admin sou 23-07-10
Nan senk premye mwa yo nan ane sa a, komès Lachin nan ak mache émergentes te grandi rapidman, ak e-commerce trans-fontyè a te devlope.Nan ankèt la, repòtè a te jwenn ke sijè komès etranje alantou inisyativ la yo reflechi sou chanjman, akselere transfòmasyon vèt dijital la, ak ...
Li piplis
Fè Papye pa admin sou 23-07-10
Cai Lun, ki te yon ofisyèl tribinal enperyal nan Dinasti Han (206 BC-220 AD), te amelyore fè papye nan anviwon ane 105 AD.Anvan envansyon nan papye pita, ansyen moun ki soti nan tout mond lan te ekri mo sou plizyè kalite materyèl natirèl tankou fèy (pa Endyen), po bèt ...
Li piplis
Risk sante MOH pa admin sou 23-07-03
Inyon Ewopeyen an pral revize risk ki genyen pou sante mineral lwil oliv idwokarbur (MOH) yo itilize pou aditif materyèl kontak manje. Soumèt a re-evalye toksisite MOH, ekspoze dyetetik sitwayen Ewopeyen yo ak evalyasyon final la nan risk sante pou popilasyon Inyon Ewopeyen an.MOH se yon kalite ekstrèmman konplèks ...
Li piplis
Avni endistri papye espesyal Lachin nan ka espere pa admin sou 23-07-03
Papye konsomatè fòme fòs prensipal la nan pwodwi papye espesyalite .Gade konpozisyon an nan endistri papye espesyalite mondyal la, papye anbalaj manje se pi gwo sibdivizyon endistri papye espesyalite a kounye a.Papye anbalaj manje refere a papye espesyal ak katon yo itilize nan...
Li piplis
Ki avantaj ki genyen nan Bwat papye degradab jetab pou pran pa admin sou 23-06-26
Avèk akselerasyon an nan mach la nan lavi modèn, pi plis ak plis konsomatè chwazi pran-soti pou rezoud pwoblèm nan nan twa repa, ak pran-soti biznis jeneralman itilize bwat manje midi jetab pou ekonomize depans yo.Sepandan, konsomatè yo souvan konnen ke pi fò nan bwat yo vann nan kay ak aletranje yo te fè nan...
Li piplis
Bon sans sou tas papye jetab ECO pou mache UK pa admin sou 23-06-26
Tas papye jetab yo se pwodwi jetab ki itilize souvan nan lavi chak jou moun. Dapre kalite tas papye biodégradables, yo ka divize an tas bwè frèt, tas kafe jetab enprime ak tas krèm glase pèsonalize. Kounye a, miray enteryè a nan tas jetab ekolojik...
Li piplis
2023 Ningbo Hongtai Package Egzibisyon Enfòmasyon pa admin sou 23-06-20
2023 Plan Egzibisyon nou an: 1) Non Montre la: 2023 Mega Show Pati I – Hall 3 Lokal: Hong Kong Convention & Exhibition Center Desen Tit: Hall 3F& G Floor Patisipe nan Show Dat: 20-23 Oct 2023 Nimewo Booth: 3F–E27 MEGA a SHOW, ki te fèt nan Hong Kong, te yon sant enpòtan pou g...
Li piplis
Stander nan 'Plastik gratis Cup' Pou Ewòp ak UK Market pa admin sou 23-06-20
Dènyèman, repòtè a te aprann nan men Asosyasyon an papye Lachin, dapre aranjman anyèl travay revizyon estanda China Paper Association, asosyasyon an te konplete 'pa gen okenn tas papye plastik (ki gen ladan pa gen tas papye plastik biodégradables)' gwoup estanda bouyon, kounye a pou .. .
Li piplis
Ningbo Hongtai Package New Material Teknoloji co, Ltd bati distribiye estasyon elektrik fotovoltaik pa admin sou 23-06-13
Ningbo Hongtai Package New Material Technology Co, Ltd sitiye nan Yuyao, yon vil ki gen 7,000 ane nan istwa kiltirèl. Li te fonde an 2004. Depi kreyasyon li, konpayi nou an te fè plis pase dis ane nan eksplorasyon, rechèch devwe ak inovasyon kontinyèl. Soti nan premye enkoni...
Li piplis
Mache émergentes yo ap vin yon nouvo pwen kwasans pou kondwi komès etranje yo pa admin sou 23-06-13
Enpòtasyon ak ekspòtasyon komès etranje Lachin nan ogmante pa 4.7% ane sou ane nan senk premye mwa yo, dapre done ki te pibliye pa Administrasyon Jeneral Ladwàn nan 7 jen. Nan fè fas a yon anviwònman ekstèn konplèks ak grav, divès rejyon ak depatman aktivman aplike pou...
Li piplis
PLAK SE KONPOSTAB? WI ! pa admin sou 23-06-07
Konpòs te vin tounen yon sijè ki cho pandan de ane ki sot pase yo, petèt akòz lefèt ke moun yo progresivman plis okouran de pwoblèm enkwayab jesyon fatra mond nou an ap fè fas. Natirèlman, ak fatra tou dousman koule toksin nan tè nou an ak dlo, li fè sans ke nou ta vle yon ...
Li piplis
PAPYE PWODWI PROFIT ? KOTE? pa admin sou 23-06-07
Soti janvye jiska avril, pwofi total endistri papye ak pwodwi papye yo te tonbe nan 51.6% ane sou ane. Nan dat 27 me, Biwo Nasyonal Estatistik te pibliye pwofi yo nan antrepriz endistriyèl pi wo a gwosè deziyen an 2023 soti nan janvye jiska avril.Done te montre ke antrepriz endistriyèl pi wo a...
Li piplis
Pri kaka desann pa admin sou 23-06-03
Lang gid: Nan mwa mas, konfyans nan mache kaka an bwa a te ensifizan, sifas rezèv la nan kaka laj fèy yo te estab ak souvan redwi, envès la baz papye detachman ranvèse afekte pri a kaka ak atribi finansye yo nan pwodwi supèrpoz, ki mennen ale nan ekspans yo. ...
Li piplis
Èske napkin papye yo plis zanmitay anviwònman an? pa admin sou 23-02-27
Avèk enèji ak dlo yo itilize nan lave ak siye, èske li pa aktyèlman pi zanmitay anviwònman an pou sèvi ak napkin papye jetab olye pou yo koton? Napkin twal pa sèlman sèvi ak dlo nan lave ak anpil enèji nan siye, men fè yo tou. pa ensiyifyan.Koton se yon gwo...
Li piplis
Hongtai teknoloji: ""limite plastik"" - nouvo opòtinite nan endistri papye, pa admin sou 23-02-27
Nan dènye ane yo, ak akselerasyon nan vitès la nan lavi, konsyans konsomasyon piti piti chanje, jetab chak jou pwodwi papye enprime yo plis louvri espas kwasans lan.Demand yo nan plak pati konpostab, tas koutim enprime jetab ak napkin papye jetab te ogmante anpil.Nan t...
Li piplis
Teknoloji lank gwo teknoloji mennen devlopman nan teknoloji enprime ak anbalaj, pa admin sou 23-02-27
Nano enprime Nan endistri enprime, kapasite pèfòmans detay se youn nan kritè enpòtan pou jije bon jan kalite enprime, ki bay aplikasyon potansyèl nanoteknoloji.Nan Druba 2012, Konpayi Landa te deja montre nou nouvo teknoloji enprime dijital ki pi enpresyonan...
Li piplis
Ningbo Hongtai Package New Material Technology Co, Ltd te etabli an 2004, ki sitiye nan vil Yuyao ak aksè transpò pratik, tou pre pò Ningbo.
[...]",hat,glotcc
140,"Si w bezwen èd pou w ranpli Bilten Vòt ou a akoz yon andikap oswa akoz ou pa metrize anglè, genyen asistans ki disponib. Aprann plis sou dwa w antanke Moun k ap vote nan vil Nouyòk ak kikote pou w jwenn èd si w bezwen.
Aparèy pou make Bilten Vòt
Dispozitif pou make bilten yo disponib nan tout biwo vòt yo pou ede elektè yo ranpli bilten vòt yo a pandan vòt antisipe a ak jou eleksyon an. Dispozitif sa yo ka itil pou elektè ki avèg, pa wè byen oswa ki genyenn yon andikap oswa yon eta oswa pwoblèm sante ki rann difisil oswa enposib posibilite pou yo make bilten vòt yo ak yon plim. Malgre sa, nenpòt elektè ka mande pou yo itilize yon Dispozitif pou Make Bilten.
Ou ka itilize yon aparèy pou make Bilten Vòt pou w ka wè Bilten Vòt ou a sou yon ekran afichaj, koute chwa w yo nan kas, oswa tradui Bilten Vòt ou a nan lòt lang. Si w ta renmen itilize yon aparèy pou make Bilten Vòt, jis mande yon mandatè!
Aparèy la bay kat fason pou make Bilten Vòt ou a:
Ekran tòtch
Aparèy Sip & soufle
Klavye (Bray)
Manèt a baskil
Aprann plis sou Aparèy pou make bilten vòt yo nan Konsèy Elektoral (Board of Elections) la
Konsèy Elektoral (Board of Elections) Vil Nouyòk la esplike kijan pou yo itilize diferan fonksyon Aparèy pou make Bilten Vòt yo
Bilten Vòt Moun ki Absan ki aksesib
Si w gen pwoblèm vizyon oswa ou pa ka make yon bilten vòt an papye, ou ka toujou vote pa korespondans. Yon lektè ekran kapab li Bilten Vòt Moun ki Absan ki aksesib la epi tou ranpli l pa mwayen yon òdinatè. Ou ka mande yon bilten ki aksesib nan Konsèy Elektoral (Board of Elections) Vil Nouyòk la.
Elektè ki mande yon Bilten Vòt Moun ki Absan ki aksesib yo kapab itilize teknoloji adaptasyon pèsonèl yo pou make epi enprime Bilten Vòt Moun ki Absan yo lakay yo. Pou vote ak yon Bilten Vòt Moun ki Absan ki aksesib, ou dwe enprime Bilten Vòt ou an anvan ou retounen li bay Konsèy Elektoral (Board of Elections) la.
Mande yon bilten vòt pa lapòs
Aksè ak Lang
Dapre lalwa, bilten vòt Vil Nouyòk ak lòt materyèl pou vote yo tradui an Bengali, Chinwa, Koreyen, ak Panyòl nan sèten sit biwo vòt ki baze sou Done Resansman lokal yo.
Men tou, genyen entèprèt ki disponib nan kèk biwo vòt pou bay yon asistans nan lang sa yo ak nan lòt, tankou arab, kreyòl ayisyen, ris, yiddish. Ou ka aprann ki sit vòt ki pwopoze tradiktè nan chak lang sou wèbsayt Komisyon Angajman Sivil (Civic Engagement Commission) a.
Si w bezwen asistans pou lang nan yon biwo vòt, ou gen dwa tou pou w vini ak pwòp entèprèt ou.
Aprann plis sou dwa w antanke elektè
Bilten Vòt Moun ki Absan ki aksesib
Ou ka mande yon Bilten Vòt Moun ki Absan ki aksesib nan Konsèy Elektoral (Board of Elections) la
Mande yon Bilten Vòt Moun ki Absan ki aksesib
Asistans pou Lang
Komisyon pou Angajman Sivik Vil Nouyòk (NYC Civic Engagement Commission) la bay entèprèt nan kèk biwo vòt
Gade Biwo vòt yo
FAQ ki pi kouran
Èske mwen ka mennen yon moun pou ede m vote?
Wi! Depi se pa anplwaye w oswa yon reprezantan sendikal, ou ka mennen yon moun pou ede w vote. Ou ka toujou mande yon mandatè pou l ede w.
Èske mwen ka mande yon Bilten Vòt Moun ki Absan ki aksesib?
Wi! Si w gen pwoblèm vizyon oswa si w gen yon andikap ki mande w pou w sèvi ak yon vèsyon aksesib Bilten Vòt Moun ki Absan yon lektè ekran kapab li epi make dijitalman, ou ka mande yon bilten aksesib nan Konsèy Elektoral (Board of Elections) Vil Nouyòk la. Mande yon Bilten Vòt Moun ki Absan ki aksesib.
Èske Biwo vòt yo aksesib?
Wi! Konsèy Elektoral Vil Nouyòk la asire l tout biwo vòt nan vil la aksesib pou tout Moun k ap vote yo pandan peryòd Vòt Alavans yo ak nan Jou Eleksyon an. Si w gen nenpòt pwoblèm ak biwo vòt ou a, ou ka kontakte Konsèy Elektoral (Board of Elections) la nan 1-866-Vote-NYC (212-487-5496).
Kesyon ki Poze pi Souvan yo
Gade tou:
Kijan pou w Vote Enskri pou ou vote Mwayen pou Vote Vote pa Chwa Preferansyèl Dwa pou vote
Dwa Vòt mwen genyen yo
Konnen dwa w antanke yon Moun k ap vote nan Vil Nouyòk, anvan w ale nan biwo vòt yo!
Dwa Vòt mwen genyen yo
Kijan pou w Vote
Ou ka vote nan kourye, alavans an pèsòn, oswa nan Jou Eleksyon an.
Gade opsyon mwen yo
Vote pa Chwa Preferansyèl
Kounye a ou ka klase jiska 5 kandida nan lòd preferans ou pou fonksyon minisipal yo!
Plis bagay Sou Vòt avèk Klasman Chwa yo
Sa ki konsène Nou
Kontakte Nou
Konsèy finans kanpay NYC (NYC Campaign Finance Board) a
Vote ak Konfyans
N ap voye ba ou mizajou sou eleksyon k ap vini yo ki ak tout dat limit kle yo, enfòmasyon sou enskripsyon yo ak pwofil kandida yo.
Imèl Tanpri antre yon adrès imèl ki valid
[...]
Mèsi paske ou abone ak kouryèl NYC Votes yo.
Lè w bay imèl ou ak nimewo telefòn mobil ou, ou dakò pou w resevwa mesaj a repetisyon nan men NYC Votes konsènan eleksyon k ap vini yo. Dezabòne oswa ekri STOP nan yon mesaj tèks pou w refize yo. Tarif mesaj ak done yo ka aplike.",hat,glotcc
141,"[...]
Pwofesè Michel DeGraff patisipe nan gwo fowòm medyatize sa a ki rele « TEDx Talks » nan salon Massachussets Institute of Technology (MIT), oz Etazini. TEDx Talks se yon espas kote anpil syantis, espesyalis ak ekspè nan tout domèn pataje konesans ak eksperyans yo sou tout kalte tematik ki enpòtan pou demen miyò nan monn lan.
Atik ki pi resan
Tout moun se moun, tout lang se lang : Nan lide pou MIT Libraries tabli patenarya, n ap kontribiye nan kreyasyon vèsyon nimerik Jounal Libète ki te pibliye ann Ayiti, an kreyòl, ant lane 1990 ak 1998
Yon jwèt an kreyòl pou selebre mwa lang ak kilti kreyòl
An n brase lide sou 2yèm Rezolisyon Akademi Kreyòl Ayisyen sou ekriti kreyòl la.
Michel DeGraff nan TEDx @MIT — Lang gen gwo pouvwa : Li ka detwi nanm ; kon sa tou, li ka bati nasyon",hat,glotcc
142,"An menm tan an, li tou gen reyaksyon carboxyl tankou esterifikasyon, alkòl, fòmasyon sèl, decarboxylation, ak aminolysis.
Repwodiksyon segondè nan kolofoni baze sou karakteristik sa yo nan kowòdin ak lyezon doub ak gwoup karboksil, epi li se modifye colofoni a jenere yon seri de kolofoni modifye, ki amelyore valè a itilize nan kolofoni.
Rosin résine yo itilize nan endistri adezif pou ogmante viskozite, chanje kolan adezif, pwopriyete limenm, elatriye.
Konesans debaz
Rezin colofoni se yon konpoze diterpenoid tricyclic, ki te jwenn nan kristal flak monoklinik nan etanòl akeuz. Pwen k ap fonn lan se 172 ~ 175°C, ak wotasyon optik la se 102° (etanòl anidrid). Ensolubl nan dlo, idrosolubl nan etanòl, benzèn, klowofòm, etè, asetòn, disulfid kabòn ak dilye akeuz solisyon idroksid sodyòm.
Li se eleman prensipal la nan résine kowòdin natirèl. Ester asid kolofoni (tankou ester methyl, ester vinil alkòl, ak gliserid) yo itilize nan penti ak vèni, men tou nan savon, plastik, ak rezin.
Ki sa ki ester kolòfan?
Li se yon ester polyol nan asid colofoni. Polyol yo itilize souvan yo se gliserin ak pentaeritritol. Polyol la
Pwen ralantisman ester pentaerythritol rosin pi wo pase sa ki ester rosin glycerol, ak pèfòmans siye, dite, rezistans dlo ak lòt pwopriyete vèni a pi bon pase sa yo ki nan vèni ki fèt ak ester rosin glycerol.
Si yo itilize ester ki koresponn lan ki fèt ak kowòdin polymerize oswa idwojèn kòm matyè premyè, tandans dekolorasyon an diminye, ak lòt pwopriyete yo amelyore tou nan yon sèten limit. Pwen ralantisman nan ester polymerized colofoni pi wo pase sa yo ki nan ester kolofoni, pandan y ap pwen an ralantisman nan ester kolofan idrojenasyon pi ba.
Relasyon ant de la
Ester colofoni yo rafine soti nan rezin colofoni. Rosin résine fèt pa esterifikasyon nan kolofoni. Pou egzanp, colofoni gliserid se te fè nan colofoni pa esterifikasyon nan gliserin.
Eleman prensipal la nan résine rezin se asid résine, ki se yon melanj de izomè ak fòmil molekilè C19H29 COOH; Rosin ester refere a pwodwi a jwenn apre esterifikasyon nan résine colofoni, paske li se yon sibstans ki diferan, kidonk li enposib di ki gen dimansyon li ye. gwo.
Metòd pou fè rosin
Rosin-modifye résine fenolik toujou sitou karakterize pa pwosesis sentèz tradisyonèl la. Pwosesis la yon sèl etap se melanje fenol, aldehyde ak lòt matyè premyè ak kolòfan epi reyaji dirèkteman.
Fòm pwosesis la senp, men kondisyon kontwòl yo tankou chofaj ki vin apre yo relativman wo; pwosesis la de-etap se sentèz entèmedyè kondansasyon fenolik la davans, ak Lè sa a, reyaji ak sistèm nan kolòfan.
Chak etap reyaksyon espesifik evantyèlman fòme yon résine ki gen yon valè asid ki ba, yon pwen ralantisman segondè, ak yon pwa molekilè konparab ak yon solisyon sèten nan solvang lwil mineral.
1. Pwosesis yon sèl etap prensip reyaksyon:
â Sentèz rezin fenolik rezoli: Alkylphenol ajoute nan kowòdin fonn lan, ak paraformaldehyde egziste nan sistèm lan nan fòm granulaire, ak Lè sa a, dekonpoze nan fòmaldeyid monomè, ki sibi yon reyaksyon polikondansasyon ak alkylphenol.
â¡ Fòmasyon methine kinon: dezidratasyon nan tanperati ki wo, nan pwosesis pou chofe, aktivite methylol nan sistèm nan ogmante rapidman, dezidratasyon nan molekil methylol rive, ak reyaksyon eterifikasyon kondansasyon ant molekil methylol rive, fòme. Gen yon varyete de kondansasyon fenolik ak diferan degre polymérisation ki disponib.
â¢ Adisyon kolòfan nan methine kinon ak anidrid maleik: Ajoute anhydrid maleik nan 180 °C, sèvi ak kosyon doub enstore nan anidrid maleik ak kosyon an doub nan asid colofoni ajoute, epi ansanm ajoute methine kinon nan kolofoni. Asid la tou sibi yon reyaksyon adisyon Diels-Alder pou pwodui konpoze kwomofuran anidrid maleik.
â£ Esterifikasyon polyol: Egzistans anpil gwoup carboxyl nan sistèm lan pral detwi balans sistèm lan epi lakòz enstabilite résine a.
Se poutèt sa, nou ajoute poliol epi sèvi ak reyaksyon esterifikasyon ant gwoup idroksil poliol yo ak gwoup carboxyl nan sistèm nan diminye valè asid nan sistèm nan. An menm tan an, atravè esterifikasyon nan polyols, segondè polymères apwopriye pou lank enprime konpanse yo fòme.
2. Pwosesis de etap prensip reyaksyon:
â Anba aksyon yon katalis espesyal, fòmaldeyid fòme yon varyete oligomè fenolik rezoli ki gen yon gwo kantite methylol aktif nan solisyon alkylphenol. Depi sistèm nan pa gen okenn efè inhibition nan asid kolofoni, kondansasyon ki gen plis pase 5 inite fenolik estriktirèl ka sentèz.
â¡ Polyol ak colofoni esterifye nan tanperati ki wo, ak anba aksyon an nan katalis debaz, valè asid ki nesesè yo ka rive jwenn byen vit.
â ¢ Nan ester polyol rosin ki te reyaji, ajoute tou dousman sentetize rezo fenolik résine gout, kontwole pousantaj adisyon gout ak tanperati, epi konplete adisyon gout. Dezidratasyon nan tanperati ki wo, epi finalman se résine a vle fòme.
Avantaj nan pwosesis la yon sèl etap se ke fatra a retire nan fòm lan nan vapè, ki se fasil fè fas ak nan pwoteksyon anviwònman an. Sepandan, reyaksyon kondansasyon fenolik ki fèt nan kolofoni fonn lan gen tandans fè anpil reyaksyon segondè akòz tanperati reyaksyon segondè ak disolisyon inegal.
Ajisteman an difisil pou kontwole, epi li pa fasil pou jwenn pwodwi résine ki estab. Avantaj nan metòd de etap la se ke yo ka jwenn yon oligomè kondansasyon fenolik ki gen estrikti relativman ki estab ak konpozisyon, chak etap reyaksyon se pi fasil kontwole, ak bon jan kalite a pwodwi se relativman ki estab.
Dezavantaj la se ke kondansasyon kaka fenolik tradisyonèl la dwe netralize pa asid epi rense l avèk yon gwo kantite dlo pou retire sèl anvan li ka reyaji ak kolòfan an, sa ki lakòz yon gwo kantite dlo dechè ki gen fenol, ki lakòz gwo domaj nan anviwònman an ak konsome anpil tan.
Kesyon an nan dwa ak sa ki mal nan yon sèl etap ak de-etap pwosesis ki depi lontan te konsantre nan manifaktirè lank. Men, dènyèman, ak devlopman siksè nan metòd la pa gen okenn lave pou sentèz kondansasyon fenolik, te rasyonalizasyon nan metòd la sentèz de etap yo te fòtman ankouraje.
Previous:
Ki sa ki nwa kabòn? Ki kote aplikasyon prensipal la?
Next:
Ki sa ki se résine petwòl? ki sa ki itilizasyon?
[...]
Ligh koulè C5 petwòl résine pou penti wout
Kalsyòm metal faktori elaji pwodiksyon
Pri a nan résine petwòl ap monte
Ankèt pou lis pri
Si ou gen nenpòt ankèt sou sitasyon pi ba oswa koperasyon, tanpri, ezite voye yon imèl oswa itilize fòm rechèch sa a. Reprezantan lavant nou an ap kontakte ou nan lespas 24 èdtan.
[...]",hat,glotcc
143,"Jou ki te 31 desanm 2019 la, kèk manm ANVA te resevwa yon bilan finansye ki soti nan Seil Finans lan remèsye yo pou kontribisyon yo te bay asosyan an pandan ane 2019 la. Manm asosyasyon yo bay tèt yo epi depanse san konte pou asosyasyon an. Sa k bay espas pou fè rankont, sa k enprime mayo ak pwogram ANVA a. Nou bay tan nou, anpil lide ak bon enèji nou. Nou pa p janm ka mete yon pri sou sa. Anvan ane a fini, Selil Finans lan te vle remèsye yo epi pataje ak yo yon bilan sou sa ANVA resevwa e depanse.
Jodi a, premye lèt ebdomadè videyo ANVA a sòti. Ladann nou pale de chif ki nan bilan an. Nou reprann yo la pou moun ki prefere li pase gade yon videyo. Si n gen kesyon kontakte Selil Finans lan nan firstname.lastname@example.org.
Manm avèk senpatizan ANVA yo kontribye depi Dawout 2018 jiska jodia $21,022.19. Chif sa reprezante kòb moun bay ANVA dirèkteman e depans moun fè pou ANVA ki te dokimante. San ou nou pa t ap ka peye pou pankat ak bandwòl Kot Kòb PetroCaribe A? yo. An 2018 nou peye $5,918 pou yo e nou fin peye rès dèt la nan 2019 ki te $1,191.14. Se kontribisyon manm ak senpatizan ANVA yo ki te pèmèt nou fè sondaj sou tranzisyon an ki te koute nou $2,400. Don manm ANVA yo te ede nou ofri yon staj a etidyan nan inivesite (manje, transpò ak yon motivasyon pou estajè yo).
Pandan ane 2019 la ANVA jwenn 2 sibvansyon, youn nan men yon fondasyon ki rele American Jewish World Service (AJWS) pou Odit Kolektif la sou enpak sosyal jesyon lajan fon Petrocaribe a ($29,940). Nou gen pou nou pataje rezilta sou pwojè Ilavach yo nan komansman ane 2020 an. Lòt sibvansyon an se nan men US Cultural Affairs pou yon inisyativ sansibilizasyon sou koripsyon ak enpinite ($19,585).
Pandan ane 2019 la (Janvye a Desanm 2019) ANVA depanse $19,002.85. W ap wè depans pou Odit Kolektif la nan grafik la ansanm ak lòt depans nou sot site. W ap remake nou poko fè depans pou projè sansibilizasyon an malgre travay la komanse deja. Lòt depans yo se fonksyonman ANVA tankou sitwèb la ak lojisyèl Nation Builder ki ede nou kominike avèk manm ak senpatizan ANVA yo.
Mèsi pou angajman ou. Nou pa pran sa alalejè e nou konte sou ou pou lane pwochèn. N ap swete ou menm ak fanmi ou yon Bòn Ane 2020 !",hat,glotcc
144,"Mat 4:13. Jésus te antre nan yon kannòt pou travèse dlo a, e te vin rive nan pwòp vil Li a.
Mc 2:3-12. Epi konsa, yo te pote bay Li yon moun paralize ki kouche sou yon kabann. Lè Jésus te wè lafwa yo, Li te di a moun paralize a: “Pran kouraj fis Mwen, peche ou yo padone.”
Mc 3:28-29. Kèk nan skrib yo te reflechi nan kè yo: “Moun sa a ap blasfeme.”
Mat 12:25. Men Jésus te konnen panse yo e Li te di: “Poukisa nou ap reflechi mal nan kè nou? Kisa ki pi fasil pou di: (Mat 9:2,6) ‘Peche ou yo padone’, oubyen ‘leve mache’? Men pou nou kapab konprann ke Fis a lòm nan gen otorite sou latè pou padone peche”, Li te di a paralitik la: “Leve, pran kabann ou e ale lakay ou!”
Mat 5:16. Epi konsa, Li te leve ale lakay li. 8 Lè foul la te wè sa, yo te etonnen, e yo te bay glwa a Bondye ki te bay otorite konsa a lèzòm.
Mc 2:14-22. Lè Jésus te kite kote sa a, Li te wè yon nonm yo rele Matthieu ki te chita nan biwo kontribisyon an. Li te di l: “Swiv Mwen!” Epi li te leve e te swiv Li. Li vin rive pandan Li te sou tab nan kay la, ke anpil ouvriye travay Kontribisyon an, avèk anpil pechè t ap manje avèk Jésus ak disip Li yo. Mat 11:19. Lè Farizyen yo te wè sa, yo te di a disip Li yo: “Poukisa Mèt nou ap manje avèk moun kontribisyon ak pechè sa yo?”
Mc 2:17. Men, lè Jésus tande sa, Li te di: “Se pa sila ki ansante yo ki bezwen yon doktè, men sila ki malad yo. Os 6:6. Men ale konprann kisa sa vle di: ‘Mwen dezire mizerikòd, pa sakrifis’, paske mwen pa t vini pou rele jis yo, men pechè yo.”
Luc 18:12. Aprè sa, disip a Jean yo te vini mande L: “Poukisa nou menm avèk Farizyen yo fè jèn, men disip Ou yo pa fè l?”
Jésus di yo konsa: “Èske moun k ap fete avèk mesye maryaj la kapab tris pandan mesye a toujou la? Men jou yo ap vini lè mesye a p ap la ankò e nan tan sa a, yo va fè jèn. Men pèsòn pa pyese yon vye rad avèk yon twal nèf dekwa ke twal nèf la pa vin chire lè l ap ratresi pou chire rad la pi mal. Ni moun pa mete diven nèf nan po kwi ansyen, sinon po a ap fann, diven an va tonbe, e ansyen po a va gate. Men yo mete diven nèf nan po nèf pou tou de kapab konsève.”
Mc 5:22-43. Pandan Li t ap pale konsa avèk yo, yon ofisye sinagòg la te vin bese devan Li e te di L: “Fi mwen an apèn fin mouri, men si ou vin mete men ou sou li, l ap viv.” 
Jésus te leve e te swiv li ansanm avèk tout disip Li yo. 
Nonb 15:38; Mat 14:36. Konsa, yon fanm ki te soufri yon maladi pèt de san depi douz ane te parèt pa dèyè Li, e te touche rebò vètman Li; 21 paske li t ap di nan tèt li: “Si sèlman mwen kapab touche rebò vètman Li, m ap geri.”
Mat 9:29. Men Jésus te vire wè li e te di li: “Fi mwen, pran kouraj, fwa ou gen tan fè ou geri.” Lapoula, fanm nan te gen tan geri.
II Kwo 35:25; Jn 11:13. Konsa, lè Jésus te rive lakay ofisye a, Li te wè moun ki t ap jwe flit avèk yon foul ki t ap fè anpil bwi avèk dezòd. Li te di: “Fè yon ti deplase; fi a pa mouri, men se dòmi, l ap dòmi.”
Trav 9:40; Mc 9:27; Mat 4:24. Epi yo te kòmanse ri sou Li. Men lè foul la te soti deyò, Li te antre, pran men li, e fi a te vin leve. Nouvèl sa a te kouri toupatou nan peyi a.
Mat 1:1. Lè Jésus te rive pi lwen, de moun avèg t ap swiv Li. Konsa, yo t ap kriye: “Fè nou gras Fis a David la!” Lè L te fin antre nan kay la, yo te vin kote L. Li te mande yo: “Èske nou kwè ke Mwen kapab fè sa?”
Yo te reponn Li: “Wi, Senyè”.
Mat 8:13; Mat 8:4; Mat 4:24. Li te touche zye yo e te di: “Ke sa fèt selon lafwa nou.” Epi zye yo te vin louvri. Jésus te pale ak yo sevèman: “Gade byen, pa kite pèsòn konnen bagay sa a.” Men yo te ale deyò e te gaye nouvèl la toupatou nan peyi a.
Mat 12:22. E pandan yo t ap soti deyò, konsa, yo te pote bay Li, yon moun bèbè avèk yon move lespri. Lè Li fin jete move lespri a, bèbè a vin pale. Tout foul la te byen etone. Mc 2:12. Yo te di: “Nou pa janm wè anyen parèy a sa an Israël.”
Mat 12:24. Men Farizyen yo t ap di: “Li chase move lespri yo pa pouvwa a mèt move lespri yo.”
Mat 4:23. Jésus t ap prale toupatou nan tout vil ak tout bouk yo. Li t ap enstwi nan sinagòg yo pou pwoklame bòn nouvèl wayòm nan, e Li t ap geri tout kalite maladi ak pwoblèm fizik. Nonb 27:17. Epi lè Li wè tout foul moun yo, Li te gen konpasyon pou yo, paske yo te dezole e dekouraje tankou mouton ki san gadò. Luc 10:2. Konsa Li di a disip Li yo: “Rekòlt la anpil, men ouvriye yo manke. Pou sa, sipliye Senyè rekòlt la pou voye ouvriye nan rekòlt Li a.”",hat,glotcc
145,"Entwodiksyon Radiant P4 fleksib ekspozisyon dirije pou andedan kay la koube dirije miray videyo Avèk devlopman nan tan yo ak avansman nan syans ak teknoloji, devlopman nan endistri ekspozisyon an te fè eksperyans yon vwayaj long ak jòb ki difisil soti nan mond lan byen bonè imaj nwa ak blan nan gwo a. chanjman nan mond lan koulè.Avèk dekouvèt kontinyèl nan inovasyon nan teknoloji ekspozisyon, ekran ekspozisyon an te piti piti te “pliye”, ak ekspozisyon an fleksib yon lòt fwa ankò kraze teknoloji a...

P6 fleksib ekran dirije pou sant komèsyal; Round dirije ekran pou Egzibisyon
Karakteristik: 1. Pa gen kabinè, bon fleksibilite, san pwoblèm koub natirèl (konkav, konvèks, tòde), yo ka bese lib, yo ka modle nan nenpòt fòm, konsepsyon fleksib nan diferan fòm, satisfè bezwen itilizatè final pèsonalize pèsonalizasyon; 2. Modil la mens ak lejè mayetik ka bwa nan estrikti Customized ak adapte nan nenpòt konsepsyon konstriksyon.Li bezwen anpil espas pou fil ak aliye. Kab riban Customized fè pouvwa a ak done nan modil atravè bon jan kalite câbles ak konektè g...

P3 fleksib dirije ekran kolòn videyo miray pou estasyon televizyon konsepsyon achitekti
Entwodiksyon Radiant P3.0 fleksib ekspozisyon dirije pou miray andedan kay la silenn nan estidyo televizyon Ak devlopman nan tan yo ak avansman nan syans ak teknoloji, devlopman nan endistri ekspozisyon an te fè eksperyans yon vwayaj long ak difisil soti nan mond lan byen bonè imaj nwa ak blan. nan gwo chanjman nan mond lan koulè. Avèk dekouvèt kontinyèl nan inovasyon nan teknoloji ekspozisyon, ekran ekspozisyon an te piti piti te “pliye”, ak ekspozisyon an fleksib yon lòt fwa ankò kraze th...

P2.5 fleksib dirije ekran koube ekran dirije pou Egzibisyon dirije miray pou Mize
Entwodiksyon Radiant P2.5 fleksib ekspozisyon dirije pou andedan kay la koube dirije miray videyo Avèk devlopman nan tan yo ak avansman nan syans ak teknoloji, devlopman nan endistri a ekspozisyon te fè eksperyans yon vwayaj long ak jòb ki difisil soti nan mond lan byen bonè imaj nwa ak blan. gwo chanjman nan mond koulè a.Avèk dekouvèt kontinyèl nan inovasyon nan teknoloji ekspozisyon, ekran ekspozisyon an te piti piti te “pliye”, ak ekspozisyon an fleksib yon lòt fwa ankò kraze teknoloji a...

P2 fleksib ki ap dirije ekran nan konsepsyon vizyèl ekran koube nan miray videyo Egzibisyon nan sant komèsyal
Entwodiksyon Radiant P2.0 fleksib ekspozisyon dirije pou andedan kay la koube dirije miray videyo Avèk devlopman nan tan yo ak avansman nan syans ak teknoloji, devlopman nan endistri a ekspozisyon te fè eksperyans yon vwayaj long ak difisil soti nan mond lan byen bonè imaj nwa ak blan. gwo chanjman nan mond koulè a.Avèk dekouvèt kontinyèl nan inovasyon nan teknoloji ekspozisyon, ekran ekspozisyon an te piti piti te “pliye”, ak ekspozisyon an fleksib yon lòt fwa ankò kraze teknoloji a...

P1.8 fleksib ki ap dirije ekran nan konsepsyon vizyèl ekran koube
Entwodiksyon Radiant P1.8 fleksib ekspozisyon dirije pou andedan kay la koube dirije miray videyo Avèk devlopman nan tan yo ak avansman nan syans ak teknoloji, devlopman nan endistri a ekspozisyon te fè eksperyans yon vwayaj long ak jòb ki difisil soti nan mond lan byen bonè imaj nwa ak blan. gwo chanjman nan mond koulè a.Avèk dekouvèt kontinyèl nan inovasyon nan teknoloji ekspozisyon, ekran ekspozisyon an te piti piti te “pliye”, ak ekspozisyon an fleksib yon lòt fwa ankò kraze teknoloji a...

P1.5 Flexible dirije ekran koube videyo miray Egzibisyon koube ekran
Entwodiksyon Radiant P1.5 ekspozisyon fleksib dirije te fè yon miray enteryè koube dijital Avèk devlopman tan yo ak avansman syans ak teknoloji, devlopman endistri ekspozisyon an te fè eksperyans yon vwayaj long ak difisil soti nan mond lan byen bonè imaj nwa ak blan. gwo chanjman nan mond koulè a.Avèk dekouvèt kontinyèl nan inovasyon nan teknoloji ekspozisyon, ekran ekspozisyon an te piti piti te “pliye”, ak dispozisyon fleksib...
[...]",hat,glotcc
146,"* Remak: Inite koule a se estanda mèt kib/èdtan. Koule gaz natirèl la se dansite relatif 0.6 nan kondisyon estanda
DESIGN:
● Dyafram ak prentan chaje estrikti dirèk aji pou plis presizyon ak pèfòmans ki estab.
● Ekipe ak resettable sou ak anba presyon fèmen valv, fasil yo opere.
● Avèk segondè presizyon 5um filtre asye pur, fasil netwaye ak ranplase.
● Senp estrikti, senp pou opere ak senp pou repare sou entènèt.
● Customized sou estrikti, pespektiv ak nivo presyon ki baze sou sekirite ak bon pèfòmans.
GRAPHIK FLOW:
Regilatè LTD50 Seri a se regilatè presyon dirèk opere, ki itilize pou sistèm presyon segondè ak mwayen.Li ekipe ak aparèy OPSO/UPSO.
Etap enstalasyon yo
Etap 1: Premye konekte sous presyon nan inlet la, epi konekte liy presyon regilasyon an nan priz la. Si pò a pa make, tanpri kontakte manifakti a pou evite koneksyon kòrèk. Nan kèk desen, si presyon rezèv la mal apwovizyone nan pò priz la, konpozan entèn yo ka domaje.
Etap 2: Anvan ou vire sou presyon ekipman pou lè regilatè a, fèmen bouton kontwòl ajisteman an pou limite koule nan regilatè a. Vire presyon rezèv la piti piti pou anpeche sibit koule nan likid presyon soti nan “vibre” regilatè a. Remak: Evite vise vis ajisteman an nèt nan regilatè a, paske nan kèk konsepsyon regilatè, presyon lè ekipman pou plen yo pral lage nan priz la.
Etap 3: Mete regilatè presyon an sou presyon priz la vle. Si regilatè a nan yon eta ki pa dekonpresyon, li pi fasil pou ajiste presyon priz la lè likid la ap koule olye pou yo yon “tach mouri” (pa gen koule). Si presyon priz mezire depase presyon priz ki nesesè yo, egzeyate likid la soti nan bò en nan regilatè a epi redwi presyon priz la lè w vire bouton ajisteman an. Pa dechaje likid pa detachman konektè a, otreman li ka lakòz blesi. Pou regilatè presyon-diminye, lè bouton an vire pou pi ba anviwònman pwodiksyon an, presyon an depase pral otomatikman egzeyate nan atmosfè a soti nan en a nan regilatè a. Pou rezon sa a, pa sèvi ak regilatè ki diminye presyon pou likid ki ka pran dife oswa ki gen danje ladan. Asire w ke depase likid yo dechaje san danje an akò ak tout règleman lokal, leta ak federal.
Etap 4: Pou jwenn presyon an priz vle, fè ajisteman final la pa tou dousman ogmante presyon an soti nan yon pozisyon ki anba a pwen an fikse vle. Anviwònman presyon ki pi ba pase anviwònman ki nesesè yo pi bon pase anviwònman ki pi wo pase anviwònman ki nesesè yo. Si pwen an fikse depase lè w ap fikse regilatè presyon an, redwi presyon an nan yon pwen ki anba a. Lè sa a, ankò piti piti ogmante presyon an nan pwen an mete vle.
Etap 5: Fè sik presyon ekipman pou sou yo ak sou plizyè fwa pandan y ap kontwole presyon an priz konfime ke regilatè a toujou retounen nan pwen an fikse. Anplis de sa, presyon an priz yo ta dwe tou monte bisiklèt sou yo ak sou asire ke regilatè a presyon retounen nan pwen an mete vle. Si presyon priz la pa retounen nan anviwònman an vle, repete sekans anviwònman presyon an.
Poukisa chwazi Pinxin
Sèvis Customized
Pinxin gen kapasite pou satisfè tout kondisyon ou yo pou divès kalite presyon lè inlet, presyon lè priz ak pousantaj maksimòm koule nan yon fason apwopriye sou regilatè presyon gaz la. Sa fè nou pi konpetitif pase tokay nou yo nan mache a ki fè sèlman pwodwi estanda.
Sètifika nou an
Pinxin gen yon sètifika ki soti nan Komite teknik normalisation gaz nan Ministè Lojman ak Devlopman Iben-riral pou patisipe nan preparasyon estanda regilatè gaz iben nasyonal GB 27790-2020.
Previous: Lachin Nerjaveèi asye dirèk aji regilatè presyon gaz natirèl ak UPSO OPSO
Pwochen: Lachin pilòt-opere regilatè presyon gaz natirèl ak UPSO OPSO
Pwodwi ki gen rapò
Kalite ak onètete se siyifikasyon angle a nan non nou ak sa n ap toujou swiv.Nou pral kolabore ak patnè domestik ak entènasyonal nou yo sou devlopman ak rechèch endistri enèji vèt la.
[...]",hat,glotcc
147,"Diksyonè Kreyòl Vilsen (Haitian Creole Monolingual Dictionary 3e edition) is the first monolingual Haitian Creole Dictionary, now, in its third edition.
It provides definition of words, phrases, and expressions, parts of speech, synonyms, antonyms, derived from Haitian Creole language research and analysis, along with a unique set of examples of real usage, as well as spelling guides to writing in everyday situations.
Diksyonè Kreyòl Vilsen se premye diksyonè monoleng ki pibliye nan lang Kreyòl. Jodi a, li rive nan twazyèm edisyon. Nan men elèv yo li se yon zouti pou devlope vokabilè, aprann (osinon klarifye) konsèp ki enpòtan nan devlopman akademik yo, ni nan lekòl, ni lakay.
Liv la gen yon definisyon nan diferan domèn akademik pou elèv nan tout nivo K12. Gen definisyon ki nan “corpus” regilye pou kominike toulejou epitou, anplis gen definisyon nan diferan domèn, tankou syans, matematik, etid sosyal, literati... elatriye.
Diksyonè Kreyòl Vilsen ede elèv yo aprann plis, konprann plis epitou devlope ladrès pou prepare ekzamen. Tout saldeklas te dwe genyen kèk liv referans pou elèv yo konsilte lè yo ap fè travay endepandan. Diksyonè sa a te dwe youn nan liv ki disponib nan klas ni primè, ni segondè.",hat,glotcc
148,"2024 Konsèvasyon Atizay Konsèvasyon Atizay Pwogram ak Ranbousman Pousantaj ak frè Sèvis piblik FAQ yo.
[...]
Sèvis piblik Polk konte ofri kliyan plizyè fason pratik yo peye bòdwo sèvis piblik yo / bòdwo dlo.
Aksè Kliyan Portal
Otomatik Bank Draft Opsyon (Pa gen frè konvenyans)
Gen de fason pou konfigoure sèvis bank otomatik yo:
Aplikasyon sou papye
Pou kòmanse sèvis atizana bank otomatik yo tanpri ranpli epi siyen Fòm Aplikasyon Pou Aplikasyon pou Aplikasyon Otomatik
Retounen aplikasyon an ak yon chèk evite, kont labank Ameriken sèlman.
Ou ka retounen aplikasyon an atravè faks [...] oswa nan enfòmasyon adrès ki nan lis sou aplikasyon bank otomatik la.
Sou entènèt nan pòtay la kliyan
Gade opsyon peman sou entènèt anba a pou plis detay oswa vizite Portal la kliyan.
Remak: Si ou pa te anrejistre pou pòtal la kliyan, oswa si ou jwenn aksè nan pòtal la kliyan anvan 27 out 2023, ou pral gen enskri pou pòtal la kliyan ranpli bouyon an bank otomatik.
Si ou chwazi mete kanpe yon bank otomatik sou entènèt oswa atravè yon aplikasyon sou papye, tanpri pèmèt jiska 30 jou pou pwosesis. Tanpri sonje ke pandan ke bank ou a mande soumèt yo te trete ak enstitisyon bankè ou, ou ka bezwen fè aranjman pou peye fakti ou a ak opsyon peman altènatif.
Opsyon pèman sou entènèt
Portal sèvis piblik Polk Konte a bay yon fason rapid ak fasil yo peye bòdwo ou sou entènèt.
Otomatik Bank Draft (Pa gen frè)
Konekte labank ou (tcheke) kont sèvis piblik ou ak otomatikman peye bòdwo ou chak mwa. Ou ka mete kanpe yon bouyon labank otomatik (ACH) nan <lien> oswa wè Otomatik Bank Draft Opsyon pou aplikasyon an.
Konfigouman inisyal te kapab pran jiska 30 jou. Sa a se pa yon opsyon imedya oswa yon sèl-fwa peye.
Renouvle Peman ak kat kredi (Frè Konvenyans Aplike)
Lyen yon kat kredi pi gwo nan kont sèvis piblik ou ak otomatikman peye bòdwo ou chak mwa nan orè a Portal kliyan nan <lien>.
Yo akize yon frè konvenyans $2.75 pou chak tranzaksyon $ 500. Tout frè konvenyans yo peye nan pwosesis la twazyèm-pati. Si peman renouvlab ou an pi plis pase $500, li pap trete. Sèvis kliyan nan <tel> si peman otomatik ou a pi plis pase $500.
Opsyon peman Yon sèl-fwa (Frè Konvenyans Aplike)
Opsyon peman yon sèl-fwa pèmèt ou ouvri sesyon an nan pòtal la chak mwa yo peye bòdwo ou. Oswa, vizite pòtal la epi klike sou bouton “Rapid Peye” san yo pa kreye yon kont.
Kliyan ka soumèt yon peman yon sèl-fwa lè l sèvi avèk metòd sa yo:
Kat Debi / Kredi - Visa, Mastercard, Ameriken Express ak Dekouvri (Otopay opsyon ki disponib)
[...]
Yo akize yon frè konvenyans $2.75 pou chak tranzaksyon $ 500. Tout frè konvenyans yo peye nan pwosesis la twazyèm-pati. Kantite maksimòm pou chak tranzaksyon se $ 500.
Peman ki te fèt apre 11:59 p.m. ap afiche nan kont ou nan jou kap vini an. Peman yo te fè apre 11:59 p.m. sou dat fakti a pral konsidere an reta. Sa a ta ka lakòz nan yon evalyasyon frè an reta nan $ 6 oswa 5%, kèlkeswa sa ki pi gwo.
Aksè Kliyan Portal
Pa Telefòn
Pou peye bòdwo sèvis piblik ou atravè sistèm otomatik, rele <tel> oswa gratis nan 1 (800) 301-6039. Frè konvenyans aplike. Peman ki te fèt apre 11:59 p.m. ap afiche nan kont ou nan jou kap vini an. Peman yo te fè apre 11:59 p.m. sou dat fakti a pral konsidere an reta. Sa a ta ka lakòz nan yon evalyasyon frè an reta nan $ 6 oswa 5%, kèlkeswa sa ki pi gwo.
Pa lapòs
Pèmèt tan ase pou livrezon lapòs ak pwosesis. Pou asire ke kont ou se byen kredite, fèmen pòsyon anba a nan bòdwo ou epi enkli nimewo kont ou sou chèk ou oswa lòd lajan.
Lapòs nan: Polk Konte Sèvis piblik
<adresse>
Gwoup la ak kondwi-ritm yo louvri Lendi - Vandredi, 8 a.m. a 4:30 p.m. Peman ki te fèt apre 4:30 p.m. ap afiche nan kont ou jou sa a.
Bwat pou gout
Mete chèk oswa lòd lajan (pa gen lajan kach) ak pòsyon anba bòdwo ou nan yon anvlòp. Depo nan yon bwat koleksyon nan youn nan kote sa yo: <adresse>.
Bwat gout yo tcheke yon fwa pa jou. Peman pa metòd sa a pral afiche pa pwochen jou ouvrab la.
Amskot
Yo aksepte peman lajan kach yo nan nenpòt kote santral Florida Amscot. Pou asire kont ou kredite byen, pote fakti ou avèk ou. Frè konvenyans yo aplike pa Amscot.",hat,glotcc
